,index_data,product_name,product_price,currency,voucher,shop_name,url_origin,url_image,id_page
0,22203,Mastic polyuréthane mono-composant PU 39 gris pour joints étanches cartouche 300 ml BOSTIK 30600301,4.74,EUR,false,Debonix.fr,/go/3264878919402127886.html?price=4.74&sid=277777&type=oc_offer,0,/type/3549212463816.html
1,22203,Mastic polyuréthane mono-composant PU 39 gris pour joints étanches cartouche 300 ml BOSTIK 30600301,4.74,EUR,false,ManoMano.fr,/go/3183637854798491246.html?price=4.74&sid=291209&type=oc_offer,0,/type/3549212463816.html
2,22203,BOSTIK 30600301 Imperméabilisants & étanchéïté,4.74,EUR,false,OUTILMANIA,/go/3264893855186552057.html?price=4.74&sid=24573&type=oc_offer,0,/type/3549212463816.html
3,22203,BOSTIK PRO Mastic bâtiment PU 39 - gris - 310 mL,14.39,EUR,false,Home-boulevard.com,/go/968320706.html?price=14.39&sid=280884&type=oc_offer,0,/type/3549212463816.html
4,26266,Cartouche Tigreseal Blanc 310 Ml Upol Tig/Bw,12.18,EUR,false,Rakuten.com FR,/go/6248965331.html?price=12.18&sid=26246&type=oc_offer,0,/type/5010796102401.html
5,26266,Cartouche Tigreseal Blanc 310 Ml Upol Tig/Bw,16.4,EUR,false,Rakuten.com FR (Occasion),/go/3202015414580160484.html?price=16.40&sid=277809&type=oc_offer,0,/type/5010796102401.html
