,index_data,product_name,product_price,currency,voucher,shop_name,url_origin,url_image,id_page
0,0,"SikaCeram Xtra, Colle à carrelage intérieur et extérieur pour carreaux 60x60 max (C2-ET), 25kg, Blanc",31.4,EUR,false,espace-bricolage,/go/3265820677046798225.html?price=31.40&sid=24573&type=oc_offer,0,/type/7612895071961.html
1,0,"SikaCeram Xtra, Colle à carrelage intérieur et extérieur pour carreaux 60x60 max (C2-ET), 25kg, Blanc",36.77,EUR,false,Amazon.fr,/go/3228454871128606455.html?price=36.77&sid=12003&type=oc_offer,0,/type/7612895071961.html
2,0,Colle à carrelage tous carreaux intérieur et extérieur (C2-ET) - SIKA SikaCeram Xtra - Blanc - 25kg,44.71,EUR,false,ManoMano.fr,/go/3266130434920022738.html?price=44.71&sid=291209&type=oc_offer,0,/type/7612895071961.html
3,7,"Sika Multiseal, Bande d'étanchéité autocollante résistante à la déchirure, 300mm x 10m, Terre cuite",48.37,EUR,false,Amazon.fr,/go/7339842315.html?price=48.37&sid=12003&type=oc_offer,0,/type/7612894021974.html
4,7,"Sika Multiseal, Bande d'étanchéité autocollante résistante à la déchirure, 300mm x 10m, Terre cuite",51.54,EUR,false,espace-bricolage,/go/3224313463685779534.html?price=51.54&sid=24573&type=oc_offer,0,/type/7612894021974.html
5,7,SIKA - Bande d'étanchéité autocollante a froid -Terre Cuite - 10 m x 300 mm,53.08,EUR,false,Rakuten.com FR,/go/3163192343293604535.html?price=53.08&sid=26246&type=oc_offer,0,/type/7612894021974.html
6,7,"Pistolet à colle, colle Sika Sika - bande d'étanchéité autocollante a froid -terre cuite - 10 m x 300 mm",55.87,EUR,false,Darty.com (Marketplace),/go/3208673872247264246.html?price=55.87&sid=316364&type=oc_offer,0,/type/7612894021974.html
7,7,Bande d'étanchéité bitumineuse SIKA SikaMultiSeal - Terre Cuite - 300mm x 10m,57.06,EUR,false,ManoMano.fr,/go/3188711043664720057.html?price=57.06&sid=291209&type=oc_offer,0,/type/7612894021974.html
8,7,Bande d'étanchéité bitumineuse SIKA SikaMultiSeal - Terre Cuite - 300mm x 10m,59.26,EUR,false,Ubaldi.com (Marketplace),/go/3222693904398690431.html?price=59.26&sid=316737&type=oc_offer,0,/type/7612894021974.html
9,7,Sika Bande d'étanchéité autocollante a froid -terre Cuite - 10 m x 300 mm,65.49,EUR,false,Rueducommerce.fr (Marketplace),/go/3251936996649601013.html?price=65.49&sid=25482&type=oc_offer,0,/type/7612894021974.html
10,7,Sika Bande d'étanchéité autocollante a froid -terre Cuite - 10 m x 300 mm,68.7,EUR,false,Rueducommerce.fr (Marketplace),/go/3251937025105854709.html?price=68.70&sid=25482&type=oc_offer,0,/type/7612894021974.html
11,7,Sika Bande d'étanchéité autocollante a froid -terre Cuite - 10 m x 300 mm,74.11,EUR,false,Rueducommerce.fr (Marketplace),/go/3251936988690908113.html?price=74.11&sid=25482&type=oc_offer,0,/type/7612894021974.html
12,7,Sika Bande d'étanchéité autocollante a froid -terre Cuite - 10 m x 300 mm,76.7,EUR,false,Rueducommerce.fr (Marketplace),/go/3253253319361036577.html?price=76.70&sid=25482&type=oc_offer,0,/type/7612894021974.html
13,8,Black and Decker 34345 Arroseur Impulse,20.6,EUR,false,Amazon.fr,/go/3230515221934113983.html?price=20.60&sid=12003&type=oc_offer,0,/type/8718502343458.html
14,8,Black and Decker 34345 Arroseur Impulse,20.65,EUR,false,,/go/3258324286330373376.html?price=20.65&sid=24573&type=oc_offer,0,/type/8718502343458.html
15,16,"
document.getElementById(""result-0-offerinfo"").title = document.getElementById(""result-0-offerinfo"").innerHTML = idealoApp.getContents('ptv pu$`( p==6C8J !=FD u:=EC6 =2G23=6 A@FC ptv 6E !9:=:AD D\\328 r@\>A2E:3=6 \&=EC2~?6 6E \&=UD9JjEC2UD9Jj$:UD9Jj=6?46');
",16.01,EUR,false,Weip,/go/3264940797289563404.html?categoryId=10172&offerKey=a74b35d6b0b71db23b79ae61298b27e7&offerListId=5012264-8802AB0DDBB26A6C6F22E4E9EB81D0A6&pos=1&price=16.01&productid=5012264&sid=24573&type=offer,0,/prix/5012264/aeg-afs1w.html
16,16,"
document.getElementById(""result-1-offerinfo"").title = document.getElementById(""result-1-offerinfo"").innerHTML = idealoApp.getContents('ptv pu$`( p==6C8J !=FD u:=EC6 =2G23=6 A@FC ptv 6E !9:=:AD D\\328 r@\>A2E:3=6 \&=EC2~?6 6E \&=UD9JjEC2UD9Jj$:UD9Jj=6?46');
",27.02,EUR,false,Amazon.fr,/go/7314826163.html?categoryId=10172&offerKey=867cec6e4b1ab387b447013f4a834a04&offerListId=5012264-8802AB0DDBB26A6C6F22E4E9EB81D0A6&pos=2&price=27.02&productid=5012264&sid=12003&type=offer,0,/prix/5012264/aeg-afs1w.html
17,16,Accessoire aspirateur / cireuse Aeg Afs1w - filtre lavable pour aspirateur allergie plus,27.25,EUR,false,Darty.com (Marketplace),/go/3208673799669035659.html?categoryId=10172&offerKey=e16ac942be5372de107e3377ed7711a4&offerListId=5012264-8802AB0DDBB26A6C6F22E4E9EB81D0A6&pos=3&price=27.25&productid=5012264&sid=316364&type=offer,0,/prix/5012264/aeg-afs1w.html
18,16,Aeg afs1w allergy plus filtre lavable pour aeg et philips s-bag compatible ultraone et ul­tra­si­lence,27.26,EUR,false,Fnac.com (Marketplace),/go/3252363047227884217.html?categoryId=10172&offerKey=31da0a2c955de2b55105f0cc7e43eef6&offerListId=5012264-8802AB0DDBB26A6C6F22E4E9EB81D0A6&pos=4&price=27.26&productid=5012264&sid=307622&type=offer,0,/prix/5012264/aeg-afs1w.html
19,16,AEG AFS1W Allergy Plus Filtre lavable pour AEG et Philips s-bag Compatible UltraOne et Ul­tra­Si­lence,27.55,EUR,false,Rakuten.com FR,/go/8869266892.html?categoryId=10172&offerKey=0d81d11794b975aa08ae4124245363e5&offerListId=5012264-8802AB0DDBB26A6C6F22E4E9EB81D0A6&pos=5&price=27.55&productid=5012264&sid=26246&type=offer,0,/prix/5012264/aeg-afs1w.html
20,16,"AEG AFS1W Filtre, 900167769/ 0",31.98,EUR,false,fr.mioga.de,/go/9317799177.html?categoryId=10172&offerKey=c62be3b1b251297ded51d6cb521112ad&offerListId=5012264-8802AB0DDBB26A6C6F22E4E9EB81D0A6&pos=6&price=31.98&productid=5012264&sid=310351&type=offer,0,/prix/5012264/aeg-afs1w.html
21,21,"Sikaflex 11 FC+, Mastic-colle multi-usages et multi-supports, 300ml, Gris béton",7.5,EUR,false,Amazon.fr,/go/7328002790.html?price=7.50&sid=12003&type=oc_offer,0,/type/3240240003127.html
22,21,SIKA Mastic-colle Multi-usages - Gris Béton - 380 g,7.82,EUR,false,Rakuten.com FR,/go/3163592691971787403.html?price=7.82&sid=26246&type=oc_offer,0,/type/3240240003127.html
23,21,"Sikaflex 11 FC+, Mastic-colle multi-usages et multi-supports, 300ml, Gris béton",9.78,EUR,false,espace-bricolage,/go/3240393880134223599.html?price=9.78&sid=24573&type=oc_offer,0,/type/3240240003127.html
24,21,Mastic colle polyuréthane SIKA Sikaflex 11 FC Plus - Gris - 380g,10.22,EUR,false,ManoMano.fr,/go/3189258389771258238.html?price=10.22&sid=291209&type=oc_offer,0,/type/3240240003127.html
25,21,"Pistolet à colle, colle Sika Sika mastic-colle multi-usages - gris béton - 380 g",12.38,EUR,false,Darty.com (Marketplace),/go/3208673872326959108.html?price=12.38&sid=316364&type=oc_offer,0,/type/3240240003127.html
26,21,Sika Sikaflex 11 Fc professionnel gris,21.64,EUR,false,Rueducommerce.fr (Marketplace),/go/3265032586296033801.html?price=21.64&sid=25482&type=oc_offer,0,/type/3240240003127.html
27,22,Black and Decker 34626 Raccord de Serrage Triple,13.62,EUR,false,Amazon.fr,/go/7352155890.html?price=13.62&sid=12003&type=oc_offer,0,/type/8718502346268.html
28,22,BLACK AND DECKER 34626 RACCORD DE SERRAGE TRIPLE,18.2,EUR,false,ManoMano.fr,/go/3267642645886796915.html?price=18.20&sid=291209&type=oc_offer,0,/type/8718502346268.html
29,24,"Brise-vue en brande de bruyère en rouleau 1,5 x 3 mètres",29.99,EUR,false,ManoMano.fr,/go/6438883424.html?price=29.99&sid=291209&type=oc_offer,0,/type/9003117065291.html
30,24,"Windhager 06696 Brise Vue en Brande de Bruyère Marron 1,5 x 3 m",32.99,EUR,false,Provence Outillage,/go/3237525678400209741.html?price=32.99&sid=24573&type=oc_offer,0,/type/9003117065291.html
31,24,Accessoires de jardin Windhager Brande de bruyère Eco 1cm occultation 60% - 1.5m,34.49,EUR,false,Darty.com (Marketplace),/go/3258425227633231025.html?price=34.49&sid=316364&type=oc_offer,0,/type/9003117065291.html
32,24,"Windhager 06696 Brise Vue En Brande De Bruyère Marron 1,5 X 3 M",40.99,EUR,false,Fnac.com (Marketplace),/go/3252355718048647328.html?price=40.99&sid=307622&type=oc_offer,0,/type/9003117065291.html
33,25,"
document.getElementById(""result-0-offerinfo"").title = document.getElementById(""result-0-offerinfo"").innerHTML = idealoApp.getContents('ptv !@H6CE@@=D |2CE62F !6CUD9Jj7@UD9JjC2UD9JjE6FC qqw `g W!#~ {:\\x@?X');
",720.0,EUR,false,,/go/3237546446471301134.html?categoryId=15397&offerKey=cac9f9c21734f9f0e9b7bca6aea09b0d&offerListId=3154013-6E73820BAC9B61BE811E52356D5DA134&pos=1&price=720.00&productid=3154013&sid=24573&type=offer,0,/prix/3154013/aeg-bbh-18-2-x-3-0ah-pro-li.html
34,26,"
document.getElementById(""result-0-offerinfo"").title = document.getElementById(""result-0-offerinfo"").innerHTML = idealoApp.getContents('#J@UD9Jj3:\\#)UD9Jj!#_` !@UD9Jj52UD9Jj5@UD9JjC2\\492U:4:C4j?6 adc \>\>\\=2C8] `d_ 4\> sxpUD9Jj|t%#t\\r@FA6 a_ 4\>');
",74.99,EUR,false,Amazon.fr,/go/7358072934.html?categoryId=19144&offerKey=b48da0508f8af53a47a797e4d104cd78&offerListId=5782657-91371B83BD4C2402FCC3C27F5785DFF8&pos=1&price=74.99&productid=5782657&sid=12003&type=offer,0,/prix/5782657/ryobi-rxpr01-expand-it.html
35,26,Elagueur à chaine RYOBI expand-it RXPR01,84.62,EUR,false,Rakuten.com FR,/go/9816692068.html?categoryId=19144&offerKey=ac13bf9dfbe0ece5a1d961ac8cb80507&offerListId=5782657-91371B83BD4C2402FCC3C27F5785DFF8&pos=2&price=84.62&productid=5782657&sid=26246&type=offer,0,/prix/5782657/ryobi-rxpr01-expand-it.html
36,26,"As­pi­ra­teur, souffleur de jardin Ryobi Elagueur à chaine ryobi expand-it rxpr01",84.98,EUR,false,Darty.com (Marketplace),/go/3238317149202155639.html?categoryId=19144&offerKey=390a3803d7957385d2b4cb9e893c1930&offerListId=5782657-91371B83BD4C2402FCC3C27F5785DFF8&pos=3&price=84.98&productid=5782657&sid=316364&type=offer,0,/prix/5782657/ryobi-rxpr01-expand-it.html
37,26,RYOBI Elagueur Expend-IT - 25 cm incliné à 15°,89.99,EUR,false,Cdiscount.com,/go/3265811800637049774.html?categoryId=19144&offerKey=d18af0452f81aeeba0eb8d8ae68c0467&offerListId=5782657-91371B83BD4C2402FCC3C27F5785DFF8&pos=4&price=89.99&productid=5782657&sid=29061&type=offer,0,/prix/5782657/ryobi-rxpr01-expand-it.html
38,26,"
document.getElementById(""result-4-offerinfo"").title = document.getElementById(""result-4-offerinfo"").innerHTML = idealoApp.getContents('#J@UD9Jj3:\\#)UD9Jj!#_` !@UD9Jj52UD9Jj5@UD9JjC2\\492U:4:C4j?6 adc \>\>\\=2C8] `d_ 4\> sxpUD9Jj|t%#t\\r@FA6 a_ 4\>');
",93.13,EUR,false,espace-bricolage,/go/9896158182.html?categoryId=19144&offerKey=5909cc0e9d83b374dcbda528c6889be7&offerListId=5782657-91371B83BD4C2402FCC3C27F5785DFF8&pos=5&price=93.13&productid=5782657&sid=24573&type=offer,0,/prix/5782657/ryobi-rxpr01-expand-it.html
39,26,Ryobi Elagueur à chaîne Expand-it - RXPR01,101.82,EUR,false,ManoMano.fr,/go/3221529540555710028.html?categoryId=19144&offerKey=ce49f95709938c06377529d17e9aa1b7&offerListId=5782657-91371B83BD4C2402FCC3C27F5785DFF8&pos=6&price=101.82&productid=5782657&sid=291209&type=offer,0,/prix/5782657/ryobi-rxpr01-expand-it.html
40,26,Ryobi Elagueur à chaîne Expand-it - RXPR01,101.82,EUR,false,Mytoolstore.fr,/go/3229324294632768216.html?categoryId=19144&offerKey=a33ae86f7b6a9b1a5335b19e5f078dd5&offerListId=5782657-91371B83BD4C2402FCC3C27F5785DFF8&pos=7&price=101.82&productid=5782657&sid=29224&type=offer,0,/prix/5782657/ryobi-rxpr01-expand-it.html
41,26,Elagueur à chaine RYOBI expand-it RXPR01,103.59,EUR,false,ManoMano.fr,/go/9981650118.html?categoryId=19144&offerKey=17a212f1c8193feb65f2d529d6709143&offerListId=5782657-91371B83BD4C2402FCC3C27F5785DFF8&pos=8&price=103.59&productid=5782657&sid=291209&type=offer,0,/prix/5782657/ryobi-rxpr01-expand-it.html
42,26,"
document.getElementById(""result-8-offerinfo"").title = document.getElementById(""result-8-offerinfo"").innerHTML = idealoApp.getContents('#J@3: t=28F6FC U28C2G6j 492U:4:C4j?6 tIA2?5\\:E \\ #)!#_`');
",110.2,EUR,false,mytoolstore_fr,/go/3243764182606152542.html?categoryId=19144&offerKey=be8faf78416b5876100ebc3dc5dc1982&offerListId=5782657-91371B83BD4C2402FCC3C27F5785DFF8&pos=9&price=110.20&productid=5782657&sid=24572&type=offer,0,/prix/5782657/ryobi-rxpr01-expand-it.html
43,26,Po­da­do­ra-chaîne Ryobi RXPR01,111.0,EUR,false,Rotopino.fr,/go/9966470751.html?categoryId=19144&offerKey=4461b363048a5e3d9614c0eaf617ca8e&offerListId=5782657-91371B83BD4C2402FCC3C27F5785DFF8&pos=10&price=111.00&productid=5782657&sid=287166&type=offer,0,/prix/5782657/ryobi-rxpr01-expand-it.html
44,26,Pack RYOBI dé­brous­sailleuse électrique 1200W RBC1226l - élagueur à chaine expand-it RXPR01,233.97,EUR,false,ManoMano.fr,/go/3256156784598974497.html?categoryId=19144&offerKey=e03083d74c322cee5feab07b03a55f0e&offerListId=5782657-91371B83BD4C2402FCC3C27F5785DFF8&pos=11&price=233.97&productid=5782657&sid=291209&type=offer,0,/prix/5782657/ryobi-rxpr01-expand-it.html
45,28,Mortier pour joint de carrelage intérieur et extérieur prêt à gâcher - SIKA SikaCeram Joint Fin - Cendre - 2kg,15.0,EUR,false,ManoMano.fr,/go/3266130437759567567.html?price=15.00&sid=291209&type=oc_offer,0,/type/7612895072883.html
46,28,"SikaCeram Joint Fin, Mortier pour joint de carrelage prêt à gà¢cher intérieur / extérieur, 2kg, Cendre",15.0,EUR,false,espace-bricolage,/go/3267104952006216691.html?price=15.00&sid=24573&type=oc_offer,0,/type/7612895072883.html
47,28,Mortier pour joint de carrelage intérieur et extérieur prêt à gâcher - SIKA SikaCeram Joint Fin - Cendre - 2kg,15.0,EUR,false,Ubaldi.com (Marketplace),/go/3265905446069732252.html?price=15.00&sid=316737&type=oc_offer,0,/type/7612895072883.html
48,44,"
document.getElementById(""result-0-offerinfo"").title = document.getElementById(""result-0-offerinfo"").innerHTML = idealoApp.getContents('#J@3: #r$be)bdd_wx %C@?UD9JjU4465:=j@?UD9Jj?6FD6 U624FE6j=64EC:BF6 D2?D u:= vF:56 bd 4\>');
",366.61,EUR,false,Indoostrial,/go/3263760539135771197.html?categoryId=19144&offerKey=f0faaed1fc379f90af8cf7bf3fb00989&offerListId=4553834-2FE8B8D69C795DB487FC5D102DA5966D&pos=1&price=366.61&productid=4553834&sid=24573&type=offer,0,/prix/4553834/ryobi-rcs36x3550hi.html
49,44,Ryobi RCS36X3550HI 36 V Tron­çon­neuse Li­thium-Ion 36 V 5 Ah,368.9,EUR,false,ManoMano.fr,/go/8803570151.html?categoryId=19144&offerKey=c48a23b328bf13c173ad9aaee415e1d7&offerListId=4553834-2FE8B8D69C795DB487FC5D102DA5966D&pos=2&price=368.90&productid=4553834&sid=291209&type=offer,0,/prix/4553834/ryobi-rcs36x3550hi.html
50,44,Ryobi RCS36X3550HI 36 V Tron­çon­neuse Li­thium-Ion 36 V 5 Ah,368.9,EUR,false,Mytoolstore.fr,/go/3229335007040374596.html?categoryId=19144&offerKey=3cea9c0fc9c9de1306921b9ea5651eff&offerListId=4553834-2FE8B8D69C795DB487FC5D102DA5966D&pos=3&price=368.90&productid=4553834&sid=29224&type=offer,0,/prix/4553834/ryobi-rcs36x3550hi.html
51,44,Ryobi RCS36X3550HI Tron­çon­neuse électrique sans fil Guide 35 cm,368.9,EUR,false,Rakuten.com FR,/go/4177038829.html?categoryId=19144&offerKey=e5cbf86dcc3bc258161b2f3a813e3188&offerListId=4553834-2FE8B8D69C795DB487FC5D102DA5966D&pos=4&price=368.90&productid=4553834&sid=26246&type=offer,0,/prix/4553834/ryobi-rcs36x3550hi.html
52,44,Pack RYOBI tron­çon­neuse 36V Li­thium­Plus - 1 batterie 5.0Ah - 1 chargeur moteur sans charbons RCS36X3550HI - Chaîne 35cm pour tron­çon­neuses RAC242,378.86,EUR,false,ManoMano.fr,/go/3253064273546447079.html?categoryId=19144&offerKey=1d28f5d4f7539ac6bd84e942a2988ed8&offerListId=4553834-2FE8B8D69C795DB487FC5D102DA5966D&pos=5&price=378.86&productid=4553834&sid=291209&type=offer,0,/prix/4553834/ryobi-rcs36x3550hi.html
53,44,Tron­çon­neuse Ryobi RCS36X3550HI,379.0,EUR,false,Rotopino.fr,/go/5577031179.html?categoryId=19144&offerKey=6ccead6e4f9e7dca53bd6fd8df0a585e&offerListId=4553834-2FE8B8D69C795DB487FC5D102DA5966D&pos=6&price=379.00&productid=4553834&sid=287166&type=offer,0,/prix/4553834/ryobi-rcs36x3550hi.html
54,44,RYOBI Tron­çon­neuse 35 cm - 36V - 1x5Ah Max Power™,379.8,EUR,false,Cdiscount.com,/go/3190298956271717433.html?categoryId=19144&offerKey=e8e4e9272933982b574c24d836ce9280&offerListId=4553834-2FE8B8D69C795DB487FC5D102DA5966D&pos=7&price=379.80&productid=4553834&sid=29061&type=offer,0,/prix/4553834/ryobi-rcs36x3550hi.html
55,44,Tron­çon­neuse RYOBI 36V Li­thium­Plus - 1 batterie 5.0Ah - 1 chargeur moteur sans charbons RCS36X3550HI,399.55,EUR,false,Ubaldi.com (Marketplace),/go/3221509303519159902.html?categoryId=19144&offerKey=5fc668e87224ba262424d65cfb7eea34&offerListId=4553834-2FE8B8D69C795DB487FC5D102DA5966D&pos=8&price=399.55&productid=4553834&sid=316737&type=offer,0,/prix/4553834/ryobi-rcs36x3550hi.html
56,44,"
document.getElementById(""result-8-offerinfo"").title = document.getElementById(""result-8-offerinfo"").innerHTML = idealoApp.getContents('#J@3: #r$be)bdd_wx be \' %C@?UD9JjU4465:=j@?UD9Jj?6FD6 {:UD9JjE9:F\>\\x@? be \' d p9');
",399.9,EUR,false,mytoolstore_fr,/go/3243764180450282132.html?categoryId=19144&offerKey=d21605859fa26f0294534058e4ac3a9b&offerListId=4553834-2FE8B8D69C795DB487FC5D102DA5966D&pos=9&price=399.90&productid=4553834&sid=24572&type=offer,0,/prix/4553834/ryobi-rcs36x3550hi.html
57,44,"As­pi­ra­teur, souffleur de jardin Ryobi Tron­çon­neuse ryobi 36v li­thium­plus - 1 batterie 5.0ah - 1 chargeur moteur sans charbons rcs36x3550hi",399.97,EUR,false,Darty.com (Marketplace),/go/3238317143223173814.html?categoryId=19144&offerKey=d9751c1d37823f5a56a22ac6befc4725&offerListId=4553834-2FE8B8D69C795DB487FC5D102DA5966D&pos=10&price=399.97&productid=4553834&sid=316364&type=offer,0,/prix/4553834/ryobi-rcs36x3550hi.html
58,44,Ryobi 5133002180 / RCS36X3550JI,410.99,EUR,false,Fixami.fr,/go/3235107430891260224.html?categoryId=19144&offerKey=5b5f7f345801aeea806805659b8e37e5&offerListId=4553834-2FE8B8D69C795DB487FC5D102DA5966D&pos=11&price=410.99&productid=4553834&sid=306120&type=offer,0,/prix/4553834/ryobi-rcs36x3550hi.html
59,44,"Tron­çon­neuse 36 Volts 5,0 Ah - 35 cm - Ryobi",412.87,EUR,false,Fnac.com (Marketplace),/go/3252355712273091395.html?categoryId=19144&offerKey=a3b9fc698cfae8c89532a17e3afdaf1b&offerListId=4553834-2FE8B8D69C795DB487FC5D102DA5966D&pos=12&price=412.87&productid=4553834&sid=307622&type=offer,0,/prix/4553834/ryobi-rcs36x3550hi.html
60,44,Pack RYOBI tron­çon­neuse 36V Li­thium­Plus - 1 batterie 5.0Ah - 1 chargeur moteur sans charbons RCS36X3550HI - Taille haie 36V - sans batterie ni chargeur RHT36B60R,512.96,EUR,false,ManoMano.fr,/go/3255243280398420546.html?categoryId=19144&offerKey=46e9829219833d4f9e281ad31742fcbd&offerListId=4553834-2FE8B8D69C795DB487FC5D102DA5966D&pos=13&price=512.96&productid=4553834&sid=291209&type=offer,0,/prix/4553834/ryobi-rcs36x3550hi.html
61,49,Mortier joint de carrelage spécial terrasse CG2WA - SIKA SikaCeram Joint Dallage Extérieur - Gris - 25kg,28.0,EUR,false,ManoMano.fr,/go/3266130438170609776.html?price=28.00&sid=291209&type=oc_offer,0,/type/7612895258287.html
62,49,Mortier joint de carrelage spécial terrasse (CG2WA) - SIKA SikaCeram Joint Dallage Extérieur - Gris - 25kg,28.0,EUR,false,Ubaldi.com (Marketplace),/go/3265905446120065758.html?price=28.00&sid=316737&type=oc_offer,0,/type/7612895258287.html
63,54,Chauffe-pied AEG FW 5645 Gris-blanc 100W,23.0,EUR,false,Rakuten.com FR,/go/3239295073168394092.html?categoryId=10952&offerKey=131d186bcd75dbf977eaebcd3e37c8bb&offerListId=6387855-854224E06A08B7CBAE3B5126C0CDC8AF&pos=1&price=23.00&productid=6387855&sid=26246&type=offer,0,/prix/6387855/aeg-fw-5645-gray.html
64,54,"
document.getElementById(""result-1-offerinfo"").title = document.getElementById(""result-1-offerinfo"").innerHTML = idealoApp.getContents('ptv w@FDD6 r92F772?E6 A@FC !:65D vC:D');
",26.2,EUR,false,sellerXL,/go/3247850106654819802.html?categoryId=10952&offerKey=a27a63dacea311d4ea4af2c12ce58aa1&offerListId=6387855-854224E06A08B7CBAE3B5126C0CDC8AF&pos=2&price=26.20&productid=6387855&sid=24573&type=offer,0,/prix/6387855/aeg-fw-5645-gray.html
65,54,Chauffe-pied electrique AEG FW 5645 : Gris,28.99,EUR,false,Groupon.fr,/go/3227793651765609985.html?categoryId=10952&offerKey=4e789033b330d2e79743474eedd5f796&offerListId=6387855-854224E06A08B7CBAE3B5126C0CDC8AF&pos=3&price=28.99&productid=6387855&sid=313203&type=offer,0,/prix/6387855/aeg-fw-5645-gray.html
66,54,"
document.getElementById(""result-3-offerinfo"").title = document.getElementById(""result-3-offerinfo"").innerHTML = idealoApp.getContents('ptv w@FDD6 r92F772?E6 A@FC !:65D vC:D');
",37.53,EUR,false,Amazon.fr,/go/9669085760.html?categoryId=10952&offerKey=72ac712d5040c36d48a2f4f7d4df1b6c&offerListId=6387855-854224E06A08B7CBAE3B5126C0CDC8AF&pos=4&price=37.53&productid=6387855&sid=12003&type=offer,0,/prix/6387855/aeg-fw-5645-gray.html
67,54,AEG FW 5645 - chauffe-pied,42.49,EUR,false,Fnac.com (Marketplace),/go/3252362984416086224.html?categoryId=10952&offerKey=b0a78b384fb6fb2d02dff132c5c5d28a&offerListId=6387855-854224E06A08B7CBAE3B5126C0CDC8AF&pos=5&price=42.49&productid=6387855&sid=307622&type=offer,0,/prix/6387855/aeg-fw-5645-gray.html
68,54,Chauffe pied Aeg FW5645 CHAN­CE­LIERE GRIS,43.32,EUR,false,Darty.com (Marketplace),/go/3208673751174486159.html?categoryId=10952&offerKey=4295bb0be4e78ed59b402b8084e86ec8&offerListId=6387855-854224E06A08B7CBAE3B5126C0CDC8AF&pos=6&price=43.32&productid=6387855&sid=316364&type=offer,0,/prix/6387855/aeg-fw-5645-gray.html
69,55,"Kit Sika Ecoflex, Mastic-colle tout en 1 à prise rapide et multi applications -SNJF, 300ml, Gris",188.56,EUR,false,espace-bricolage,/go/3215679967574623532.html?price=188.56&sid=24573&type=oc_offer,0,/type/3240240014611.html
70,55,Mastic-colle tout-en-un à prise rapide SIKA Kit Sika Ecoflex - Gris béton - 35 recharges Sikaflex PRO 11 FC,190.0,EUR,false,ManoMano.fr,/go/3217017307138110685.html?price=190.00&sid=291209&type=oc_offer,0,/type/3240240014611.html
71,55,Mastic-colle tout-en-un à prise rapide SIKA Kit Sika Ecoflex - Gris béton - 35,190.0,EUR,false,espace-bricolage,/go/3248356981475379560.html?price=190.00&sid=24572&type=oc_offer,0,/type/3240240014611.html
72,55,"Kit Sika Ecoflex, Mastic-colle tout en 1 à prise rapide et multi applications -SNJF, 300ml, Gris",199.0,EUR,false,Amazon.fr,/go/3193151132771813206.html?price=199.00&sid=12003&type=oc_offer,0,/type/3240240014611.html
73,55,Mastic-colle tout-en-un à prise rapide SIKA Kit Sika Ecoflex - Gris béton - 35 recharges Sikaflex PRO 11 FC,204.9,EUR,false,Rakuten.com FR,/go/3215715836218058629.html?price=204.90&sid=26246&type=oc_offer,0,/type/3240240014611.html
74,56,Colle mastic marine SIKA Sikaflex 291i - Noir - Mini recharge 70ml,5.9,EUR,false,Rakuten.com FR,/go/3211171209326633772.html?price=5.90&sid=26246&type=oc_offer,0,/type/7612895196053.html
75,56,"Sikaflex 291i, Colle-mastic multi-usage spécial marine, 70ml, Noir",5.99,EUR,false,espace-bricolage,/go/3211115788652000690.html?price=5.99&sid=24573&type=oc_offer,0,/type/7612895196053.html
76,56,"Sikaflex 291i, Colle-mastic multi-usage spécial marine, 70ml, Noir",6.2,EUR,false,Amazon.fr,/go/3181552838765448453.html?price=6.20&sid=12003&type=oc_offer,0,/type/7612895196053.html
77,56,Colle mastic marine SIKA Sikaflex 291i - Noir - Mini recharge 70ml,6.2,EUR,false,ManoMano.fr,/go/3211408393759629914.html?price=6.20&sid=291209&type=oc_offer,0,/type/7612895196053.html
78,56,"Pistolet à colle, colle Sika Colle mastic marine sika sikaflex 291i - noir - mini recharge 70ml",16.58,EUR,false,Darty.com (Marketplace),/go/3223133630284956424.html?price=16.58&sid=316364&type=oc_offer,0,/type/7612895196053.html
79,57,"Sikacryl+, Mastic acrylique spécial fissures pour finitions et joints en intérieur et extérieur, 300ml, Chêne",3.99,EUR,false,Amazon.fr,/go/3152477964885568483.html?price=3.99&sid=12003&type=oc_offer,0,/type/7612894426144.html
80,57,SIKA Mastic - Spécial fissure et joint de menuiserie et maçonnerie - Chêne - 300 mL,3.99,EUR,false,Cdiscount.com,/go/3166983210273877000.html?price=3.99&sid=29061&type=oc_offer,0,/type/7612894426144.html
81,57,SIKA Mastic - Spécial fissure et joint de menuiserie et maçonnerie - Chene - 300 mL,5.1,EUR,false,Rakuten.com FR,/go/3163592692374451108.html?price=5.10&sid=26246&type=oc_offer,0,/type/7612894426144.html
82,57,"Sikacryl+, Mastic acrylique spécial fissures pour finitions et joints en intérieur et extérieur, 300ml, Chêne",5.37,EUR,false,espace-bricolage,/go/3211116588990205999.html?price=5.37&sid=24573&type=oc_offer,0,/type/7612894426144.html
83,57,Mastic acrylique SIKA Sikacryl Plus - Chêne - 300ml,5.6,EUR,false,ManoMano.fr,/go/3188711276115137760.html?price=5.60&sid=291209&type=oc_offer,0,/type/7612894426144.html
84,57,"Pistolet à colle, colle Sika Sika mastic - spécial fissure et joint de menuiserie et maçonnerie - chene - 300 ml",12.55,EUR,false,Darty.com (Marketplace),/go/3208673872142406631.html?price=12.55&sid=316364&type=oc_offer,0,/type/7612894426144.html
85,59,"lot therm filme 3 bobines + fil 1,6mm pour gamme one+ 18 v ryobi rac125",13.09,EUR,false,espace-bricolage,/go/3232805636529981210.html?price=13.09&sid=24573&type=oc_offer,0,/type/4892210813480.html
86,59,"lot therm filme 3 bobines + fil 1,6mm pour gamme one+ 18 v ryobi rac125",15.3,EUR,false,Amazon.fr,/go/7310654098.html?price=15.30&sid=12003&type=oc_offer,0,/type/4892210813480.html
87,59,"Ryobi Lot 3 bobines simple fil Ø 1,6mm pour coupe-bordures 18V ONE+ RAC125 - 5132002434",15.58,EUR,false,Mytoolstore.fr,/go/3259955142696372725.html?price=15.58&sid=29224&type=oc_offer,0,/type/4892210813480.html
88,59,Accessoire coupe bordure Ryobi Lot de 3 bobines simple fil ryobi diamètre 1.6mm x 4.5m rac125,15.6,EUR,false,Darty.com (Marketplace),/go/3223311313774051936.html?price=15.60&sid=316364&type=oc_offer,0,/type/4892210813480.html
89,59,"Lot Therm Filme 3 Bobines + Fil 1, 6mm pour Gamme One+ 18 V Ryobi Rac125",16.98,EUR,false,Rakuten.com FR,/go/1468471665.html?price=16.98&sid=26246&type=oc_offer,0,/type/4892210813480.html
90,59,Lot de 3 bobines simple fil RYOBI diamètre 1.6mm x 4.5m RAC125,16.99,EUR,false,ManoMano.fr,/go/6519130547.html?price=16.99&sid=291209&type=oc_offer,0,/type/4892210813480.html
91,59,"Lot therm filme 3 bobines + fil 1,6mm pour gamme one+ 18 v ryobi rac125 Ryobi RAC125",17.0,EUR,false,Rotopino.fr,/go/3261911538379786592.html?price=17.00&sid=287166&type=oc_offer,0,/type/4892210813480.html
92,65,Ryobi-62 cm longueur RXEX01 pour acces. AHF03 & APR03-Hauteur 4 m,26.94,EUR,false,espace-bricolage,/go/3226669719564059364.html?price=26.94&sid=24573&type=oc_offer,0,/type/4892210140272.html
93,65,tube d'extension Expand-It,29.9,EUR,false,Rakuten.com FR,/go/6070008080.html?price=29.90&sid=26246&type=oc_offer,0,/type/4892210140272.html
94,65,Ryobi-62 cm longueur RXEX01 pour acces. AHF03 & APR03-Hauteur 4 m,29.99,EUR,false,Amazon.fr,/go/7323365364.html?price=29.99&sid=12003&type=oc_offer,0,/type/4892210140272.html
95,65,Tube d'extension RYOBI expand-it RXEX01,29.99,EUR,false,ManoMano.fr,/go/9853825826.html?price=29.99&sid=291209&type=oc_offer,0,/type/4892210140272.html
96,65,RYOBI Tube d'extension Expend-IT - 62 cm,29.99,EUR,false,Cdiscount.com,/go/3215471036365547086.html?price=29.99&sid=29061&type=oc_offer,0,/type/4892210140272.html
97,65,Accessoire débroussailleuse Ryobi Tube d'extension ryobi expand-it rxex01,35.49,EUR,false,Darty.com (Marketplace),/go/3223311314822633205.html?price=35.49&sid=316364&type=oc_offer,0,/type/4892210140272.html
98,65,tube d'extension Expand-It,36.12,EUR,false,Fnac.com (Marketplace),/go/3252355707602733494.html?price=36.12&sid=307622&type=oc_offer,0,/type/4892210140272.html
99,65,Ryobi RXEX01 Tube dextension Expand-it - 5132002793,43.5,EUR,false,Mytoolstore.fr,/go/3229324294028789254.html?price=43.50&sid=29224&type=oc_offer,0,/type/4892210140272.html
100,69,"
document.getElementById(""result-0-offerinfo"").title = document.getElementById(""result-0-offerinfo"").innerHTML = idealoApp.getContents('ptv r)f \\ 56 a b_8\> a 6? ` pDA:C2E6FC U28C2G6j \>2:?[ xC@? vC:D');
",207.87,EUR,false,Amazon.fr,/go/3175977693541828568.html?categoryId=2925&offerKey=f4a869aebd87c26ea51129eee3e87e40&offerListId=6555324-D3C2B47724E5A6835A97F7CEEFCA2CF5&pos=1&price=207.87&productid=6555324&sid=12003&type=offer,0,/prix/6555324/aeg-cx7-2-30gm.html
101,69,"AEG CX7 - de 2 30gm 2 en 1 Aspirateur à main, Iron Gris",209.12,EUR,false,Fnac.com (Marketplace),/go/3253134657962641308.html?categoryId=2925&offerKey=38d2e6f539bf3128b5e3c1772f6772e9&offerListId=6555324-D3C2B47724E5A6835A97F7CEEFCA2CF5&pos=2&price=209.12&productid=6555324&sid=307622&type=offer,0,/prix/6555324/aeg-cx7-2-30gm.html
102,79,DESTOCKAGE Perceuse visseuse 18V ONE+ 1.5 AH Lithium Ryobi RCD18022L + 12 EMBOUTS DE VISSAGE OFFERTS,114.9,EUR,false,Superperfo.fr,/go/3203981699868268674.html?categoryId=3687&offerKey=e7acf8d00da4303e71f7e6f2cbd2a2cb&offerListId=3784464-C3BBA37B981430119F7D04D97D1F579B&pos=1&price=114.90&productid=3784464&sid=315080&type=offer,0,/prix/3784464/ryobi-rcd18022l-2x1-5ah-lithium.html
103,79,"Perceuse visseuse 18V RYOBI RCD18022L + 2 batteries 1,5Ah + Sac de transport + Coffret 17 embouts Offerts",139.9,EUR,false,ManoMano.fr,/go/6564305113.html?categoryId=3687&offerKey=b2418a5f9163fea9a3779f822cb1abb9&offerListId=3784464-C3BBA37B981430119F7D04D97D1F579B&pos=2&price=139.90&productid=3784464&sid=291209&type=offer,0,/prix/3784464/ryobi-rcd18022l-2x1-5ah-lithium.html
104,79,"
document.getElementById(""result-2-offerinfo"").title = document.getElementById(""result-2-offerinfo"").innerHTML = idealoApp.getContents('#J@3: d`bb__`hah !6C46FD6 D2?D 7:= `g \'');
",148.0,EUR,false,Rotopino FR,/go/3221953544395427220.html?categoryId=3687&offerKey=0a6c4225f7b285bf1910b9f334c67a4b&offerListId=3784464-C3BBA37B981430119F7D04D97D1F579B&pos=3&price=148.00&productid=3784464&sid=24573&type=offer,0,/prix/3784464/ryobi-rcd18022l-2x1-5ah-lithium.html
105,79,Per­ceuse-vis­seuse Ryobi ONE+ RCD18022L,157.0,EUR,false,Rotopino.fr,/go/3220417566300183488.html?categoryId=3687&offerKey=8c4f77f90e24b047548ec73aa94251d7&offerListId=3784464-C3BBA37B981430119F7D04D97D1F579B&pos=4&price=157.00&productid=3784464&sid=287166&type=offer,0,/prix/3784464/ryobi-rcd18022l-2x1-5ah-lithium.html
106,79,Ryobi RCD18022L 18V Per­ceuse-vis­seuse sans fil avec 2. batterie et chargeur,183.57,EUR,false,Mytoolstore.fr,/go/3229324286980260966.html?categoryId=3687&offerKey=2fc26979e65e58f0756d596afd5ea651&offerListId=3784464-C3BBA37B981430119F7D04D97D1F579B&pos=5&price=183.57&productid=3784464&sid=29224&type=offer,0,/prix/3784464/ryobi-rcd18022l-2x1-5ah-lithium.html
107,79,"Perceuse, visseuse Ryobi Ryobi - perceuse visseuse 18 v lithium+ 1,5 ah 2 vitesses - rcd18022l",189.0,EUR,false,Darty.com (Marketplace),/go/3233141620993951297.html?categoryId=3687&offerKey=8044d6c17262b4a7319cb8c085abba10&offerListId=3784464-C3BBA37B981430119F7D04D97D1F579B&pos=6&price=189.00&productid=3784464&sid=316364&type=offer,0,/prix/3784464/ryobi-rcd18022l-2x1-5ah-lithium.html
108,79,"Perceuse sans fil 18V RYOBI RCD18022L, 2 batteries 1,5Ah",196.78,EUR,false,Rakuten.com FR,/go/1752125740.html?categoryId=3687&offerKey=af8a023097810628a9e3940feb9e6bdc&offerListId=3784464-C3BBA37B981430119F7D04D97D1F579B&pos=7&price=196.78&productid=3784464&sid=26246&type=offer,0,/prix/3784464/ryobi-rcd18022l-2x1-5ah-lithium.html
109,79,"
document.getElementById(""result-7-offerinfo"").title = document.getElementById(""result-7-offerinfo"").innerHTML = idealoApp.getContents('#J@3: #rs`g_aa{ `g\' !6CUD9Jj46FD6\\G:DUD9JjD6FD6 D2?D 7:= 2G64 a] 32EE6C:6 6E 492C86FC');
",205.97,EUR,false,mytoolstore_fr,/go/3243764188440430580.html?categoryId=3687&offerKey=c55a48ae09b20dfb3f2f2d90c59fdf9d&offerListId=3784464-C3BBA37B981430119F7D04D97D1F579B&pos=8&price=205.97&productid=3784464&sid=24572&type=offer,0,/prix/3784464/ryobi-rcd18022l-2x1-5ah-lithium.html
110,82,"
document.getElementById(""result-0-offerinfo"").title = document.getElementById(""result-0-offerinfo"").innerHTML = idealoApp.getContents('#J@3: #24`_c =:8?6 56 4@FA6[ `d \> ) a[c \>\>');
",1.53,EUR,false,Indoostrial,/go/3263760400918774782.html?categoryId=28678&offerKey=e85e2da763feeb0f1d3f801dd7c5be4e&offerListId=3981099-1A1E542C4F5795BC4BF15267C44D4B54&pos=1&price=1.53&productid=3981099&sid=24573&type=offer,0,/prix/3981099/ryobi-bobine-de-fil-2-4mm-x-15m-rac104.html
111,82,Bobine fil rond RYOBI 15m diamètre 2.4mm rouge universel RAC104,4.59,EUR,false,ManoMano.fr,/go/3215589408803664694.html?categoryId=28678&offerKey=99192b1b2c7137ed259fc650c0366116&offerListId=3981099-1A1E542C4F5795BC4BF15267C44D4B54&pos=2&price=4.59&productid=3981099&sid=291209&type=offer,0,/prix/3981099/ryobi-bobine-de-fil-2-4mm-x-15m-rac104.html
112,82,"15 m de fil ø 2,4 mm universel",5.89,EUR,false,Rakuten.com FR,/go/4165899131.html?categoryId=28678&offerKey=3d4acb4f9750635a3412ce79bdb95f39&offerListId=3981099-1A1E542C4F5795BC4BF15267C44D4B54&pos=3&price=5.89&productid=3981099&sid=26246&type=offer,0,/prix/3981099/ryobi-bobine-de-fil-2-4mm-x-15m-rac104.html
113,82,Accessoire coupe bordure Ryobi Bobine fil rond ryobi 15m diamètre 2.4mm rouge universel rac104,10.8,EUR,false,Darty.com (Marketplace),/go/3238317151993462963.html?categoryId=28678&offerKey=0fdbfdabfdf22e5b8ec63f17674ce16c&offerListId=3981099-1A1E542C4F5795BC4BF15267C44D4B54&pos=4&price=10.80&productid=3981099&sid=316364&type=offer,0,/prix/3981099/ryobi-bobine-de-fil-2-4mm-x-15m-rac104.html
114,82,"Ryobi 15 m de fil Ø 2,4 mm - Pour dé­brous­sailleuses",12.48,EUR,false,Mytoolstore.fr,/go/3229324281687048661.html?categoryId=28678&offerKey=3b896a50e19b30828cecc1e02f109f4f&offerListId=3981099-1A1E542C4F5795BC4BF15267C44D4B54&pos=5&price=12.48&productid=3981099&sid=29224&type=offer,0,/prix/3981099/ryobi-bobine-de-fil-2-4mm-x-15m-rac104.html
115,82,"15 M De Fil Ø 2,4 Mm Universel Ryobi 5132002641",12.79,EUR,false,Fnac.com (Marketplace),/go/3252355718172379107.html?categoryId=28678&offerKey=333ab37e0b8a554f6830feac78d20917&offerListId=3981099-1A1E542C4F5795BC4BF15267C44D4B54&pos=6&price=12.79&productid=3981099&sid=307622&type=offer,0,/prix/3981099/ryobi-bobine-de-fil-2-4mm-x-15m-rac104.html
116,84,Mastic silicone spécial joint de vitrage et carrelage - SikaSeal 112 Vitrage - Transparent - 300ml,5.0,EUR,false,Rakuten.com FR,/go/3207599084066047923.html?price=5.00&sid=26246&type=oc_offer,0,/type/7612895326597.html
117,84,"SikaSeal 112 Vitrage, Mastic silicone spécial joint de fenêtre et carrelage - SNJF, 300ml, Transparent",6.34,EUR,false,Amazon.fr,/go/3178966655063561593.html?price=6.34&sid=12003&type=oc_offer,0,/type/7612895326597.html
118,84,Mastic silicone spécial vitre SIKA Sikaseal 112 Vitrage - Transparent - 300ml,6.34,EUR,false,ManoMano.fr,/go/3225520302591050152.html?price=6.34&sid=291209&type=oc_offer,0,/type/7612895326597.html
119,84,"SikaSeal 112 Vitrage, Mastic silicone spécial joint de fenêtre et carrelage - SNJF, 300ml, Transparent",6.34,EUR,false,espace-bricolage,/go/3225749254299451686.html?price=6.34&sid=24573&type=oc_offer,0,/type/7612895326597.html
120,84,Mastic silicone Vitrage Sikaseal 112 300ml Transparent,8.41,EUR,false,Toolstation.fr,/go/3247060547224470757.html?price=8.41&sid=311283&type=oc_offer,0,/type/7612895326597.html
121,84,"Pistolet à colle, colle Sika Mastic silicone spécial vitre sika sikaseal 112 vitrage - transparent - 300ml",15.55,EUR,false,Darty.com (Marketplace),/go/3226029217042924605.html?price=15.55&sid=316364&type=oc_offer,0,/type/7612895326597.html
122,101,"
document.getElementById(""result-0-offerinfo"").title = document.getElementById(""result-0-offerinfo"").innerHTML = idealoApp.getContents('#J@3: #`g #~$\\_ !@?46FD6 tIUD9Jj46?UD9JjEC:BF6 UpE:=56jUA6C\>:=j=64UD9JjEC:BF6 D2?D 7:= `g \'');
",64.38,EUR,false,Amazon.fr,/go/3258528376433935397.html?categoryId=3706&offerKey=04a59a32014653f6486a9a758a4e83e0&offerListId=4919280-83345468E4DC1BB23F2A9806FBCADA8E&pos=1&price=64.38&productid=4919280&sid=12003&type=offer,0,/prix/4919280/ryobi-r18ros-0.html
123,101,Ryobi R18ROS-0 Ak­ku-Ex­zen­ter­schlei­fer,64.9,EUR,false,Rakuten.com FR,/go/6073684430.html?categoryId=3706&offerKey=ae0e78b5481397a6f37987896c69c7f8&offerListId=4919280-83345468E4DC1BB23F2A9806FBCADA8E&pos=2&price=64.90&productid=4919280&sid=26246&type=offer,0,/prix/4919280/ryobi-r18ros-0.html
124,101,Ryobi R18ROS-O Ponceuse ex­cen­trique à batterie 18V ONE+ Li-Ion (machine seule) - 125mm,66.49,EUR,false,Fixami.fr,/go/3235106719514233758.html?categoryId=3706&offerKey=a1b1a5462c97324f4ee4b9fd86914684&offerListId=4919280-83345468E4DC1BB23F2A9806FBCADA8E&pos=3&price=66.49&productid=4919280&sid=306120&type=offer,0,/prix/4919280/ryobi-r18ros-0.html
125,101,Ponceuse ex­cen­trique RYOBI 18V OnePlus sans batterie ni chargeur R18ROS-0,69.56,EUR,false,Ubaldi.com (Marketplace),/go/3221509303187801827.html?categoryId=3706&offerKey=36eccbd31bce64347d8911b73d97c6e3&offerListId=4919280-83345468E4DC1BB23F2A9806FBCADA8E&pos=4&price=69.56&productid=4919280&sid=316737&type=offer,0,/prix/4919280/ryobi-r18ros-0.html
126,101,Ponceuse ex­cen­trique RYOBI 18V OnePlus sans batterie ni chargeur R18ROS-0,69.98,EUR,false,ManoMano.fr,/go/6764370474.html?categoryId=3706&offerKey=6f792889353408184799a172c9eac1ef&offerListId=4919280-83345468E4DC1BB23F2A9806FBCADA8E&pos=5&price=69.98&productid=4919280&sid=291209&type=offer,0,/prix/4919280/ryobi-r18ros-0.html
127,101,"
document.getElementById(""result-5-offerinfo"").title = document.getElementById(""result-5-offerinfo"").innerHTML = idealoApp.getContents('!@?46FD6 6IUD9Jj46?UD9JjEC:BF6 #*~qx `g\' ~?6!=FD D2?D 32EE6C:6 ?: 492C86FC #`g#~$\\_');
",69.98,EUR,false,espace-bricolage,/go/3243624204236490036.html?categoryId=3706&offerKey=85860ac7e25884d2c12d426e97127207&offerListId=4919280-83345468E4DC1BB23F2A9806FBCADA8E&pos=6&price=69.98&productid=4919280&sid=24572&type=offer,0,/prix/4919280/ryobi-r18ros-0.html
128,101,Ryobi Ponceuse ex­cen­trique 18V OnePlus sans batterie ni chargeur R18ROS-0,69.98,EUR,false,Rueducommerce.fr (Marketplace),/go/3213757439004381145.html?categoryId=3706&offerKey=9d2a1ade1710d7b7991979bb2546ef26&offerListId=4919280-83345468E4DC1BB23F2A9806FBCADA8E&pos=7&price=69.98&productid=4919280&sid=25482&type=offer,0,/prix/4919280/ryobi-r18ros-0.html
129,101,Ryobi Ponceuse ex­cen­trique 18 V ONE+ R18ROS-0 - 5133002471,70.9,EUR,false,Mytoolstore.fr,/go/3229324291294102054.html?categoryId=3706&offerKey=829e3f926d45714d22e997d019b70de4&offerListId=4919280-83345468E4DC1BB23F2A9806FBCADA8E&pos=8&price=70.90&productid=4919280&sid=29224&type=offer,0,/prix/4919280/ryobi-r18ros-0.html
130,101,Ponceuse ex­cen­trique sans fil Ryobi R18ROS-0 One+ Dimensions de la plaque de ponçage 125 mm,73.99,EUR,false,Conrad.fr,/go/3254686606935720434.html?categoryId=3706&offerKey=881f04a3f3a62ed54ca4a823c63fc36f&offerListId=4919280-83345468E4DC1BB23F2A9806FBCADA8E&pos=9&price=73.99&productid=4919280&sid=286907&type=offer,0,/prix/4919280/ryobi-r18ros-0.html
131,101,Ryobi Ponceuse ex­cen­trique 18V OnePlus sans batterie ni chargeur R18ROS-0,76.74,EUR,false,Rueducommerce.fr (Marketplace),/go/3266428671518311069.html?categoryId=3706&offerKey=f8b8269fcefeed14c3a992fc5837fb7d&offerListId=4919280-83345468E4DC1BB23F2A9806FBCADA8E&pos=10&price=76.74&productid=4919280&sid=25482&type=offer,0,/prix/4919280/ryobi-r18ros-0.html
132,101,Ponceuse à bande Ryobi Ryobi - ponceuse ex­cen­trique one + 18 v 125 mm (sans batteries) - r18ros-0,77.44,EUR,false,Darty.com (Marketplace),/go/3267839154714577335.html?categoryId=3706&offerKey=51a2952dd1c8c58d266c4deac48aa323&offerListId=4919280-83345468E4DC1BB23F2A9806FBCADA8E&pos=11&price=77.44&productid=4919280&sid=316364&type=offer,0,/prix/4919280/ryobi-r18ros-0.html
133,101,"
document.getElementById(""result-11-offerinfo"").title = document.getElementById(""result-11-offerinfo"").innerHTML = idealoApp.getContents('#J@3: #`g #~$\\_ !@?46FD6 tIUD9Jj46?UD9JjEC:BF6 UpE:=56jUA6C\>:=j=64UD9JjEC:BF6 D2?D 7:= `g \'');
",78.52,EUR,false,SEDIVA FR,/go/3267543023650605840.html?categoryId=3706&offerKey=d88f35b9ad3ef6ef8cfef647cd7a4eef&offerListId=4919280-83345468E4DC1BB23F2A9806FBCADA8E&pos=12&price=78.52&productid=4919280&sid=24573&type=offer,0,/prix/4919280/ryobi-r18ros-0.html
134,101,Ryobi Ponceuse ex­cen­trique 18V OnePlus sans batterie ni chargeur R18ROS-0,78.67,EUR,false,Rueducommerce.fr (Marketplace),/go/3213777603773078940.html?categoryId=3706&offerKey=02b514e7cfcecc3848031df5a86aa373&offerListId=4919280-83345468E4DC1BB23F2A9806FBCADA8E&pos=13&price=78.67&productid=4919280&sid=25482&type=offer,0,/prix/4919280/ryobi-r18ros-0.html
135,101,Ryobi Ponceuse ex­cen­trique 18V OnePlus sans batterie ni chargeur R18ROS-0,79.56,EUR,false,Rueducommerce.fr (Marketplace),/go/3213757133174613423.html?categoryId=3706&offerKey=eecdc3de211330a9847996331306ec20&offerListId=4919280-83345468E4DC1BB23F2A9806FBCADA8E&pos=14&price=79.56&productid=4919280&sid=25482&type=offer,0,/prix/4919280/ryobi-r18ros-0.html
136,101,Ryobi Ponceuse ex­cen­trique 18V OnePlus sans batterie ni chargeur R18ROS-0,79.67,EUR,false,Rueducommerce.fr (Marketplace),/go/3214087105527418409.html?categoryId=3706&offerKey=262e6cec38e6ab319173aeb5361a4807&offerListId=4919280-83345468E4DC1BB23F2A9806FBCADA8E&pos=15&price=79.67&productid=4919280&sid=25482&type=offer,0,/prix/4919280/ryobi-r18ros-0.html
137,128,DESTOCKAGE Ryobi agrafeuse r18s18g-0 5133002516,214.0,EUR,false,Superperfo.fr,/go/3207776291451321258.html?categoryId=10313&offerKey=bfbc03e235c7d3f7e4cee256b7c002ba&offerListId=5127640-38F6199992A577FB1A49ED68B36C96ED&pos=1&price=214.00&productid=5127640&sid=315080&type=offer,0,/prix/5127640/ryobi-r18s18g-0.html
138,128,"
document.getElementById(""result-1-offerinfo"").title = document.getElementById(""result-1-offerinfo"").innerHTML = idealoApp.getContents('#J@3: 28C276FD6 U28C2G6j A:=6D C6UD9Jj492CUD9Jj8623=6D #`g$`gv\\_ 2G64 d__ 28C276D[ D2?D A:=6 6E D2?D 492C86FC[ ` A:U68C2G6j46[ ?@:C[ G6CE[ d`bb__ad`e');
",216.58,EUR,false,Amazon.fr,/go/9936040137.html?categoryId=10313&offerKey=431f1819add35f1ca078d3c1961a7ec3&offerListId=5127640-38F6199992A577FB1A49ED68B36C96ED&pos=2&price=216.58&productid=5127640&sid=12003&type=offer,0,/prix/5127640/ryobi-r18s18g-0.html
139,128,"
document.getElementById(""result-2-offerinfo"").title = document.getElementById(""result-2-offerinfo"").innerHTML = idealoApp.getContents('#J@3: 28C276FD6 U28C2G6j A:=6D C6UD9Jj492CUD9Jj8623=6D #`g$`gv\\_ 2G64 d__ 28C276D[ D2?D A:=6 6E D2?D 492C86FC[ ` A:U68C2G6j46[ ?@:C[ G6CE[ d`bb__ad`e');
",239.0,EUR,false,Rotopino FR,/go/3247918639688450570.html?categoryId=10313&offerKey=994e9cf91f2354cf4096c246641700b2&offerListId=5127640-38F6199992A577FB1A49ED68B36C96ED&pos=3&price=239.00&productid=5127640&sid=24573&type=offer,0,/prix/5127640/ryobi-r18s18g-0.html
140,128,RYOBI R18S18G-0 ONE+,250.01,EUR,false,Rakuten.com FR,/go/3204288166466950177.html?categoryId=10313&offerKey=adb1027c9a34c299e2b2da4e030d81ae&offerListId=5127640-38F6199992A577FB1A49ED68B36C96ED&pos=4&price=250.01&productid=5127640&sid=26246&type=offer,0,/prix/5127640/ryobi-r18s18g-0.html
141,128,Ryobi Cloueur sans fil 18V 10 à 38 mm de long sans batterie ni chargeur R18S18G-0,254.48,EUR,false,Rueducommerce.fr (Marketplace),/go/3261899394177305127.html?categoryId=10313&offerKey=35b76d6b89beb85d4410e39c4d42c9ca&offerListId=5127640-38F6199992A577FB1A49ED68B36C96ED&pos=5&price=254.48&productid=5127640&sid=25482&type=offer,0,/prix/5127640/ryobi-r18s18g-0.html
142,128,Ryobi Cloueur sans fil 18V 10 à 38 mm de long sans batterie ni chargeur R18S18G-0,258.6,EUR,false,Rueducommerce.fr (Marketplace),/go/3262257573883021455.html?categoryId=10313&offerKey=a5d57dc253a8d1a2bfb57970561ea887&offerListId=5127640-38F6199992A577FB1A49ED68B36C96ED&pos=6&price=258.60&productid=5127640&sid=25482&type=offer,0,/prix/5127640/ryobi-r18s18g-0.html
143,128,Agrafeuse sans fil Ryobi ONE+ R18S18G-0,263.0,EUR,false,Rotopino.fr,/go/9965891054.html?categoryId=10313&offerKey=388677eb48382b2f2dc02296c4a7a219&offerListId=5127640-38F6199992A577FB1A49ED68B36C96ED&pos=7&price=263.00&productid=5127640&sid=287166&type=offer,0,/prix/5127640/ryobi-r18s18g-0.html
144,128,"Ryobi Cloueur sans fil 18V, sans batterie ni chargeur R18S18G-0 - 5133002516",263.36,EUR,false,Mytoolstore.fr,/go/3259955136981633417.html?categoryId=10313&offerKey=da49b5ef17fe8ef5834c2b9032bb4838&offerListId=5127640-38F6199992A577FB1A49ED68B36C96ED&pos=8&price=263.36&productid=5127640&sid=29224&type=offer,0,/prix/5127640/ryobi-r18s18g-0.html
145,128,Ryobi Cloueur sans fil 18V 10 à 38 mm de long sans batterie ni chargeur R18S18G-0,272.27,EUR,false,Rueducommerce.fr (Marketplace),/go/3261899394116485758.html?categoryId=10313&offerKey=638a1674ce5d339b1562060add20f09c&offerListId=5127640-38F6199992A577FB1A49ED68B36C96ED&pos=9&price=272.27&productid=5127640&sid=25482&type=offer,0,/prix/5127640/ryobi-r18s18g-0.html
146,128,Ryobi - Cloueur sans fil 18V 10 à 38 mm de long (sans batterie ni chargeur) - R18S18G-0,273.16,EUR,false,ManoMano.fr,/go/3235666783532744903.html?categoryId=10313&offerKey=b902a5a624ad7d6029cb30c5fc18bf71&offerListId=5127640-38F6199992A577FB1A49ED68B36C96ED&pos=10&price=273.16&productid=5127640&sid=291209&type=offer,0,/prix/5127640/ryobi-r18s18g-0.html
147,128,Ryobi Cloueur sans fil 18V 10 à 38 mm de long sans batterie ni chargeur R18S18G-0,273.16,EUR,false,Rueducommerce.fr (Marketplace),/go/3267198950370705979.html?categoryId=10313&offerKey=a82c2f6d57c2476126b9b14b8a5f974e&offerListId=5127640-38F6199992A577FB1A49ED68B36C96ED&pos=11&price=273.16&productid=5127640&sid=25482&type=offer,0,/prix/5127640/ryobi-r18s18g-0.html
148,128,Ryobi Cloueur sans fil 18V 10 à 38 mm de long sans batterie ni chargeur R18S18G-0,286.14,EUR,false,Rueducommerce.fr (Marketplace),/go/3261899394210859560.html?categoryId=10313&offerKey=57518d852e1a8f1f20226371049c4cd6&offerListId=5127640-38F6199992A577FB1A49ED68B36C96ED&pos=12&price=286.14&productid=5127640&sid=25482&type=offer,0,/prix/5127640/ryobi-r18s18g-0.html
149,128,"
document.getElementById(""result-12-offerinfo"").title = document.getElementById(""result-12-offerinfo"").innerHTML = idealoApp.getContents('#J@3: r=@F6FC D2?D 7:= `g\'[ D2?D 32EE6C:6 ?: 492C86FC #`g$`gv\\_ \\ d`bb__ad`e');
",296.9,EUR,false,mytoolstore_fr,/go/3264851331430482768.html?categoryId=10313&offerKey=eeec7877893a89d48a16e316fc1fcccf&offerListId=5127640-38F6199992A577FB1A49ED68B36C96ED&pos=13&price=296.90&productid=5127640&sid=24572&type=offer,0,/prix/5127640/ryobi-r18s18g-0.html
150,131,Ryobi 5132002765 Rac805 Harnais de sécurité pour perches,25.56,EUR,false,espace-bricolage,/go/8674368210.html?price=25.56&sid=24573&type=oc_offer,0,/type/4892210132451.html
151,131,Harnais de sécurité pour perches Ryobi RAC805,27.0,EUR,false,Rotopino.fr,/go/3263870880645646213.html?price=27.00&sid=287166&type=oc_offer,0,/type/4892210132451.html
152,131,Ryobi 5132002765 Rac805 Harnais de sécurité pour perches,29.02,EUR,false,Amazon.fr,/go/3155073965551003279.html?price=29.02&sid=12003&type=oc_offer,0,/type/4892210132451.html
153,131,Harnais ergonomique RYOBI universel pour élagueurs toutes marques RAC805,29.02,EUR,false,ManoMano.fr,/go/8586620601.html?price=29.02&sid=291209&type=oc_offer,0,/type/4892210132451.html
154,131,"Ryobi Harnais baudrier Vertebrae - universel, pour élagueurs et taille-haies sur perche, RAC805 - 5132002765",29.55,EUR,false,Mytoolstore.fr,/go/3229324293791810712.html?price=29.55&sid=29224&type=oc_offer,0,/type/4892210132451.html
155,131,Harnais ergonomique RYOBI universel pour élagueurs toutes marques RAC805,29.6,EUR,false,Rakuten.com FR,/go/8565448755.html?price=29.60&sid=26246&type=oc_offer,0,/type/4892210132451.html
156,131,Harnais Universel pour élagueurs toutes marques Ryobi RAC805,34.65,EUR,false,Fnac.com (Marketplace),/go/3252355708720513771.html?price=34.65&sid=307622&type=oc_offer,0,/type/4892210132451.html
157,131,"Aspirateur, souffleur de jardin Ryobi Harnais ergonomique ryobi universel pour élagueurs toutes marques rac805",35.85,EUR,false,Darty.com (Marketplace),/go/3238317143625827136.html?price=35.85&sid=316364&type=oc_offer,0,/type/4892210132451.html
158,134,"Greenstar 14022 RYOBI RAC110 Blister de 2 têtes, Noir",18.04,EUR,false,Amazon.fr,/go/9774645277.html?price=18.04&sid=12003&type=oc_offer,0,/type/4892210136060.html
159,134,Accessoire coupe bordure Ryobi Lot de 2 bobines de fil ryobi rac110 pour coupe-bordures rlt4025,18.54,EUR,false,Darty.com (Marketplace),/go/3221261362506242570.html?price=18.54&sid=316364&type=oc_offer,0,/type/4892210136060.html
160,134,Lot de 2 bobines de fil Ryobi RAC110 pour coupe-bordures RLT4025,18.72,EUR,false,Ubaldi.com (Marketplace),/go/3221509471178066347.html?price=18.72&sid=316737&type=oc_offer,0,/type/4892210136060.html
161,134,Bobineau RYOBI LTA054,19.3,EUR,false,ManoMano.fr,/go/3246542312580319118.html?price=19.30&sid=291209&type=oc_offer,0,/type/4892210136060.html
162,134,"Greenstar 14022 RYOBI RAC110 Blister de 2 têtes, Noir",19.9,EUR,false,,/go/8007572643.html?price=19.90&sid=24573&type=oc_offer,0,/type/4892210136060.html
163,138,Perceuse visseuse à percussion MAKITA 18V 1.5Ah + Kit d'ac­ces­soires - HP457DWE10,154.69,EUR,false,Maxoutil.com,/go/8144464046.html?categoryId=3687&offerKey=eb2472d3069ea423ae5070c40b10f77c&offerListId=5005363-F47EF76C661583B2F907C155310A0E5E&pos=1&price=154.69&productid=5005363&sid=254364&type=offer,0,/prix/5005363/makita-hp457dwe10.html
164,138,Perceuse visseuse à percussion MAKITA 18V 1.5Ah + Kit d'ac­ces­soires - HP457DWE10,154.69,EUR,false,ManoMano.fr,/go/3191251646952769079.html?categoryId=3687&offerKey=7526cedff273d4d58b680351b55392a6&offerListId=5005363-F47EF76C661583B2F907C155310A0E5E&pos=2&price=154.69&productid=5005363&sid=291209&type=offer,0,/prix/5005363/makita-hp457dwe10.html
165,138,"Makita Perceuse visseuse à percussion Ø13 mm kit d'ac­ces­soires, HP457DWE10",154.69,EUR,false,Rueducommerce.fr (Marketplace),/go/3213754859643743214.html?categoryId=3687&offerKey=6a430e6b5ed7506d4e56e8cb489f730d&offerListId=5005363-F47EF76C661583B2F907C155310A0E5E&pos=3&price=154.69&productid=5005363&sid=25482&type=offer,0,/prix/5005363/makita-hp457dwe10.html
166,138,Perceuse visseuse à percussion Makita HP457DWE10 18V 1.3 Ah coffret et kit ac­ces­soires,154.7,EUR,false,Quincaillerie.pro,/go/8759034578.html?categoryId=3687&offerKey=04b4ab385941164171019990799133d3&offerListId=5005363-F47EF76C661583B2F907C155310A0E5E&pos=4&price=154.70&productid=5005363&sid=279458&type=offer,0,/prix/5005363/makita-hp457dwe10.html
167,138,MAKITA - Perceuse visseuse à percussion 18V (2x1.5AH) + kit d'ac­ces­soires en coffret standard - HP457DWE10,154.9,EUR,false,Sobrico.com,/go/3268104993711850299.html?categoryId=3687&offerKey=4e2256ff49ca1a92edf949ced1175b68&offerListId=5005363-F47EF76C661583B2F907C155310A0E5E&pos=5&price=154.90&productid=5005363&sid=318013&type=offer,0,/prix/5005363/makita-hp457dwe10.html
168,138,"Perceuse visseuse à percussion Makita 18 Volts Li-Ion 1,3 Ah Ø 13 mm et kit d'ac­ces­soires HP457DWE10",164.28,EUR,false,Master-outillage.com,/go/3155423459494864211.html?categoryId=3687&offerKey=2e3744d75aad022ce302656f12e728b2&offerListId=5005363-F47EF76C661583B2F907C155310A0E5E&pos=6&price=164.28&productid=5005363&sid=282706&type=offer,0,/prix/5005363/makita-hp457dwe10.html
169,138,Makita perceuse visseuse percu 18v 1.5ah + 74 acces. - hp457dwe10,165.0,EUR,false,Guedo-outillage.fr,/go/3207255597636389540.html?categoryId=3687&offerKey=c148ef8d53172598b079d1412792a21b&offerListId=5005363-F47EF76C661583B2F907C155310A0E5E&pos=7&price=165.00&productid=5005363&sid=69278&type=offer,0,/prix/5005363/makita-hp457dwe10.html
170,138,"Makita Perceuse visseuse à percussion Ø13 mm kit d'ac­ces­soires, HP457DWE10",165.0,EUR,false,Rueducommerce.fr (Marketplace),/go/3243286052980394194.html?categoryId=3687&offerKey=ce6de4e3a51952d62f99ddc5bc687d85&offerListId=5005363-F47EF76C661583B2F907C155310A0E5E&pos=8&price=165.00&productid=5005363&sid=25482&type=offer,0,/prix/5005363/makita-hp457dwe10.html
171,138,Perceuse visseuse à percussion 18 V Li-Ion 1.5 Ah Ø 13 mm ( kit d'ac­ces­soires) + 2 batteries MAKITA HP457DWE10,169.98,EUR,false,Debonix.fr,/go/8755723480.html?categoryId=3687&offerKey=3000e48dcd59801a172dca89121c8fbc&offerListId=5005363-F47EF76C661583B2F907C155310A0E5E&pos=9&price=169.98&productid=5005363&sid=277777&type=offer,0,/prix/5005363/makita-hp457dwe10.html
172,138,"
document.getElementById(""result-9-offerinfo"").title = document.getElementById(""result-9-offerinfo"").innerHTML = idealoApp.getContents('|2\<:E2 w!cdfs(t`_ !6C46FD6 G:DD6FD6 U28C2G6j A6CUD9Jj4FDUD9JjD:@?[ a I `g \' `[dp9 2G64 =6D 24UD9Jj46DUD9JjD@:C6D');
",169.98,EUR,false,OUTILMANIA,/go/3260529611399758513.html?categoryId=3687&offerKey=f987638d7d92c33c204cea01944a197d&offerListId=5005363-F47EF76C661583B2F907C155310A0E5E&pos=10&price=169.98&productid=5005363&sid=24573&type=offer,0,/prix/5005363/makita-hp457dwe10.html
173,138,"Perceuse Visseuse À Percussion 18V Li-Ion 1,5Ah Ø13Mm + Kit D'ac­ces­soires Hp457Dwe10 Makita |",172.67,EUR,false,Clickoutil.com,/go/3221886835835801109.html?categoryId=3687&offerKey=f8c470e29bb8b24753a6730c151d49b6&offerListId=5005363-F47EF76C661583B2F907C155310A0E5E&pos=11&price=172.67&productid=5005363&sid=289388&type=offer,0,/prix/5005363/makita-hp457dwe10.html
174,138,"
document.getElementById(""result-11-offerinfo"").title = document.getElementById(""result-11-offerinfo"").innerHTML = idealoApp.getContents('|2\<:E2 w!cdfs(t`_ !6C46FD6 G:DD6FD6 U28C2G6j A6CUD9Jj4FDUD9JjD:@?[ a I `g \' `[dp9 2G64 =6D 24UD9Jj46DUD9JjD@:C6D');
",178.98,EUR,false,Amazon.fr,/go/3219915838561722363.html?categoryId=3687&offerKey=2bd2e9b9a07fe4641a3f94444298487a&offerListId=5005363-F47EF76C661583B2F907C155310A0E5E&pos=12&price=178.98&productid=5005363&sid=12003&type=offer,0,/prix/5005363/makita-hp457dwe10.html
175,138,"Perceuse visseuse à percussion 18v li-ion 1,3ah + kit d'ac­ces­soires hp457dwe10 (2 batteries) makita",180.4,EUR,false,Alexis-robert-bricolage.com,/go/3230447955473337056.html?categoryId=3687&offerKey=ee191d70435f1555f66d1730eda64332&offerListId=5005363-F47EF76C661583B2F907C155310A0E5E&pos=13&price=180.40&productid=5005363&sid=288310&type=offer,0,/prix/5005363/makita-hp457dwe10.html
176,138,"Perceuse visseuse à percussion 18 V Li-Ion 1,5 Ah",184.0,EUR,false,Comptoirdespros.com,/go/3226800683179049035.html?categoryId=3687&offerKey=49b4702bd6d04f3af7a5cb37be3b1a38&offerListId=5005363-F47EF76C661583B2F907C155310A0E5E&pos=14&price=184.00&productid=5005363&sid=283959&type=offer,0,/prix/5005363/makita-hp457dwe10.html
177,138,"Perceuse visseuse à percussion MAKITA 18 V Li-Ion 1,3 Ah Ø 13 mm ( kit d'ac­ces­soires)- HP457DWE10",184.55,EUR,false,Bati-avenue.com,/go/3174964786081310739.html?categoryId=3687&offerKey=86ddf2e589982d3d551f712d34ce05df&offerListId=5005363-F47EF76C661583B2F907C155310A0E5E&pos=15&price=184.55&productid=5005363&sid=283034&type=offer,0,/prix/5005363/makita-hp457dwe10.html
178,141,DESTOCKAGE Ponceuse ex­cen­trique 125mm ROS300A RYOBI,49.0,EUR,false,Superperfo.fr,/go/3174402749053797438.html?categoryId=3706&offerKey=6a5595e1341cf4729cad8a5d454e666e&offerListId=3234474-BC1296D94A05C6F05FCB6C8CC627A163&pos=1&price=49.00&productid=3234474&sid=315080&type=offer,0,/prix/3234474/ryobi-ros300a.html
179,141,"
document.getElementById(""result-1-offerinfo"").title = document.getElementById(""result-1-offerinfo"").innerHTML = idealoApp.getContents('#J@3: #~$b__p !@?46FD6 U28C2G6j 6IUD9Jj46?UD9JjEC:BF6');
",59.77,EUR,false,espace-bricolage,/go/3257193072762553201.html?categoryId=3706&offerKey=fad6ea08d29ce6e2d3d9ba1264a4f6dd&offerListId=3234474-BC1296D94A05C6F05FCB6C8CC627A163&pos=2&price=59.77&productid=3234474&sid=24573&type=offer,0,/prix/3234474/ryobi-ros300a.html
180,141,Ponceuse ex­cen­trique Ryobi ROS300A,62.0,EUR,false,Rotopino.fr,/go/9965381402.html?categoryId=3706&offerKey=7b1a0b742bccc33026c4c69426c1f460&offerListId=3234474-BC1296D94A05C6F05FCB6C8CC627A163&pos=3&price=62.00&productid=3234474&sid=287166&type=offer,0,/prix/3234474/ryobi-ros300a.html
181,141,"
document.getElementById(""result-3-offerinfo"").title = document.getElementById(""result-3-offerinfo"").innerHTML = idealoApp.getContents('#J@3: #~$b__p !@?46FD6 U28C2G6j 6IUD9Jj46?UD9JjEC:BF6');
",64.65,EUR,false,Amazon.fr,/go/9607433082.html?categoryId=3706&offerKey=c9e16021e2a3bdb8ea79021cfdeb6034&offerListId=3234474-BC1296D94A05C6F05FCB6C8CC627A163&pos=4&price=64.65&productid=3234474&sid=12003&type=offer,0,/prix/3234474/ryobi-ros300a.html
182,141,Ponceuse ex­cen­trique électrique RYOBI 300W 125mm - sac de transport - ROS300A,64.65,EUR,false,ManoMano.fr,/go/7933964025.html?categoryId=3706&offerKey=fbf5cb9479b07996284f441851f93cbc&offerListId=3234474-BC1296D94A05C6F05FCB6C8CC627A163&pos=5&price=64.65&productid=3234474&sid=291209&type=offer,0,/prix/3234474/ryobi-ros300a.html
183,141,RYOBI Ponceuse ex­cen­trique + 20 feuilles - 300W,64.65,EUR,false,Cdiscount.com,/go/3199713179286382599.html?categoryId=3706&offerKey=dd628cbef29638f4b8160b4ebc8de449&offerListId=3234474-BC1296D94A05C6F05FCB6C8CC627A163&pos=6&price=64.65&productid=3234474&sid=29061&type=offer,0,/prix/3234474/ryobi-ros300a.html
184,141,Ponceuse ex­cen­trique électrique RYOBI 300W 125mm - sac de transport - ROS300A,69.56,EUR,false,Ubaldi.com (Marketplace),/go/3221509303993108244.html?categoryId=3706&offerKey=bf55224ca9fc6da60b64714a368527e0&offerListId=3234474-BC1296D94A05C6F05FCB6C8CC627A163&pos=7&price=69.56&productid=3234474&sid=316737&type=offer,0,/prix/3234474/ryobi-ros300a.html
185,141,Ryobi Ponceuse ex­cen­trique Ros300A diamètre de ponçage 125mm,69.98,EUR,false,Rueducommerce.fr (Marketplace),/go/3213754765359973642.html?categoryId=3706&offerKey=7a04f1ca043ee326d5dfc6d59a821403&offerListId=3234474-BC1296D94A05C6F05FCB6C8CC627A163&pos=8&price=69.98&productid=3234474&sid=25482&type=offer,0,/prix/3234474/ryobi-ros300a.html
186,141,"Ryobi ROS300A, 5133001142",72.81,EUR,false,fr.mioga.de,/go/3261216434163811938.html?categoryId=3706&offerKey=7801a9fd3a21bc12740e2df228b7c1ac&offerListId=3234474-BC1296D94A05C6F05FCB6C8CC627A163&pos=9&price=72.81&productid=3234474&sid=310351&type=offer,0,/prix/3234474/ryobi-ros300a.html
187,141,Ponceuse ex­cen­trique RYOBI ROS300A diamètre de ponçage 125mm,73.0,EUR,false,Rakuten.com FR,/go/1142570762.html?categoryId=3706&offerKey=9c18b1f4538db6b6fc8d43d278cdf5fc&offerListId=3234474-BC1296D94A05C6F05FCB6C8CC627A163&pos=10&price=73.00&productid=3234474&sid=26246&type=offer,0,/prix/3234474/ryobi-ros300a.html
188,141,Ponceuse à bande Ryobi Ryobi - ponceuse ex­cen­trique 125 mm 300w - ros300a,73.43,EUR,false,Darty.com (Marketplace),/go/3267839154905418246.html?categoryId=3706&offerKey=4530557f960df2f3b88451642b98995d&offerListId=3234474-BC1296D94A05C6F05FCB6C8CC627A163&pos=11&price=73.43&productid=3234474&sid=316364&type=offer,0,/prix/3234474/ryobi-ros300a.html
189,141,Ryobi Ponceuse ex­cen­trique Ros300A diamètre de ponçage 125mm,74.46,EUR,false,Rueducommerce.fr (Marketplace),/go/3258531919897298796.html?categoryId=3706&offerKey=93608683f1d3027eb1f736f05a7a8285&offerListId=3234474-BC1296D94A05C6F05FCB6C8CC627A163&pos=12&price=74.46&productid=3234474&sid=25482&type=offer,0,/prix/3234474/ryobi-ros300a.html
190,141,Ryobi ROS300A Ponceuse ex­cen­trique - 300W - 125mm - variable,75.19,EUR,false,Fixami.fr,/go/3235106727416300558.html?categoryId=3706&offerKey=e705636a42d94ce9a171ab2a57458fc3&offerListId=3234474-BC1296D94A05C6F05FCB6C8CC627A163&pos=13&price=75.19&productid=3234474&sid=306120&type=offer,0,/prix/3234474/ryobi-ros300a.html
191,141,Ryobi Ponceuse ex­cen­trique Ros300A diamètre de ponçage 125mm,75.97,EUR,false,Rueducommerce.fr (Marketplace),/go/3213754845913686726.html?categoryId=3706&offerKey=854556e2cd1b782cc81e50e723fd9923&offerListId=3234474-BC1296D94A05C6F05FCB6C8CC627A163&pos=14&price=75.97&productid=3234474&sid=25482&type=offer,0,/prix/3234474/ryobi-ros300a.html
192,141,Ryobi ROS300A - Ponceuse ex­cen­trique,77.18,EUR,false,Mytoolstore.fr,/go/3229324285011036046.html?categoryId=3706&offerKey=1fb9ddb75e511de627e3270f4e4aa1ab&offerListId=3234474-BC1296D94A05C6F05FCB6C8CC627A163&pos=15&price=77.18&productid=3234474&sid=29224&type=offer,0,/prix/3234474/ryobi-ros300a.html
193,160,"Verdemax 9031 0,5 x 5 m Rouleau de Filet carré en métal galvanisé - Gris",12.9,EUR,false,PERAGA GARDEN CENTER,/go/3200912483449582293.html?price=12.90&sid=24573&type=oc_offer,0,/type/8015358090315.html
194,160,"Verdemax 9031 0,5 x 5 m Rouleau de Filet carré en métal galvanisé - Gris",23.51,EUR,false,Amazon.fr,/go/7650079947.html?price=23.51&sid=12003&type=oc_offer,0,/type/8015358090315.html
195,166,"
document.getElementById(""result-0-offerinfo"").title = document.getElementById(""result-0-offerinfo"").innerHTML = idealoApp.getContents('#J@3: #qr`g{ad r92C86FC ` 9 6E 32EE6C:6 =:UD9JjE9:F\>\\:@? `g \' a[d p9');
",156.24,EUR,false,Indoostrial,/go/3252459745832864009.html?categoryId=18715&offerKey=077bf237666eda2a52976926be9978d7&offerListId=5120947-00AD432C2A3DA569E93323CE96846FBF&pos=1&price=156.24&productid=5120947&sid=24573&type=offer,0,/prix/5120947/ryobi-rbc18l25.html
196,167,"
document.getElementById(""result-0-offerinfo"").title = document.getElementById(""result-0-offerinfo"").innerHTML = idealoApp.getContents('#J@3: #rs`a_`a{ `a \' {:\\x@UD9Jj?p4UD9Jj4Fd`bb__``dg');
",87.46,EUR,false,espace-bricolage,/go/9996170996.html?categoryId=3687&offerKey=fef4ca77712957a45b612a4c079a4b05&offerListId=3166648-374F903BDD474BE0D372DEFE23B6FE51&pos=1&price=87.46&productid=3166648&sid=24573&type=offer,0,/prix/3166648/ryobi-rcd12012l.html
197,167,DESTOCKAGE Perceuse Visseuse RYOBI 12V R12DDLL13S + 12 EMBOUTS AEG OFFERT,94.9,EUR,false,Superperfo.fr,/go/3174402749863306449.html?categoryId=3687&offerKey=dbd598597fe1cd70de0a921abfc2b403&offerListId=3166648-374F903BDD474BE0D372DEFE23B6FE51&pos=2&price=94.90&productid=3166648&sid=315080&type=offer,0,/prix/3166648/ryobi-rcd12012l.html
198,167,Per­ceuse-vis­seuse compacte RYOBI 12V Li­thium-ion - 2 batteries 1.3Ah - 1 chargeur 1h - sac RCD12012L,96.64,EUR,false,ManoMano.fr,/go/9630784776.html?categoryId=3687&offerKey=ecc4f6413a73d658fdc8e83ddaf70c44&offerListId=3166648-374F903BDD474BE0D372DEFE23B6FE51&pos=3&price=96.64&productid=3166648&sid=291209&type=offer,0,/prix/3166648/ryobi-rcd12012l.html
199,167,"RYOBI Pack Per­ceuse-vis­seuse + 2 Batteries - 25 Nm - 1,3Ah",97.06,EUR,false,Cdiscount.com,/go/3199833989934226058.html?categoryId=3687&offerKey=262bcf3b27ca89e3715ec62800622361&offerListId=3166648-374F903BDD474BE0D372DEFE23B6FE51&pos=4&price=97.06&productid=3166648&sid=29061&type=offer,0,/prix/3166648/ryobi-rcd12012l.html
200,167,"Perceuse sans fil RYOBI RCD12012L, 12V 2 batteries",99.9,EUR,false,Rakuten.com FR,/go/4445387615.html?categoryId=3687&offerKey=f32e4fe99a57c1ab78d3522997430636&offerListId=3166648-374F903BDD474BE0D372DEFE23B6FE51&pos=5&price=99.90&productid=3166648&sid=26246&type=offer,0,/prix/3166648/ryobi-rcd12012l.html
201,167,Perceuse - visseuse sans fil RCD12012L,101.78,EUR,false,Ubaldi.com (Marketplace),/go/3221509386010630466.html?categoryId=3687&offerKey=125db0c22323b3d703311663eeddd242&offerListId=3166648-374F903BDD474BE0D372DEFE23B6FE51&pos=6&price=101.78&productid=3166648&sid=316737&type=offer,0,/prix/3166648/ryobi-rcd12012l.html
202,167,Per­ceuse-vis­seuse Ryobi RCD12012L,102.0,EUR,false,Rotopino.fr,/go/7596278812.html?categoryId=3687&offerKey=ba26efb5394e6871902721aec2d6cf12&offerListId=3166648-374F903BDD474BE0D372DEFE23B6FE51&pos=7&price=102.00&productid=3166648&sid=287166&type=offer,0,/prix/3166648/ryobi-rcd12012l.html
203,167,Ryobi Per­ceuse-vis­seuse compacte 12V Li­thium-ion - 2 batteries 1.3Ah - 1 chargeur 1h - sac RCD12012L,102.2,EUR,false,Rueducommerce.fr (Marketplace),/go/3213756228471622598.html?categoryId=3687&offerKey=72a6ffc38b2e5cb85ca045e8678c5a99&offerListId=3166648-374F903BDD474BE0D372DEFE23B6FE51&pos=8&price=102.20&productid=3166648&sid=25482&type=offer,0,/prix/3166648/ryobi-rcd12012l.html
204,167,Ryobi RCD12012L Perceuse visseuse à batterie 12V Li-Ion (2x batterie 1.3Ah) dans sac - 10mm,108.99,EUR,false,Fixami.fr,/go/3235106726713754068.html?categoryId=3687&offerKey=668384adbd8e0854205f10f85d9d85f1&offerListId=3166648-374F903BDD474BE0D372DEFE23B6FE51&pos=9&price=108.99&productid=3166648&sid=306120&type=offer,0,/prix/3166648/ryobi-rcd12012l.html
205,167,Ryobi Per­ceuse-vis­seuse compacte 12V Li­thium-ion - 2 batteries 1.3Ah - 1 chargeur 1h - sac RCD12012L,117.93,EUR,false,Rueducommerce.fr (Marketplace),/go/3262619906870347427.html?categoryId=3687&offerKey=bec93afe745835e4666df6fad2b7aa24&offerListId=3166648-374F903BDD474BE0D372DEFE23B6FE51&pos=10&price=117.93&productid=3166648&sid=25482&type=offer,0,/prix/3166648/ryobi-rcd12012l.html
206,167,Ryobi Per­ceuse-vis­seuse compacte 12V Li­thium-ion - 2 batteries 1.3Ah - 1 chargeur 1h - sac RCD12012L,123.91,EUR,false,Rueducommerce.fr (Marketplace),/go/3213757095971136117.html?categoryId=3687&offerKey=3dc950b043a2139237746f8a4ad7d9a6&offerListId=3166648-374F903BDD474BE0D372DEFE23B6FE51&pos=11&price=123.91&productid=3166648&sid=25482&type=offer,0,/prix/3166648/ryobi-rcd12012l.html
207,167,Ryobi Per­ceuse-vis­seuse compacte 12V Li­thium-ion - 2 batteries 1.3Ah - 1 chargeur 1h - sac RCD12012L,126.07,EUR,false,Rueducommerce.fr (Marketplace),/go/3213757069523949499.html?categoryId=3687&offerKey=43fa4c4528914bd11612cb000874f7ec&offerListId=3166648-374F903BDD474BE0D372DEFE23B6FE51&pos=12&price=126.07&productid=3166648&sid=25482&type=offer,0,/prix/3166648/ryobi-rcd12012l.html
208,167,Ryobi Per­ceuse-vis­seuse compacte 12V Li­thium-ion - 2 batteries 1.3Ah - 1 chargeur 1h - sac RCD12012L,129.0,EUR,false,Rueducommerce.fr (Marketplace),/go/3267198949898847878.html?categoryId=3687&offerKey=ac72083630239aba37df2cdcd9642e9f&offerListId=3166648-374F903BDD474BE0D372DEFE23B6FE51&pos=13&price=129.00&productid=3166648&sid=25482&type=offer,0,/prix/3166648/ryobi-rcd12012l.html
209,167,Ryobi RCD12012L Per­ceuse-vis­seuse sans fil 12 V avec 2. batterie et chargeur,130.38,EUR,false,Mytoolstore.fr,/go/3158441299709802327.html?categoryId=3687&offerKey=abebecfce8808d375d082ec1db4794fd&offerListId=3166648-374F903BDD474BE0D372DEFE23B6FE51&pos=14&price=130.38&productid=3166648&sid=29224&type=offer,0,/prix/3166648/ryobi-rcd12012l.html
210,167,Ryobi Per­ceuse-vis­seuse compacte 12V Li­thium-ion - 2 batteries 1.3Ah - 1 chargeur 1h - sac RCD12012L,131.53,EUR,false,Rueducommerce.fr (Marketplace),/go/3213753585066064684.html?categoryId=3687&offerKey=859ff7b1476574c8a3db3910db91b0d6&offerListId=3166648-374F903BDD474BE0D372DEFE23B6FE51&pos=15&price=131.53&productid=3166648&sid=25482&type=offer,0,/prix/3166648/ryobi-rcd12012l.html
211,186,"Sika Multiseal, Bande d'étanchéité autocollante résistante à la déchirure, 300mm x 10m, Terre cuite",48.37,EUR,false,Amazon.fr,/go/7339842315.html?price=48.37&sid=12003&type=oc_offer,0,/type/7612894021974.html
212,186,"Sika Multiseal, Bande d'étanchéité autocollante résistante à la déchirure, 300mm x 10m, Terre cuite",51.54,EUR,false,espace-bricolage,/go/3224313463685779534.html?price=51.54&sid=24573&type=oc_offer,0,/type/7612894021974.html
213,186,SIKA - Bande d'étanchéité autocollante a froid -Terre Cuite - 10 m x 300 mm,53.08,EUR,false,Rakuten.com FR,/go/3163192343293604535.html?price=53.08&sid=26246&type=oc_offer,0,/type/7612894021974.html
214,186,"Pistolet à colle, colle Sika Sika - bande d'étanchéité autocollante a froid -terre cuite - 10 m x 300 mm",55.87,EUR,false,Darty.com (Marketplace),/go/3208673872247264246.html?price=55.87&sid=316364&type=oc_offer,0,/type/7612894021974.html
215,186,Bande d'étanchéité bitumineuse SIKA SikaMultiSeal - Terre Cuite - 300mm x 10m,57.06,EUR,false,ManoMano.fr,/go/3188711043664720057.html?price=57.06&sid=291209&type=oc_offer,0,/type/7612894021974.html
216,186,Bande d'étanchéité bitumineuse SIKA SikaMultiSeal - Terre Cuite - 300mm x 10m,59.26,EUR,false,Ubaldi.com (Marketplace),/go/3222693904398690431.html?price=59.26&sid=316737&type=oc_offer,0,/type/7612894021974.html
217,186,Sika Bande d'étanchéité autocollante a froid -terre Cuite - 10 m x 300 mm,65.49,EUR,false,Rueducommerce.fr (Marketplace),/go/3251936996649601013.html?price=65.49&sid=25482&type=oc_offer,0,/type/7612894021974.html
218,186,Sika Bande d'étanchéité autocollante a froid -terre Cuite - 10 m x 300 mm,68.7,EUR,false,Rueducommerce.fr (Marketplace),/go/3251937025105854709.html?price=68.70&sid=25482&type=oc_offer,0,/type/7612894021974.html
219,186,Sika Bande d'étanchéité autocollante a froid -terre Cuite - 10 m x 300 mm,74.11,EUR,false,Rueducommerce.fr (Marketplace),/go/3251936988690908113.html?price=74.11&sid=25482&type=oc_offer,0,/type/7612894021974.html
220,186,Sika Bande d'étanchéité autocollante a froid -terre Cuite - 10 m x 300 mm,76.7,EUR,false,Rueducommerce.fr (Marketplace),/go/3253253319361036577.html?price=76.70&sid=25482&type=oc_offer,0,/type/7612894021974.html
