,index_data,product_name,product_price,currency,voucher,shop_name,url_origin,url_image,id_page
0,12058,Colle fixation Crystal transparent One for All tube de 90g PATTEX,7.5,EUR,false,ManoMano.fr,/go/3230212593593353775.html?price=7.50&sid=291209&type=oc_offer,0,/type/3178041332774.html
1,12058,Colle fixation crystal transparent one for all tube de 90g pattex,7.5,EUR,false,Alexis-robert-bricolage.com,/go/3230447948206702618.html?price=7.50&sid=288310&type=oc_offer,0,/type/3178041332774.html
2,12067,Ponceuse à bande Makita Ponceuse à bande 76 x 457mm - 650w makita 9911,128.94,EUR,false,Darty.com (Marketplace),/go/3223133632847680641.html?categoryId=3706&offerKey=07fd40e3387446a55235d5d04afdf3cc&offerListId=6175212-0191C4CF2220CF6ABB362ED9CA0B902D&pos=1&price=128.94&productid=6175212&sid=316364&type=offer,0,/prix/6175212/makita-9911-basic.html
3,12067,Ponceuse à bande makita 650w 76x457 mm 9911,129.0,EUR,false,fr.tools4pro.com,/go/3209030807964364131.html?categoryId=3706&offerKey=c527622f8ac2f004a096e2ea3e1fa048&offerListId=6175212-0191C4CF2220CF6ABB362ED9CA0B902D&pos=2&price=129.00&productid=6175212&sid=316375&type=offer,0,/prix/6175212/makita-9911-basic.html
4,12067,"
document.getElementById(""result-2-offerinfo"").title = document.getElementById(""result-2-offerinfo"").innerHTML = idealoApp.getContents('|2\<:E2 \\ !@?46FD6 U28C2G6j 32?56 ed_( \\ hh``');
",129.4,EUR,false,MTS(PowerTools),/go/3254541761988527492.html?categoryId=3706&offerKey=54f77f6b8c1379c71afb7472fdf15f15&offerListId=6175212-0191C4CF2220CF6ABB362ED9CA0B902D&pos=3&price=129.40&productid=6175212&sid=24573&type=offer,0,/prix/6175212/makita-9911-basic.html
5,12067,Makita 9911 Ponceuse à bande - 650W - 76 x 457mm,129.99,EUR,false,Fixami.fr,/go/3235106706717409427.html?categoryId=3706&offerKey=eedb685598cd10a8c8ab5a1b5c243f9e&offerListId=6175212-0191C4CF2220CF6ABB362ED9CA0B902D&pos=4&price=129.99&productid=6175212&sid=306120&type=offer,0,/prix/6175212/makita-9911-basic.html
6,12067,Ponceuse à bande 76 x 457mm 650W MAKITA 9911,131.33,EUR,false,Ubaldi.com (Marketplace),/go/3221509303760331499.html?categoryId=3706&offerKey=bc1f6cb3a495040e8ed0529389b7b1bb&offerListId=6175212-0191C4CF2220CF6ABB362ED9CA0B902D&pos=5&price=131.33&productid=6175212&sid=316737&type=offer,0,/prix/6175212/makita-9911-basic.html
7,12067,Makita Ponceuse à bande 76 x 457mm - 650W 9911,131.33,EUR,false,Rueducommerce.fr (Marketplace),/go/3264660439312630280.html?categoryId=3706&offerKey=cb8c7148f7e32f9e750a8201c8bd637a&offerListId=6175212-0191C4CF2220CF6ABB362ED9CA0B902D&pos=6&price=131.33&productid=6175212&sid=25482&type=offer,0,/prix/6175212/makita-9911-basic.html
8,12067,Ponceuse à Bande MAKITA 9911 650 W 76 x 457 mm,139.0,EUR,false,Racetools.fr,/go/3231739100996307600.html?categoryId=3706&offerKey=3849b60aa86291cdfb12a8de06ce70f5&offerListId=6175212-0191C4CF2220CF6ABB362ED9CA0B902D&pos=7&price=139.00&productid=6175212&sid=284284&type=offer,0,/prix/6175212/makita-9911-basic.html
9,12067,"
document.getElementById(""result-7-offerinfo"").title = document.getElementById(""result-7-offerinfo"").innerHTML = idealoApp.getContents('|2UD9Jj\<:UD9JjE2ad`fc4\> f]e4\> f]e4\> fd 0 !@F46 U8EjU8Ej $4 $4 U8EjU8Ej ) cdf\>\> #U624FE6jD:DE2?E u:=2:C6 ac_G');
",139.04,EUR,false,buyaparcel-store,/go/3262176175293727886.html?categoryId=3706&offerKey=899706fb5af6553c3f4ff55b56031645&offerListId=6175212-0191C4CF2220CF6ABB362ED9CA0B902D&pos=8&price=139.04&productid=6175212&sid=24572&type=offer,0,/prix/6175212/makita-9911-basic.html
10,12067,Ponceuse à bande 76 x 457mm - 650W Makita 9911,140.75,EUR,false,Rakuten.com FR,/go/1801716849.html?categoryId=3706&offerKey=11594ffabf3605548117a7c87d7343d7&offerListId=6175212-0191C4CF2220CF6ABB362ED9CA0B902D&pos=9&price=140.75&productid=6175212&sid=26246&type=offer,0,/prix/6175212/makita-9911-basic.html
11,12067,Makita Ponceuse À Bande 650 W 76 X 457 Mm,144.1,EUR,false,Bricum.com (FR),/go/3224041802208125609.html?categoryId=3706&offerKey=62357c37b51fe07b5133d17672428c6a&offerListId=6175212-0191C4CF2220CF6ABB362ED9CA0B902D&pos=10&price=144.10&productid=6175212&sid=313235&type=offer,0,/prix/6175212/makita-9911-basic.html
12,12067,"
document.getElementById(""result-10-offerinfo"").title = document.getElementById(""result-10-offerinfo"").innerHTML = idealoApp.getContents('|2\<:E2 \\ !@?46FD6 U28C2G6j 32?56 ed_( \\ hh``');
",145.59,EUR,false,Amazon.fr,/go/7299727115.html?categoryId=3706&offerKey=4499cecf4121d5aaa0c82e2dd7afadd4&offerListId=6175212-0191C4CF2220CF6ABB362ED9CA0B902D&pos=11&price=145.59&productid=6175212&sid=12003&type=offer,0,/prix/6175212/makita-9911-basic.html
13,12067,Ponceuse à bande Makita 9911,146.0,EUR,false,Rotopino.fr,/go/4056405437.html?categoryId=3706&offerKey=48e29cb569c8924e738992ee11e85441&offerListId=6175212-0191C4CF2220CF6ABB362ED9CA0B902D&pos=12&price=146.00&productid=6175212&sid=287166&type=offer,0,/prix/6175212/makita-9911-basic.html
14,12067,Makita Ponceuse à bande 76 x 457mm - 650W 9911,148.67,EUR,false,Rueducommerce.fr (Marketplace),/go/3213753962599552001.html?categoryId=3706&offerKey=36d939ef91dec2e62faa32b81a8221f7&offerListId=6175212-0191C4CF2220CF6ABB362ED9CA0B902D&pos=13&price=148.67&productid=6175212&sid=25482&type=offer,0,/prix/6175212/makita-9911-basic.html
15,12067,Makita Ponceuse à bande 76 x 457mm - 650W 9911,152.9,EUR,false,Rueducommerce.fr (Marketplace),/go/3267512897533641185.html?categoryId=3706&offerKey=3431aa2857c92ac11408d3a08fe83dd1&offerListId=6175212-0191C4CF2220CF6ABB362ED9CA0B902D&pos=14&price=152.90&productid=6175212&sid=25482&type=offer,0,/prix/6175212/makita-9911-basic.html
16,12067,Makita Ponceuse à bande 76 x 457mm - 650W 9911,154.08,EUR,false,Rueducommerce.fr (Marketplace),/go/3213756791642919843.html?categoryId=3706&offerKey=16f4cfa63b60a8504ffda281370cdf0f&offerListId=6175212-0191C4CF2220CF6ABB362ED9CA0B902D&pos=15&price=154.08&productid=6175212&sid=25482&type=offer,0,/prix/6175212/makita-9911-basic.html
17,12072,Bosch GSB 18V-85 C Pro­fes­sio­nal 2x 5Ah Batterie + GAL1880 + L-BOXX,344.95,EUR,false,Passiontec.fr,/go/8173876325.html?categoryId=3687&offerKey=a7fa597666457fe8a820f11dcad173a1&offerListId=5115594-8FC5DB0A16372E82ED02063F24CD3A3F&pos=1&price=344.95&productid=5115594&sid=308891&type=offer,0,/prix/5115594/bosch-gsb-18v-75-c-0-601-9g0-300.html
18,12072,Bosch GSB 18V-85 C Perceuse visseuse à percussion à batteries 18V Li-Ion (2x batterie 5.0Ah) dans L-Boxx,384.99,EUR,false,Fixami.fr,/go/3235106740760479236.html?categoryId=3687&offerKey=1e558f5077a6d973bba55cd8cd61aa7c&offerListId=5115594-8FC5DB0A16372E82ED02063F24CD3A3F&pos=2&price=384.99&productid=5115594&sid=306120&type=offer,0,/prix/5115594/bosch-gsb-18v-75-c-0-601-9g0-300.html
19,12072,Per­ceuses-vis­seuses à percussion sans fil BOSCH GSB 18V-85 C Pro­fes­sio­nal (2x5ah),386.0,EUR,false,Racetools.fr,/go/3250796409441485391.html?categoryId=3687&offerKey=959dd0af9a896d2f85ba0248c500e87c&offerListId=5115594-8FC5DB0A16372E82ED02063F24CD3A3F&pos=3&price=386.00&productid=5115594&sid=284284&type=offer,0,/prix/5115594/bosch-gsb-18v-75-c-0-601-9g0-300.html
20,12072,BOSCH Perceuse visseuse percu 18V connec­table GSB18V-85C - 06019G0300,399.9,EUR,false,ManoMano.fr,/go/3189980928623522889.html?categoryId=3687&offerKey=24e0e2c3dc68457186957119722fb7c3&offerListId=5115594-8FC5DB0A16372E82ED02063F24CD3A3F&pos=4&price=399.90&productid=5115594&sid=291209&type=offer,0,/prix/5115594/bosch-gsb-18v-75-c-0-601-9g0-300.html
21,12072,Bosch perceuse visseuse percu 18v connec­table gsb18v-85c - 06019g0300,399.9,EUR,false,Guedo-outillage.fr,/go/8239383465.html?categoryId=3687&offerKey=03bd734370bf994db6f3cdee4ecd42d7&offerListId=5115594-8FC5DB0A16372E82ED02063F24CD3A3F&pos=5&price=399.90&productid=5115594&sid=69278&type=offer,0,/prix/5115594/bosch-gsb-18v-75-c-0-601-9g0-300.html
22,12072,Bosch Per­ceuses-vis­seuses à percussion sans fil GSB 18V-85 C Pro­fes­sio­nal 2x5ah,424.6,EUR,false,Rueducommerce.fr (Marketplace),/go/3267512898911470908.html?categoryId=3687&offerKey=50dc47df654c48d1d127b24e36167254&offerListId=5115594-8FC5DB0A16372E82ED02063F24CD3A3F&pos=6&price=424.60&productid=5115594&sid=25482&type=offer,0,/prix/5115594/bosch-gsb-18v-75-c-0-601-9g0-300.html
23,12072,Per­ceuses-vis­seuses à percussion sans fil Bosch PRO GSB 18V-85 C Pro­fes­sio­nal 06019G0300,459.36,EUR,false,Master-outillage.com,/go/3155423459700386230.html?categoryId=3687&offerKey=b195f9f857f9327271f3fa1e55ed7702&offerListId=5115594-8FC5DB0A16372E82ED02063F24CD3A3F&pos=7&price=459.36&productid=5115594&sid=282706&type=offer,0,/prix/5115594/bosch-gsb-18v-75-c-0-601-9g0-300.html
24,12072,Per­ceuse-vis­seuse à percussion sans fil GSB 18V-85 C,478.5,EUR,false,Comptoirdespros.com,/go/3226800631498933675.html?categoryId=3687&offerKey=fa2eedf4f13102be7e5519305f38bce4&offerListId=5115594-8FC5DB0A16372E82ED02063F24CD3A3F&pos=8&price=478.50&productid=5115594&sid=283959&type=offer,0,/prix/5115594/bosch-gsb-18v-75-c-0-601-9g0-300.html
25,12072,Bosch Per­ceuses-vis­seuses à percussion sans fil GSB 18V-85 C - 06019G0300,478.59,EUR,false,Mytoolstore.fr,/go/3229324294899105946.html?categoryId=3687&offerKey=13c9725e8e58ebb9f6eeeecf8034ec62&offerListId=5115594-8FC5DB0A16372E82ED02063F24CD3A3F&pos=9&price=478.59&productid=5115594&sid=29224&type=offer,0,/prix/5115594/bosch-gsb-18v-75-c-0-601-9g0-300.html
26,12072,Bosch Per­ceuses-vis­seuses à percussion sans fil GSB 18V-85 C Pro­fes­sio­nal 2x5ah,479.89,EUR,false,Rueducommerce.fr (Marketplace),/go/3213756977463178507.html?categoryId=3687&offerKey=b419a55d1c69f73e13ad1313ff5b1978&offerListId=5115594-8FC5DB0A16372E82ED02063F24CD3A3F&pos=10&price=479.89&productid=5115594&sid=25482&type=offer,0,/prix/5115594/bosch-gsb-18v-75-c-0-601-9g0-300.html
27,12072,Bosch Per­ceuses-vis­seuses à percussion sans fil GSB 18V-85 C - 06019G0300,490.19,EUR,false,Rakuten.com FR,/go/3188516529819878698.html?categoryId=3687&offerKey=4fbef5a6cdfe9f3910a602524eb5e338&offerListId=5115594-8FC5DB0A16372E82ED02063F24CD3A3F&pos=11&price=490.19&productid=5115594&sid=26246&type=offer,0,/prix/5115594/bosch-gsb-18v-75-c-0-601-9g0-300.html
28,12072,"
document.getElementById(""result-11-offerinfo"").title = document.getElementById(""result-11-offerinfo"").innerHTML = idealoApp.getContents('q2EE6C:6 q@D49 |2CE62F vD3 `g\'\\gd r 2G64 a ) d[_ p9 q2EE6C:6 {: x@? [ {\\q~)) _');
",517.99,EUR,false,autorefinish,/go/3243651468560958589.html?categoryId=3687&offerKey=35c76a6e7677c9d4705bab3386c48975&offerListId=5115594-8FC5DB0A16372E82ED02063F24CD3A3F&pos=12&price=517.99&productid=5115594&sid=24572&type=offer,0,/prix/5115594/bosch-gsb-18v-75-c-0-601-9g0-300.html
29,12072,"Per­ceuse-vis­seuse à percussion sans fil Bosch Pro­fes­sio­nal 06019G0300 18 V 5 Ah Li-Ion + 2 batteries, + mallette, + module Bluetooth 1 pc(s)",575.0,EUR,false,Conrad.fr,/go/3254686469876351561.html?categoryId=3687&offerKey=4cafe9e000769f5613e8b000e714fc68&offerListId=5115594-8FC5DB0A16372E82ED02063F24CD3A3F&pos=13&price=575.00&productid=5115594&sid=286907&type=offer,0,/prix/5115594/bosch-gsb-18v-75-c-0-601-9g0-300.html
30,12072,Per­ceuse-vis­seuse à percussion sans fil GSB 18V-85 C Bosch Pro­fes­sio­nal,672.26,EUR,false,Mabeo-direct.com,/go/3167171786192203420.html?categoryId=3687&offerKey=db091afd0ad21fb931d68229ebaf0aea&offerListId=5115594-8FC5DB0A16372E82ED02063F24CD3A3F&pos=14&price=672.26&productid=5115594&sid=297509&type=offer,0,/prix/5115594/bosch-gsb-18v-75-c-0-601-9g0-300.html
31,12072,"
document.getElementById(""result-14-offerinfo"").title = document.getElementById(""result-14-offerinfo"").innerHTML = idealoApp.getContents('q@D49 !C@UD9Jj76DUD9JjD:@UD9Jj?2= v$q `g \'\\gd r \\ !6C46FD6 G:DD6FD6 U28C2G6j A6C4FD:@? U28C2G6j 32EE6C:6');
",721.85,EUR,false,SEDIVA FR,/go/3262129448398358270.html?categoryId=3687&offerKey=4a77e136c6fb2a81bd2458e5f4baaa63&offerListId=5115594-8FC5DB0A16372E82ED02063F24CD3A3F&pos=15&price=721.85&productid=5115594&sid=24573&type=offer,0,/prix/5115594/bosch-gsb-18v-75-c-0-601-9g0-300.html
32,12120,"
document.getElementById(""result-0-offerinfo"").title = document.getElementById(""result-0-offerinfo"").innerHTML = idealoApp.getContents('$@:? ^ 5U624FE6jUD9Jj3C@FDUD9JjD2:==6FD6 (~#) (v`ebt 7@FC?: a 32EE6C:6D {x%wx\&| a_\' a]_ 29');
",139.4,EUR,false,2013agrifer,/go/3244904635994998378.html?categoryId=11275&offerKey=cfec62f107ca002af6861c1342581ef6&offerListId=5587289-669FB9B926119E99864CF9B84D1381C7&pos=1&price=139.40&productid=5587289&sid=24572&type=offer,0,/prix/5587289/worx-wg163e.html
33,12121,Hyundai perceuse sans fil 18V 2 batteries 1.5Ah coffret Bmc Hpvd18L15-A,66.88,EUR,false,Rueducommerce.fr (Marketplace),/go/3252117701266506389.html?price=66.88&sid=25482&type=oc_offer,0,/type/3661602017048.html
34,12121,Hyundai perceuse sans fil 18V 2 batteries 1.5Ah coffret BMC HPVD18L15-A,79.9,EUR,false,ManoMano.fr,/go/3252521064212727028.html?price=79.90&sid=291209&type=oc_offer,0,/type/3661602017048.html
35,12121,Hyundai perceuse sans fil 18V 2 batteries 1.5Ah coffret BMC HPVD18L15-A,79.9,EUR,false,Ubaldi.com (Marketplace),/go/3254987624684719023.html?price=79.90&sid=316737&type=oc_offer,0,/type/3661602017048.html
36,12121,Hyundai perceuse sans fil 18V 2 batteries 1.5Ah coffret BMC HPVD18L15-A,79.9,EUR,false,Rakuten.com FR,/go/3251899652093511626.html?price=79.90&sid=26246&type=oc_offer,0,/type/3661602017048.html
37,12124,"Makita PJ7000J routeur d'ali­men­ta­tion 700 W 0 - 11000 tr/min Noir, Bleu, Fraiseuse de rainure",259.0,EUR,false,Alternate.fr,/go/3249435656740407991.html?categoryId=3750&offerKey=a66d1f42da02a24129e6ee28c286d881&offerListId=3978999-5C1DC11E3FF6D0EF4602910EE921529C&pos=1&price=259.00&productid=3978999&sid=291809&type=offer,0,/prix/3978999/makita-pj7000j.html
38,12124,Lamelleuse MAKITA PJ7000J 701 W,260.0,EUR,false,Racetools.fr,/go/5861634083.html?categoryId=3750&offerKey=da9b9f9b87aa0eabfd57a4a33f8d62b0&offerListId=3978999-5C1DC11E3FF6D0EF4602910EE921529C&pos=2&price=260.00&productid=3978999&sid=284284&type=offer,0,/prix/3978999/makita-pj7000j.html
39,12124,"
document.getElementById(""result-2-offerinfo"").title = document.getElementById(""result-2-offerinfo"").innerHTML = idealoApp.getContents('|2\<:E2 !yf___y {2\>6==6FD6 f_` ([ r@77C6E |2\<\\!24');
",266.99,EUR,false,Amazon.fr,/go/7301017281.html?categoryId=3750&offerKey=6041700a867e594ab390588787dbd042&offerListId=3978999-5C1DC11E3FF6D0EF4602910EE921529C&pos=3&price=266.99&productid=3978999&sid=12003&type=offer,0,/prix/3978999/makita-pj7000j.html
40,12124,Makita PJ7000J Lamelleuse dans MAKPAC - 701W - 100mm,267.99,EUR,false,Fixami.fr,/go/3235106641581967872.html?categoryId=3750&offerKey=5287c755ddcda5e58bcf890f880c952f&offerListId=3978999-5C1DC11E3FF6D0EF4602910EE921529C&pos=4&price=267.99&productid=3978999&sid=306120&type=offer,0,/prix/3978999/makita-pj7000j.html
41,12124,Lamelleuse 701W coffret MAC PAC référence PJ7000J Makita,276.78,EUR,false,Quincaillerie.pro,/go/3258274786184266568.html?categoryId=3750&offerKey=e737d31640e5ee05c94879e107a56a93&offerListId=3978999-5C1DC11E3FF6D0EF4602910EE921529C&pos=5&price=276.78&productid=3978999&sid=279458&type=offer,0,/prix/3978999/makita-pj7000j.html
42,12124,Makita Lamelleuse 720W en coffret Mak-Pac PJ7000J,286.0,EUR,false,Rueducommerce.fr (Marketplace),/go/3267512898921956678.html?categoryId=3750&offerKey=d0910cae5a471e786738519eb793bca4&offerListId=3978999-5C1DC11E3FF6D0EF4602910EE921529C&pos=6&price=286.00&productid=3978999&sid=25482&type=offer,0,/prix/3978999/makita-pj7000j.html
43,12124,Lamelleuse Makita 701W Coffret MAK-PAC - PJ7000J,287.14,EUR,false,Maxoutil.com,/go/3157955006475277602.html?categoryId=3750&offerKey=973bde89925193c10e3409fbbc3084a9&offerListId=3978999-5C1DC11E3FF6D0EF4602910EE921529C&pos=7&price=287.14&productid=3978999&sid=254364&type=offer,0,/prix/3978999/makita-pj7000j.html
44,12124,Lamelleuse Makita 701W Coffret MAK-PAC - PJ7000J,287.14,EUR,false,ManoMano.fr,/go/3824975087.html?categoryId=3750&offerKey=1369435e254016fe73c90780d4e45053&offerListId=3978999-5C1DC11E3FF6D0EF4602910EE921529C&pos=8&price=287.14&productid=3978999&sid=291209&type=offer,0,/prix/3978999/makita-pj7000j.html
45,12124,Lamelleuse PJ7000J,287.14,EUR,false,Rakuten.com FR,/go/3008288427.html?categoryId=3750&offerKey=e99cd73d21b1d1c81bef5ab5a4c78f92&offerListId=3978999-5C1DC11E3FF6D0EF4602910EE921529C&pos=9&price=287.14&productid=3978999&sid=26246&type=offer,0,/prix/3978999/makita-pj7000j.html
46,12124,Makita Lamelleuse 720W en coffret Mak-Pac PJ7000J,287.14,EUR,false,Rueducommerce.fr (Marketplace),/go/3253386859025269000.html?categoryId=3750&offerKey=da63e38c30a1431cdfedffca5f3ea578&offerListId=3978999-5C1DC11E3FF6D0EF4602910EE921529C&pos=10&price=287.14&productid=3978999&sid=25482&type=offer,0,/prix/3978999/makita-pj7000j.html
47,12124,Lamelleuse fraiseuse à lamelles Makita 701 Watt modèle PJ7000J,292.15,EUR,false,Master-outillage.com,/go/3155423457099917719.html?categoryId=3750&offerKey=29339fd1bfef48d88c334510743de3b7&offerListId=3978999-5C1DC11E3FF6D0EF4602910EE921529C&pos=11&price=292.15&productid=3978999&sid=282706&type=offer,0,/prix/3978999/makita-pj7000j.html
48,12124,Lamelleuse 701 W,294.0,EUR,false,Comptoirdespros.com,/go/3226800688400958230.html?categoryId=3750&offerKey=0bd89a0f8982edf8710bb75c3c8c7de0&offerListId=3978999-5C1DC11E3FF6D0EF4602910EE921529C&pos=12&price=294.00&productid=3978999&sid=283959&type=offer,0,/prix/3978999/makita-pj7000j.html
49,12124,Lamelleuse 701 W dans coffret Makpac - MAKITA PJ7000J,294.19,EUR,false,ManoMano.fr,/go/3267642723284289547.html?categoryId=3750&offerKey=c91696838cc454081b7873985cd579f8&offerListId=3978999-5C1DC11E3FF6D0EF4602910EE921529C&pos=13&price=294.19&productid=3978999&sid=291209&type=offer,0,/prix/3978999/makita-pj7000j.html
50,12124,Makita lamelleuse Ø 100mm 701w coffret mak-pac - pj7000j,294.25,EUR,false,Guedo-outillage.fr,/go/5980316870.html?categoryId=3750&offerKey=84c254e89f78960a56bf25e345810d0d&offerListId=3978999-5C1DC11E3FF6D0EF4602910EE921529C&pos=14&price=294.25&productid=3978999&sid=69278&type=offer,0,/prix/3978999/makita-pj7000j.html
51,12124,Makita Lamelleuse 720W en coffret Mak-Pac PJ7000J,294.25,EUR,false,Rueducommerce.fr (Marketplace),/go/3265937861500731639.html?categoryId=3750&offerKey=e22db583b91962e4fbd85c283e5b63f0&offerListId=3978999-5C1DC11E3FF6D0EF4602910EE921529C&pos=15&price=294.25&productid=3978999&sid=25482&type=offer,0,/prix/3978999/makita-pj7000j.html
52,12167,"Pattex Tube de Colle""Ni clou ni vis"" Démontable - 100 g - Blanc",7.99,EUR,false,Amazon.fr,/go/3217560273212683219.html?price=7.99&sid=12003&type=oc_offer,0,/type/3178040668669.html
53,12167,Colle Ni clou ni vis démontable Pattex - Tube 100 g,7.99,EUR,false,Cdiscount.com,/go/9514091365.html?price=7.99&sid=29061&type=oc_offer,0,/type/3178040668669.html
54,12167,Colle Fixation PATTEX Ni Clou Ni Vis Démontable 100g,8.23,EUR,false,Rakuten.com FR,/go/2022026568.html?price=8.23&sid=26246&type=oc_offer,0,/type/3178040668669.html
55,12167,"Pattex Tube de Colle""Ni clou ni vis"" Démontable - 100 g - Blanc",8.4,EUR,false,Bricolage du Dimanche,/go/3190972108509284016.html?price=8.40&sid=24573&type=oc_offer,0,/type/3178040668669.html
56,12167,Colle Ni Clou Ni Vis Démontable 100g,8.58,EUR,false,ManoMano.fr,/go/3188711261833542561.html?price=8.58&sid=291209&type=oc_offer,0,/type/3178040668669.html
57,12167,"Pistolet à colle, colle Pattex Ni clou ni vis démontable pattex - tube 100 g",8.63,EUR,false,Darty.com (Marketplace),/go/3211199664994915096.html?price=8.63&sid=316364&type=oc_offer,0,/type/3178040668669.html
58,12167,Colle ni clou ni vis démontable de pattex,9.95,EUR,false,Alexis-robert-bricolage.com,/go/3222599232835816759.html?price=9.95&sid=288310&type=oc_offer,0,/type/3178040668669.html
59,12167,Colle de fixation en tube NCNV Démontable - Pattex - 100g A227377 White,12.18,EUR,false,Manutan.fr,/go/3206151723489959301.html?price=12.18&sid=61993&type=oc_offer,0,/type/3178040668669.html
60,12167,Ni clou ni vis démontable 1473M1027 White,12.66,EUR,false,Manutan.fr,/go/3206151698991028968.html?price=12.66&sid=61993&type=oc_offer,0,/type/3178040668669.html
61,12167,PATTEX - Mastic Ni clou ni vis démontable 100 g,12.79,EUR,false,Ubaldi.com (Marketplace),/go/3221509407017796592.html?price=12.79&sid=316737&type=oc_offer,0,/type/3178040668669.html
62,12167,PATTEX Mastic fixation - Ni Clou Ni Vis - démontable - 100 g,17.03,EUR,false,Home-boulevard.com,/go/733965082.html?price=17.03&sid=280884&type=oc_offer,0,/type/3178040668669.html
63,12232,Perceuse visseuse 18 V Li-Ion 3 Ah Ø 13 mm MAKITA - DDF456RFJ,293.14,EUR,false,Master-outillage.com,/go/3155423452953842673.html?categoryId=3687&offerKey=062977e9e050ebc7d224675d8f674b32&offerListId=4097963-626F8C745F795ABD51BD7D8349632E26&pos=1&price=293.14&productid=4097963&sid=282706&type=offer,0,/prix/4097963/makita-ddf456rfj-2-x-3-0-ah-makpac.html
64,12263,"
document.getElementById(""result-0-offerinfo"").title = document.getElementById(""result-0-offerinfo"").innerHTML = idealoApp.getContents('q@D49 _]e_b]h 2b]`__ \\ \':DD6FD6 ADC\\`g__ {x\\a `g \' `d pw Z \>2=');
",141.22,EUR,false,Verkter,/go/3258867698005705287.html?categoryId=3687&offerKey=9a049b33c1d8e135c0123d81eda682ac&offerListId=5433065-7861E7E545DD90DD10184D9FCBC40081&pos=1&price=141.22&productid=5433065&sid=24573&type=offer,0,/prix/5433065/bosch-psr-1800-li-2-06039a3100.html
65,12263,"
document.getElementById(""result-1-offerinfo"").title = document.getElementById(""result-1-offerinfo"").innerHTML = idealoApp.getContents('q@D49 !$#`g__{:\\a !6C46FD6 32EE6C:6 `g \' {:E9:F\> Wtr!X `[d p9');
",156.34,EUR,false,p.e.shop,/go/3254725881247039781.html?categoryId=3687&offerKey=76890644af8e79a7e1900b22e44a8b95&offerListId=5433065-7861E7E545DD90DD10184D9FCBC40081&pos=2&price=156.34&productid=5433065&sid=24572&type=offer,0,/prix/5433065/bosch-psr-1800-li-2-06039a3100.html
66,12263,BOSCH Per­ceuse-vis­seuse PSR 1800 LI-2. 1 batterie 1.5 Ah,159.55,EUR,false,Rakuten.com FR,/go/3148671488463211403.html?categoryId=3687&offerKey=ba2948bd5f179e316a8383087b8445e0&offerListId=5433065-7861E7E545DD90DD10184D9FCBC40081&pos=3&price=159.55&productid=5433065&sid=26246&type=offer,0,/prix/5433065/bosch-psr-1800-li-2-06039a3100.html
67,12263,"
document.getElementById(""result-3-offerinfo"").title = document.getElementById(""result-3-offerinfo"").innerHTML = idealoApp.getContents('q@D49 _]e_b]h 2b]`__ \\ \':DD6FD6 ADC\\`g__ {x\\a `g \' `d pw Z \>2=');
",169.99,EUR,false,Amazon.fr,/go/3184284147331893614.html?categoryId=3687&offerKey=52757aed609e50b9ff3be3ccd85057b5&offerListId=5433065-7861E7E545DD90DD10184D9FCBC40081&pos=4&price=169.99&productid=5433065&sid=12003&type=offer,0,/prix/5433065/bosch-psr-1800-li-2-06039a3100.html
68,12263,"BOSCH Per­ceuse-vis­seuse PSR 1800 LI-2, 1 batterie 1,5 Ah",169.99,EUR,false,Cdiscount.com,/go/3166983809553934664.html?categoryId=3687&offerKey=80b8601ba0b959e5fce76ade4dc32115&offerListId=5433065-7861E7E545DD90DD10184D9FCBC40081&pos=5&price=169.99&productid=5433065&sid=29061&type=offer,0,/prix/5433065/bosch-psr-1800-li-2-06039a3100.html
69,12263,"Com­pres­seur Bosch Bosch per­ceuse-vis­seuse psr 1800 li-2, 1 batterie 1,5 ah",184.53,EUR,false,Darty.com (Marketplace),/go/3227342517307441355.html?categoryId=3687&offerKey=97ee8a92831c6802dddf0cc4108253e6&offerListId=5433065-7861E7E545DD90DD10184D9FCBC40081&pos=6&price=184.53&productid=5433065&sid=316364&type=offer,0,/prix/5433065/bosch-psr-1800-li-2-06039a3100.html
70,12263,"BOSCH Per­ceuse-vis­seuse PSR 1800 LI-2, 1 batterie 1,5 Ah",192.92,EUR,false,ManoMano.fr,/go/3188168095663402621.html?categoryId=3687&offerKey=0231bf3dcef5ad82f3d8015b6285c8cc&offerListId=5433065-7861E7E545DD90DD10184D9FCBC40081&pos=7&price=192.92&productid=5433065&sid=291209&type=offer,0,/prix/5433065/bosch-psr-1800-li-2-06039a3100.html
71,12263,"Bosch Per­ceuse-vis­seuse PSR 1800 LI-2, 1 batterie 1,5 Ah",200.64,EUR,false,Rueducommerce.fr (Marketplace),/go/3214263973945813444.html?categoryId=3687&offerKey=a81807afc5cea31fd5a155ae861367e0&offerListId=5433065-7861E7E545DD90DD10184D9FCBC40081&pos=8&price=200.64&productid=5433065&sid=25482&type=offer,0,/prix/5433065/bosch-psr-1800-li-2-06039a3100.html
72,12263,"Bosch Per­ceuse-vis­seuse PSR 1800 LI-2, 1 batterie 1,5 Ah",212.58,EUR,false,Rueducommerce.fr (Marketplace),/go/3268830218644620034.html?categoryId=3687&offerKey=e51b8b7c2550c20b03d958e63e3bcca9&offerListId=5433065-7861E7E545DD90DD10184D9FCBC40081&pos=9&price=212.58&productid=5433065&sid=25482&type=offer,0,/prix/5433065/bosch-psr-1800-li-2-06039a3100.html
73,12263,"Bosch Per­ceuse-vis­seuse PSR 1800 LI-2, 1 batterie 1,5 Ah",220.82,EUR,false,Rueducommerce.fr (Marketplace),/go/3213754325184553129.html?categoryId=3687&offerKey=806014cd7623816e6457dfbf91aef084&offerListId=5433065-7861E7E545DD90DD10184D9FCBC40081&pos=10&price=220.82&productid=5433065&sid=25482&type=offer,0,/prix/5433065/bosch-psr-1800-li-2-06039a3100.html
74,12263,"Bosch Per­ceuse-vis­seuse PSR 1800 LI-2, 1 batterie 1,5 Ah",239.46,EUR,false,Rueducommerce.fr (Marketplace),/go/3234448884036010733.html?categoryId=3687&offerKey=c06e40776e2d3e85ace3e4d6b2b9051d&offerListId=5433065-7861E7E545DD90DD10184D9FCBC40081&pos=11&price=239.46&productid=5433065&sid=25482&type=offer,0,/prix/5433065/bosch-psr-1800-li-2-06039a3100.html
75,12268,Moteur à fraiser Metabo FME 737,219.0,EUR,false,Rotopino.fr,/go/3168464236540081468.html?categoryId=3750&offerKey=297ea2093e2265d2d475a3c62bb8f62c&offerListId=364182-E5F027EC8C7D84DFF53342EB407899D5&pos=1&price=219.00&productid=364182&sid=287166&type=offer,0,/prix/364182/metabo-fme-737.html
76,12268,"
document.getElementById(""result-1-offerinfo"").title = document.getElementById(""result-1-offerinfo"").innerHTML = idealoApp.getContents('|6E23@ u|t fbf |@E6FC U28C2G6j 7C2:D6C Wx\>A@CE p==6\>28?6X');
",231.55,EUR,false,SVH Handels-GmbH,/go/3179338658803102807.html?categoryId=3750&offerKey=08afd0098b92eb53c15634366201a4ff&offerListId=364182-E5F027EC8C7D84DFF53342EB407899D5&pos=2&price=231.55&productid=364182&sid=24573&type=offer,0,/prix/364182/metabo-fme-737.html
77,12268,"
document.getElementById(""result-2-offerinfo"").title = document.getElementById(""result-2-offerinfo"").innerHTML = idealoApp.getContents('|6E23@ u|t fbf |@E6FC U28C2G6j 7C2:D6C Wx\>A@CE p==6\>28?6X');
",241.2,EUR,false,Amazon.fr,/go/7351796318.html?categoryId=3750&offerKey=3b539eed5eba78a613d0a2933b3f8f30&offerListId=364182-E5F027EC8C7D84DFF53342EB407899D5&pos=3&price=241.20&productid=364182&sid=12003&type=offer,0,/prix/364182/metabo-fme-737.html
78,12268,Metabo FME 737 Meuleuse / routeur droite - 710W - 8mm - variable,241.99,EUR,false,Fixami.fr,/go/3235106655362351157.html?categoryId=3750&offerKey=e697766947e10b97456d054de0ae1ed2&offerListId=364182-E5F027EC8C7D84DFF53342EB407899D5&pos=4&price=241.99&productid=364182&sid=306120&type=offer,0,/prix/364182/metabo-fme-737.html
79,12268,Metabo Moteur à fraiser et à rectifier 710 watts à variateur élec­tro­nique FME 737,257.6,EUR,false,Mytoolstore.fr,/go/1445256653.html?categoryId=3750&offerKey=9ecb5e697c59c2087254c442d2dff41a&offerListId=364182-E5F027EC8C7D84DFF53342EB407899D5&pos=5&price=257.60&productid=364182&sid=29224&type=offer,0,/prix/364182/metabo-fme-737.html
80,12268,Metabo FME 737 (600737000) DÉFONCEUSE ; MOTEURS À FRAISER ET À RECTIFIER,260.68,EUR,false,ManoMano.fr,/go/3214467646462368425.html?categoryId=3750&offerKey=5de1b45d836d9c88cd4fcc7552bd3ac6&offerListId=364182-E5F027EC8C7D84DFF53342EB407899D5&pos=6&price=260.68&productid=364182&sid=291209&type=offer,0,/prix/364182/metabo-fme-737.html
81,12268,Metabo Moteur à fraiser et à rectifier 710 watts à variateur élec­tro­nique Fme 737,262.14,EUR,false,Rueducommerce.fr (Marketplace),/go/3250898982496373217.html?categoryId=3750&offerKey=f62e8b6a59caa84022ba0569c5853ea1&offerListId=364182-E5F027EC8C7D84DFF53342EB407899D5&pos=7&price=262.14&productid=364182&sid=25482&type=offer,0,/prix/364182/metabo-fme-737.html
82,12268,Metabo Moteur à fraiser et à rectifier 710 watts à variateur élec­tro­nique FME 737,271.38,EUR,false,Rakuten.com FR,/go/4804616217.html?categoryId=3750&offerKey=4ca3eb3c8a345870bb296e43ba4ecb63&offerListId=364182-E5F027EC8C7D84DFF53342EB407899D5&pos=8&price=271.38&productid=364182&sid=26246&type=offer,0,/prix/364182/metabo-fme-737.html
83,12268,Metabo Moteur à fraiser et à rectifier 710 watts à variateur élec­tro­nique Fme 737,272.12,EUR,false,Rueducommerce.fr (Marketplace),/go/3254477807681536296.html?categoryId=3750&offerKey=2b130b529a48a64738db1159cbf64e8a&offerListId=364182-E5F027EC8C7D84DFF53342EB407899D5&pos=9&price=272.12&productid=364182&sid=25482&type=offer,0,/prix/364182/metabo-fme-737.html
84,12268,Metabo Moteur à fraiser et à rectifier 710 watts à variateur élec­tro­nique Fme 737,318.68,EUR,false,Rueducommerce.fr (Marketplace),/go/3253386867810240014.html?categoryId=3750&offerKey=732f4ca5f6736c58da442d9e7522bff0&offerListId=364182-E5F027EC8C7D84DFF53342EB407899D5&pos=10&price=318.68&productid=364182&sid=25482&type=offer,0,/prix/364182/metabo-fme-737.html
85,12268,"
document.getElementById(""result-10-offerinfo"").title = document.getElementById(""result-10-offerinfo"").innerHTML = idealoApp.getContents('|6E23@ |@E6FC U28C2G6j 7C2:D6C 6E U28C2G6j C64E:7:6C f`_ H2EED U28C2G6j G2C:2E6FC U624FE6j=64UD9JjEC@UD9Jj?:BF6 ]]]');
",348.2,EUR,false,mytoolstore_fr,/go/3243764264338458877.html?categoryId=3750&offerKey=811f93c81b9d7830ea572cdf1d1230bf&offerListId=364182-E5F027EC8C7D84DFF53342EB407899D5&pos=11&price=348.20&productid=364182&sid=24572&type=offer,0,/prix/364182/metabo-fme-737.html
