,index_data,product_name,product_price,currency,voucher,shop_name,url_origin,url_image,id_page
0,11028,Outil mul­ti­fonc­tion sans fil 18V RYOBI Gamme ONE+ RMT1801M,94.27,EUR,false,Rakuten.com FR,/go/1352986646.html?categoryId=27733&offerKey=5619cd4e0b268a1dc9a8af92fb8a58f4&offerListId=3167956-307B79FAE740952C515E8BF397995A6F&pos=1&price=94.27&productid=3167956&sid=26246&type=offer,0,/prix/3167956/ryobi-rmt1801m.html
1,11028,Ponceuse à bande Ryobi Ryobi - outil mul­ti­fonc­tions à batterie 18v (sans batterie) - rmt1801m,99.0,EUR,false,Darty.com (Marketplace),/go/3219855951974634002.html?categoryId=27733&offerKey=ba09039a68f213378dcea8bcc2f47bf8&offerListId=3167956-307B79FAE740952C515E8BF397995A6F&pos=2&price=99.00&productid=3167956&sid=316364&type=offer,0,/prix/3167956/ryobi-rmt1801m.html
2,11028,Ryobi Outil mul­ti­fonc­tion sans fil 18V Gamme One+ Rmt1801M,99.0,EUR,false,Rueducommerce.fr (Marketplace),/go/3213755054473351927.html?categoryId=27733&offerKey=e959d4aff00153eeff8b0cf9b2fcb3dc&offerListId=3167956-307B79FAE740952C515E8BF397995A6F&pos=3&price=99.00&productid=3167956&sid=25482&type=offer,0,/prix/3167956/ryobi-rmt1801m.html
3,11028,Ryobi RMT1801M Outil mul­ti­fonc­tion à batteries 18V ONE+ Li-Ion (machine seule),99.49,EUR,false,Fixami.fr,/go/3235106726074124239.html?categoryId=27733&offerKey=f632c6d9d9a109fc0d6220ee60b44cda&offerListId=3167956-307B79FAE740952C515E8BF397995A6F&pos=4&price=99.49&productid=3167956&sid=306120&type=offer,0,/prix/3167956/ryobi-rmt1801m.html
4,11028,"
document.getElementById(""result-4-offerinfo"").title = document.getElementById(""result-4-offerinfo"").innerHTML = idealoApp.getContents('#J@3: ~FE:= \>F=UD9JjE:UD9Jj7@?4UD9JjE:@? D2?D 7:= #|%`g_`|');
",103.46,EUR,false,mytoolstore_fr,/go/3243764206220085784.html?categoryId=27733&offerKey=c1edc9b55fa70f8fdfab4967a6e92e2e&offerListId=3167956-307B79FAE740952C515E8BF397995A6F&pos=5&price=103.46&productid=3167956&sid=24572&type=offer,0,/prix/3167956/ryobi-rmt1801m.html
5,11028,Ryobi Outil mul­ti­fonc­tion sans fil RMT1801M,103.78,EUR,false,Mytoolstore.fr,/go/8558429793.html?categoryId=27733&offerKey=c1b1e2cfc7dc6d9632dbd0466a31bd2f&offerListId=3167956-307B79FAE740952C515E8BF397995A6F&pos=6&price=103.78&productid=3167956&sid=29224&type=offer,0,/prix/3167956/ryobi-rmt1801m.html
6,11028,Multitool RYOBI 18V OnePlus sans batterie ni chargeur RMT1801M,104.77,EUR,false,Ubaldi.com (Marketplace),/go/3221509303145859678.html?categoryId=27733&offerKey=168f271861113de379e177f4d25cccad&offerListId=3167956-307B79FAE740952C515E8BF397995A6F&pos=7&price=104.77&productid=3167956&sid=316737&type=offer,0,/prix/3167956/ryobi-rmt1801m.html
7,11028,"
document.getElementById(""result-7-offerinfo"").title = document.getElementById(""result-7-offerinfo"").innerHTML = idealoApp.getContents('~FE:= \>F=UD9JjE:UD9Jj7@?4UD9JjE:@?D `g\' ~}tZ #*~qx #|%`g_`|');
",157.49,EUR,false,Solera Telecom AG,/go/3269241368574166413.html?categoryId=27733&offerKey=fa800e572c098825ba85af44ecda2973&offerListId=3167956-307B79FAE740952C515E8BF397995A6F&pos=8&price=157.49&productid=3167956&sid=24573&type=offer,0,/prix/3167956/ryobi-rmt1801m.html
8,11088,"DESTOCKAGE Per­fo­ra­teur Burineur SDS+ RYOBI , 2 J , 680W , Rsds680k + 5 Forets OFFERTS",69.9,EUR,false,Superperfo.fr,/go/3174402750150613932.html?categoryId=18308&offerKey=7bca786d70bf205ed45d7fc253586a7b&offerListId=4926524-587B040103CEEE65BE49D19DC02F9742&pos=1&price=69.90&productid=4926524&sid=315080&type=offer,0,/prix/4926524/ryobi-rsds680-k.html
9,11088,"
document.getElementById(""result-1-offerinfo"").title = document.getElementById(""result-1-offerinfo"").innerHTML = idealoApp.getContents('#J@3: cghaa`_`bdb_g |2CE62F A6CUD9Jj7@UD9JjC2UD9JjE6FC $s$ !=FD[ |F=UD9JjE:UD9Jj4@UD9Jj=@C6');
",84.9,EUR,false,Amazon.fr,/go/9774345383.html?categoryId=18308&offerKey=f220fb2d2ea7cb0a67ec163e8995c26d&offerListId=4926524-587B040103CEEE65BE49D19DC02F9742&pos=2&price=84.90&productid=4926524&sid=12003&type=offer,0,/prix/4926524/ryobi-rsds680-k.html
10,11088,Per­fo­ra­teur Ryobi RSDS680 K SDS+ 680 W,87.99,EUR,false,Fnac.com,/go/3211922290707013110.html?categoryId=18308&offerKey=426a71042d8feaf5cbf89638657acee6&offerListId=4926524-587B040103CEEE65BE49D19DC02F9742&pos=3&price=87.99&productid=4926524&sid=25536&type=offer,0,/prix/4926524/ryobi-rsds680-k.html
11,11088,"Per­fo­ra­teur RYOBI RSDS680K, 680W 2,1 Joules Epta",97.99,EUR,false,Rakuten.com FR,/go/6750401970.html?categoryId=18308&offerKey=d21b8969807dcb9d2650e1fb24b94a25&offerListId=4926524-587B040103CEEE65BE49D19DC02F9742&pos=4&price=97.99&productid=4926524&sid=26246&type=offer,0,/prix/4926524/ryobi-rsds680-k.html
12,11088,RYOBI Per­fo­ra­teur SDS+ 680 W,99.99,EUR,false,Cdiscount.com,/go/3258277156775526568.html?categoryId=18308&offerKey=5379d209e862c0e115b20532de4faa3b&offerListId=4926524-587B040103CEEE65BE49D19DC02F9742&pos=5&price=99.99&productid=4926524&sid=29061&type=offer,0,/prix/4926524/ryobi-rsds680-k.html
13,11088,"Ryobi RSDS680-K SDS-plus Per­fo­ra­teur SDS-plus dans coffret - 680W - 2,1J",111.99,EUR,false,Fixami.fr,/go/3235106718086073204.html?categoryId=18308&offerKey=9ee4e1280faff085d42b88caa9a31b1c&offerListId=4926524-587B040103CEEE65BE49D19DC02F9742&pos=6&price=111.99&productid=4926524&sid=306120&type=offer,0,/prix/4926524/ryobi-rsds680-k.html
14,11088,"Per­fo­ra­teur, burineur Ryobi Per­fo­ra­teur burineur ryobi sdsplus 680w rsds680-k",112.43,EUR,false,Darty.com (Marketplace),/go/3223311314132665052.html?categoryId=18308&offerKey=1547780ce2f0776ff1d1eb0b288095f0&offerListId=4926524-587B040103CEEE65BE49D19DC02F9742&pos=7&price=112.43&productid=4926524&sid=316364&type=offer,0,/prix/4926524/ryobi-rsds680-k.html
15,11088,"Ryobi Per­fo­ra­teur Rsds680K, 680W 2,1 Joules Epta",112.43,EUR,false,Rueducommerce.fr (Marketplace),/go/3245595493532699483.html?categoryId=18308&offerKey=14c2231a0e5f2e098d2af58d0f2fc894&offerListId=4926524-587B040103CEEE65BE49D19DC02F9742&pos=8&price=112.43&productid=4926524&sid=25482&type=offer,0,/prix/4926524/ryobi-rsds680-k.html
16,11088,Mar­teau-per­fo­ra­teur Ryobi RSDS680-K,113.0,EUR,false,Rotopino.fr,/go/7598836962.html?categoryId=18308&offerKey=c2bb0d49d29aef77df360c9e0d59a2c1&offerListId=4926524-587B040103CEEE65BE49D19DC02F9742&pos=9&price=113.00&productid=4926524&sid=287166&type=offer,0,/prix/4926524/ryobi-rsds680-k.html
17,11088,"
document.getElementById(""result-9-offerinfo"").title = document.getElementById(""result-9-offerinfo"").innerHTML = idealoApp.getContents('#J@3: cghaa`_`bdb_g |2CE62F A6CUD9Jj7@UD9JjC2UD9JjE6FC $s$ !=FD[ |F=UD9JjE:UD9Jj4@UD9Jj=@C6');
",118.4,EUR,false,Solera Telecom AG,/go/3261247721528361801.html?categoryId=18308&offerKey=d01e8d4e6804390f09cc9646c1296002&offerListId=4926524-587B040103CEEE65BE49D19DC02F9742&pos=10&price=118.40&productid=4926524&sid=24573&type=offer,0,/prix/4926524/ryobi-rsds680-k.html
18,11088,RYOBI Per­fo­ra­teur SDS+ 680 W,121.29,EUR,false,ManoMano.fr,/go/9771972475.html?categoryId=18308&offerKey=ec8540439dccd2ce1fb419f1556ac78a&offerListId=4926524-587B040103CEEE65BE49D19DC02F9742&pos=11&price=121.29&productid=4926524&sid=291209&type=offer,0,/prix/4926524/ryobi-rsds680-k.html
19,11088,"Ryobi Per­fo­ra­teur Rsds680K, 680W 2,1 Joules Epta",121.32,EUR,false,Rueducommerce.fr (Marketplace),/go/3258531920065070030.html?categoryId=18308&offerKey=de55044c178f649871b8b29dcd1e4f1c&offerListId=4926524-587B040103CEEE65BE49D19DC02F9742&pos=12&price=121.32&productid=4926524&sid=25482&type=offer,0,/prix/4926524/ryobi-rsds680-k.html
20,11088,Ryobi Per­fo­ra­teur burineur SDS+ 680 W RSDS680-K - 5133002444,132.7,EUR,false,Mytoolstore.fr,/go/3229324293116527982.html?categoryId=18308&offerKey=da79f4d6d5accdcdac517988042de311&offerListId=4926524-587B040103CEEE65BE49D19DC02F9742&pos=13&price=132.70&productid=4926524&sid=29224&type=offer,0,/prix/4926524/ryobi-rsds680-k.html
21,11088,"Ryobi Per­fo­ra­teur Rsds680K, 680W 2,1 Joules Epta",139.48,EUR,false,Rueducommerce.fr (Marketplace),/go/3268780754076697080.html?categoryId=18308&offerKey=402d6d7f26ed78d6bb40e3c0e2f1929c&offerListId=4926524-587B040103CEEE65BE49D19DC02F9742&pos=14&price=139.48&productid=4926524&sid=25482&type=offer,0,/prix/4926524/ryobi-rsds680-k.html
22,11088,"
document.getElementById(""result-14-offerinfo"").title = document.getElementById(""result-14-offerinfo"").innerHTML = idealoApp.getContents('#J@3: !6CUD9Jj7@UD9JjC2UD9JjE6FC 3FC:?6FC $s$Z eg_ ( #$s$eg_\\z \\ d`bb__accc');
",142.9,EUR,false,mytoolstore_fr,/go/3243764186542507981.html?categoryId=18308&offerKey=4d02b704a53fcd2c5605e030814934e5&offerListId=4926524-587B040103CEEE65BE49D19DC02F9742&pos=15&price=142.90&productid=4926524&sid=24572&type=offer,0,/prix/4926524/ryobi-rsds680-k.html
23,11343,Filtre ACTIPLUS pour purificateur d'air VENGA - Airandme,89.9,EUR,false,ManoMano.fr,/go/8144209490.html?price=89.90&sid=291209&type=oc_offer,0,/type/3700459001128.html
24,11343,Filtre ACTIPLUS pour purificateur Venga,89.9,EUR,false,Fnac.com (Marketplace),/go/3252363054119125666.html?price=89.90&sid=307622&type=oc_offer,0,/type/3700459001128.html
25,11343,Filtre ACTIPLUS pour purificateur VENGA,89.9,EUR,false,Camif.fr,/go/3259567661486443461.html?price=89.90&sid=25490&type=oc_offer,0,/type/3700459001128.html
26,11343,AIR NATUREL Filtre Hepa ACTIPLUS pour Purificateur d'air Venga Réf: FILT0013,89.99,EUR,false,,/go/3241325971392954580.html?price=89.99&sid=24573&type=oc_offer,0,/type/3700459001128.html
27,11347,Pu­ri­fi­ca­teur d'air A25 - Qlima,57.82,EUR,false,Rakuten.com FR,/go/3184723388023187614.html?categoryId=21318&offerKey=97fbe71ec315ac180cf636f636001528&offerListId=4635261-13E28A390DD0B392FEBB2B0FFD959E89&pos=1&price=57.82&productid=4635261&sid=26246&type=offer,0,/prix/4635261/qlima-a25.html
28,11347,Filtre à air Qlima A25,66.15,EUR,false,Fnac.com (Marketplace),/go/3252363127802563494.html?categoryId=21318&offerKey=30032f90771eac26257f6761553cbd19&offerListId=4635261-13E28A390DD0B392FEBB2B0FFD959E89&pos=2&price=66.15&productid=4635261&sid=307622&type=offer,0,/prix/4635261/qlima-a25.html
29,11347,"
document.getElementById(""result-2-offerinfo"").title = document.getElementById(""result-2-offerinfo"").innerHTML = idealoApp.getContents('\""=:\>2 pad AFUD9JjC:UD9Jj7:UD9Jj42UD9JjE6FC 5V');
",98.89,EUR,false,,/go/3193919812631802056.html?categoryId=21318&offerKey=8ee112cf122cfec344ed91fe3c17b9c6&offerListId=4635261-13E28A390DD0B392FEBB2B0FFD959E89&pos=3&price=98.89&productid=4635261&sid=24573&type=offer,0,/prix/4635261/qlima-a25.html
30,11347,Qlima A 25,100.09,EUR,false,Fixami.fr,/go/3255516429822199843.html?categoryId=21318&offerKey=fa13ee9ae96c72e0eba0593a1224db2e&offerListId=4635261-13E28A390DD0B392FEBB2B0FFD959E89&pos=4&price=100.09&productid=4635261&sid=306120&type=offer,0,/prix/4635261/qlima-a25.html
31,11347,"
document.getElementById(""result-4-offerinfo"").title = document.getElementById(""result-4-offerinfo"").innerHTML = idealoApp.getContents('\""=:\>2 pad AFUD9JjC:UD9Jj7:UD9Jj42UD9JjE6FC 5V');
",114.17,EUR,false,Amazon.fr,/go/3254836490850534267.html?categoryId=21318&offerKey=ae413a9199ee595685a04d75d90e45da&offerListId=4635261-13E28A390DD0B392FEBB2B0FFD959E89&pos=5&price=114.17&productid=4635261&sid=12003&type=offer,0,/prix/4635261/qlima-a25.html
32,11347,Qlima Pu­ri­fi­ca­teur d'air avec filtre HEPA 35 m² Blanc A 25 411602,118.66,EUR,false,VidaXL.fr,/go/3204816913467190173.html?categoryId=21318&offerKey=55ac5bce3d8add8cb8794a4d6552771e&offerListId=4635261-13E28A390DD0B392FEBB2B0FFD959E89&pos=6&price=118.66&productid=4635261&sid=278537&type=offer,0,/prix/4635261/qlima-a25.html
33,11582,Perceuse à percussion MAKITA 720W Ø 13 mm En Coffret MAK-PAC - HP2051FHJ,136.98,EUR,false,Maxoutil.com,/go/2885956139.html?categoryId=15397&offerKey=e4dafd6ece039cd3f01fec10dced893a&offerListId=3974567-A8CD58AA6670213C1E2A3CF4C50B87DC&pos=1&price=136.98&productid=3974567&sid=254364&type=offer,0,/prix/3974567/makita-hp2051fhj.html
34,11582,Perceuse à percussion MAKITA 720W Ø 13 mm En Coffret MAK-PAC - HP2051FHJ,136.98,EUR,false,ManoMano.fr,/go/5234551601.html?categoryId=15397&offerKey=e0589f9f6e449561e3c5b3a5fee37a0c&offerListId=3974567-A8CD58AA6670213C1E2A3CF4C50B87DC&pos=2&price=136.98&productid=3974567&sid=291209&type=offer,0,/prix/3974567/makita-hp2051fhj.html
35,11582,Perceuse hp2051FHJ,136.98,EUR,false,Rakuten.com FR,/go/3267115640973951175.html?categoryId=15397&offerKey=8f374ea7be795d9fc83250ca39179273&offerListId=3974567-A8CD58AA6670213C1E2A3CF4C50B87DC&pos=3&price=136.98&productid=3974567&sid=26246&type=offer,0,/prix/3974567/makita-hp2051fhj.html
36,11582,Perceuse à percussion 720W HP2051FHJ MAKITA,137.0,EUR,false,Bricozor.com,/go/2738280478.html?categoryId=15397&offerKey=854f3fc06c35dba17a9d47396fd6e1d1&offerListId=3974567-A8CD58AA6670213C1E2A3CF4C50B87DC&pos=4&price=137.00&productid=3974567&sid=272921&type=offer,0,/prix/3974567/makita-hp2051fhj.html
37,11582,Perceuse à percussion Makita 720 Watt diamètre 13 mm modèle HP2051FHJ,137.64,EUR,false,Master-outillage.com,/go/3155423453109038235.html?categoryId=15397&offerKey=74fdf43304cd2662238912ecb44c5b4c&offerListId=3974567-A8CD58AA6670213C1E2A3CF4C50B87DC&pos=5&price=137.64&productid=3974567&sid=282706&type=offer,0,/prix/3974567/makita-hp2051fhj.html
38,11582,Perceuse à percussion 720 W Ø 13 mm,138.52,EUR,false,Comptoirdespros.com,/go/3226800683229380708.html?categoryId=15397&offerKey=19c07e34ed9c552b4c16c78b3267ec6d&offerListId=3974567-A8CD58AA6670213C1E2A3CF4C50B87DC&pos=6&price=138.52&productid=3974567&sid=283959&type=offer,0,/prix/3974567/makita-hp2051fhj.html
39,11582,Makita perceuse à percussion filaire 720 w - hp2051fhj,149.2,EUR,false,Guedo-outillage.fr,/go/5986063053.html?categoryId=15397&offerKey=554015b080f310fa89ba31b5bb3d0e84&offerListId=3974567-A8CD58AA6670213C1E2A3CF4C50B87DC&pos=7&price=149.20&productid=3974567&sid=69278&type=offer,0,/prix/3974567/makita-hp2051fhj.html
40,11582,"
document.getElementById(""result-7-offerinfo"").title = document.getElementById(""result-7-offerinfo"").innerHTML = idealoApp.getContents('|2\<:E2 !6C46FD6 U28C2G6j A6C4FDD:@? fa_ ( {ts :?EU624FE6j8CU624FE6j6');
",158.0,EUR,false,Ferramenta Berti snc,/go/3255832427643275746.html?categoryId=15397&offerKey=ae5e7355817256b4fc017b1273be8393&offerListId=3974567-A8CD58AA6670213C1E2A3CF4C50B87DC&pos=8&price=158.00&productid=3974567&sid=24573&type=offer,0,/prix/3974567/makita-hp2051fhj.html
41,11582,Perceuse à percussion Makita HP2051FJ,160.19,EUR,false,ManoMano.fr,/go/3267642369534592852.html?categoryId=15397&offerKey=5cafc8eb8f1598a8a2541481ff174bb9&offerListId=3974567-A8CD58AA6670213C1E2A3CF4C50B87DC&pos=9&price=160.19&productid=3974567&sid=291209&type=offer,0,/prix/3974567/makita-hp2051fhj.html
42,11582,Perceuse à Percussion Ø 13 mm 720 W HP2051FHJ MAKITA,161.82,EUR,false,Protoumat.fr,/go/4245198633.html?categoryId=15397&offerKey=1b90be9f589eef070453325c64f14769&offerListId=3974567-A8CD58AA6670213C1E2A3CF4C50B87DC&pos=10&price=161.82&productid=3974567&sid=301341&type=offer,0,/prix/3974567/makita-hp2051fhj.html
43,11582,Makita Perceuse à percussion Hp2051FJ,176.71,EUR,false,Rueducommerce.fr (Marketplace),/go/3213754789049405549.html?categoryId=15397&offerKey=d00cccc89057c46596ca507bbb9e90b6&offerListId=3974567-A8CD58AA6670213C1E2A3CF4C50B87DC&pos=11&price=176.71&productid=3974567&sid=25482&type=offer,0,/prix/3974567/makita-hp2051fhj.html
44,11582,"
document.getElementById(""result-11-offerinfo"").title = document.getElementById(""result-11-offerinfo"").innerHTML = idealoApp.getContents('|2\<:E2 !6C46FD6 t=64EC:BF6 p !6C4FDD:@? fa_( |2?5C:? `b\>\> 2G64 |2==6EE6 w!a_d`u');
",179.8,EUR,false,bricobravo,/go/3244307636595721860.html?categoryId=15397&offerKey=58a9beb28771fbd613ee68443ba0cf46&offerListId=3974567-A8CD58AA6670213C1E2A3CF4C50B87DC&pos=12&price=179.80&productid=3974567&sid=24572&type=offer,0,/prix/3974567/makita-hp2051fhj.html
45,11582,Makita Perceuse à percussion Hp2051FJ,179.92,EUR,false,Rueducommerce.fr (Marketplace),/go/3213756564183721968.html?categoryId=15397&offerKey=8907b213e805625c88a7652fc3d603ec&offerListId=3974567-A8CD58AA6670213C1E2A3CF4C50B87DC&pos=13&price=179.92&productid=3974567&sid=25482&type=offer,0,/prix/3974567/makita-hp2051fhj.html
46,11582,Makita Perceuse à percussion Hp2051FJ,179.93,EUR,false,Rueducommerce.fr (Marketplace),/go/3227700947283085864.html?categoryId=15397&offerKey=76747d52fefd2d9b7aede7936e5d1c51&offerListId=3974567-A8CD58AA6670213C1E2A3CF4C50B87DC&pos=14&price=179.93&productid=3974567&sid=25482&type=offer,0,/prix/3974567/makita-hp2051fhj.html
47,11582,Makita HP2051FJ,180.54,EUR,false,Rakuten.com FR,/go/8212162127.html?categoryId=15397&offerKey=212c3a2ce144380d9d019bfbf010d996&offerListId=3974567-A8CD58AA6670213C1E2A3CF4C50B87DC&pos=15&price=180.54&productid=3974567&sid=26246&type=offer,0,/prix/3974567/makita-hp2051fhj.html
48,11601,Greenworks tools mo­to­bi­neuse - 40 v - 21-26 cm,187.42,EUR,false,Fnac.com (Marketplace),/go/3252355792747104156.html?categoryId=13078&offerKey=647fa166c5575f4089ffd74082a32594&offerListId=4647504-7296CCFCB34D2AAE0487601564239264&pos=1&price=187.42&productid=4647504&sid=307622&type=offer,0,/prix/4647504/greenworks-cordless-cultivator-g-max-40v.html
49,11601,"
document.getElementById(""result-1-offerinfo"").title = document.getElementById(""result-1-offerinfo"").innerHTML = idealoApp.getContents('vC66?H@C\<D |@UD9JjE@UD9Jj3:UD9Jj?6FD6 D2?D 7:= DFC 32EE6C:6 c_\' {:UD9JjE9:F\>\\:@? WD2?D 32EE6C:6 ?: 492C86FCX');
",199.0,EUR,false,Amazon.fr,/go/3255130372882565634.html?categoryId=13078&offerKey=49b305e2f511857d8e6bd01db16283ab&offerListId=4647504-7296CCFCB34D2AAE0487601564239264&pos=2&price=199.00&productid=4647504&sid=12003&type=offer,0,/prix/4647504/greenworks-cordless-cultivator-g-max-40v.html
50,11601,Mo­to­cul­teur Greenworks G40TL,199.0,EUR,false,Rotopino.fr,/go/3253218022464162705.html?categoryId=13078&offerKey=d06d36c34e14026e6f90eb66706dcd4e&offerListId=4647504-7296CCFCB34D2AAE0487601564239264&pos=3&price=199.00&productid=4647504&sid=287166&type=offer,0,/prix/4647504/greenworks-cordless-cultivator-g-max-40v.html
51,11601,GREENWORKS TOOLS Mo­to­bi­neuse - 40 V - 21-26 cm,199.0,EUR,false,Cdiscount.com,/go/3215471127625212571.html?categoryId=13078&offerKey=650db4a44bda2aabd2575359aa915c25&offerListId=4647504-7296CCFCB34D2AAE0487601564239264&pos=4&price=199.00&productid=4647504&sid=29061&type=offer,0,/prix/4647504/greenworks-cordless-cultivator-g-max-40v.html
52,11601,Greenworks G40TL,199.99,EUR,false,Fixami.fr,/go/3254248385206553070.html?categoryId=13078&offerKey=23b592dc33f120ce2df93b806b9f021a&offerListId=4647504-7296CCFCB34D2AAE0487601564239264&pos=5&price=199.99&productid=4647504&sid=306120&type=offer,0,/prix/4647504/greenworks-cordless-cultivator-g-max-40v.html
53,11601,Greenworks Mo­to­bi­neuse sans batterie 40 V G40TL 27087,226.06,EUR,false,Rakuten.com FR,/go/3218075161198601603.html?categoryId=13078&offerKey=b9d0920ed8779d986fa495717b678237&offerListId=4647504-7296CCFCB34D2AAE0487601564239264&pos=6&price=226.06&productid=4647504&sid=26246&type=offer,0,/prix/4647504/greenworks-cordless-cultivator-g-max-40v.html
54,11601,Mo­to­cul­teur Greenworks Mo­to­bi­neuse sans batterie 40 v g40tl 27087,227.36,EUR,false,Darty.com (Marketplace),/go/3219817316988493065.html?categoryId=13078&offerKey=e5a93caf0657db8c9d58e00400b08f89&offerListId=4647504-7296CCFCB34D2AAE0487601564239264&pos=7&price=227.36&productid=4647504&sid=316364&type=offer,0,/prix/4647504/greenworks-cordless-cultivator-g-max-40v.html
55,11601,GREENWORKS TOOLS Mo­to­bi­neuse - 40 V - 21-26 cm,242.18,EUR,false,ManoMano.fr,/go/3214467597504363196.html?categoryId=13078&offerKey=8f95c770993ba5dc2ef47a554d1ce6d7&offerListId=4647504-7296CCFCB34D2AAE0487601564239264&pos=8&price=242.18&productid=4647504&sid=291209&type=offer,0,/prix/4647504/greenworks-cordless-cultivator-g-max-40v.html
56,11601,Greenworks Mo­to­bi­neuse sans batterie 40 V G40TL 27087 417736,253.01,EUR,false,VidaXL.fr,/go/3213882064461890582.html?categoryId=13078&offerKey=f2af131647045ef93ed323d0dba8b7ba&offerListId=4647504-7296CCFCB34D2AAE0487601564239264&pos=9&price=253.01&productid=4647504&sid=278537&type=offer,0,/prix/4647504/greenworks-cordless-cultivator-g-max-40v.html
57,11695,Makita Décapeur thermique 1800W HG551VK,65.89,EUR,false,Rueducommerce.fr (Marketplace),/go/3267512897711900639.html?categoryId=14152&offerKey=a7637b8b159b4ed77782e122bea74928&offerListId=2177058-63D2B630DC58826B113966967EABFACC&pos=1&price=65.89&productid=2177058&sid=25482&type=offer,0,/prix/2177058/makita-hg551vk.html
58,11695,Décapeur thermique 1800 W référence HG551VK,90.4,EUR,false,Quincaillerie.pro,/go/3245583720169605003.html?categoryId=14152&offerKey=f3e60a7e917192ba9d0bfd5cb1d5ffae&offerListId=2177058-63D2B630DC58826B113966967EABFACC&pos=2&price=90.40&productid=2177058&sid=279458&type=offer,0,/prix/2177058/makita-hg551vk.html
59,11695,Makita HG551VK Pistolet à air chaud - 1800W,90.89,EUR,false,Fixami.fr,/go/3235106648863279428.html?categoryId=14152&offerKey=3386ae54abed8148ad59a693e32e8119&offerListId=2177058-63D2B630DC58826B113966967EABFACC&pos=3&price=90.89&productid=2177058&sid=306120&type=offer,0,/prix/2177058/makita-hg551vk.html
60,11695,Décapeur thermique Makita HG551VK,91.0,EUR,false,Rotopino.fr,/go/3770611700.html?categoryId=14152&offerKey=bbbe21c4eb3c13eeb6963ea2e6da3c33&offerListId=2177058-63D2B630DC58826B113966967EABFACC&pos=4&price=91.00&productid=2177058&sid=287166&type=offer,0,/prix/2177058/makita-hg551vk.html
61,11695,Décapeur thermique 1800 W Makita,92.41,EUR,false,ManoMano.fr,/go/3258149386305143795.html?categoryId=14152&offerKey=9e20f077dc25f1c16a484fe729cfda09&offerListId=2177058-63D2B630DC58826B113966967EABFACC&pos=5&price=92.41&productid=2177058&sid=291209&type=offer,0,/prix/2177058/makita-hg551vk.html
62,11695,Makita Décapeur thermique 1800W HG551VK,93.77,EUR,false,Rueducommerce.fr (Marketplace),/go/3251936893457137934.html?categoryId=14152&offerKey=ea6c67e6b4b500fe0f511bac500167f5&offerListId=2177058-63D2B630DC58826B113966967EABFACC&pos=6&price=93.77&productid=2177058&sid=25482&type=offer,0,/prix/2177058/makita-hg551vk.html
63,11695,Décapeur Thermique MAKITA HG551VK 1800 W,94.0,EUR,false,Racetools.fr,/go/3198944414458197880.html?categoryId=14152&offerKey=98079941c5520081c150909332e1fe2d&offerListId=2177058-63D2B630DC58826B113966967EABFACC&pos=7&price=94.00&productid=2177058&sid=284284&type=offer,0,/prix/2177058/makita-hg551vk.html
64,11695,"
document.getElementById(""result-7-offerinfo"").title = document.getElementById(""result-7-offerinfo"").innerHTML = idealoApp.getContents('|2\<:E2 wvdd`\'zx% sU624FE6j42A6FC E96C\>:BF6 pG64 G2=:D6 56 C2?86\>6?E');
",95.45,EUR,false,Amazon.fr,/go/7316239835.html?categoryId=14152&offerKey=7fb396725eb7273c23b49d80e2f40526&offerListId=2177058-63D2B630DC58826B113966967EABFACC&pos=8&price=95.45&productid=2177058&sid=12003&type=offer,0,/prix/2177058/makita-hg551vk.html
65,11695,Décapeur thermique 1800W MAKITA HG551VK,97.37,EUR,false,Rakuten.com FR,/go/1403176804.html?categoryId=14152&offerKey=38a9b300a4df0ddb7dfd1dd524985d9f&offerListId=2177058-63D2B630DC58826B113966967EABFACC&pos=9&price=97.37&productid=2177058&sid=26246&type=offer,0,/prix/2177058/makita-hg551vk.html
66,11695,Décapeur thermique Makita Décapeur thermique 1800w makita hg551vk,97.52,EUR,false,Darty.com (Marketplace),/go/3208673944903104976.html?categoryId=14152&offerKey=af6ee76627a91452aa59b844afdde011&offerListId=2177058-63D2B630DC58826B113966967EABFACC&pos=10&price=97.52&productid=2177058&sid=316364&type=offer,0,/prix/2177058/makita-hg551vk.html
67,11695,Décapeur Thermique 1800W Hg551Vk Makita |,98.0,EUR,false,Clickoutil.com,/go/3221886890028303232.html?categoryId=14152&offerKey=26e2984fb1b5a178e3bad0397e762f32&offerListId=2177058-63D2B630DC58826B113966967EABFACC&pos=11&price=98.00&productid=2177058&sid=289388&type=offer,0,/prix/2177058/makita-hg551vk.html
68,11695,Décapeur thermique 1800W MAKITA HG551VK,99.0,EUR,false,Debonix.fr,/go/9522721810.html?categoryId=14152&offerKey=32169f8c8d982774cb0db9da99382d31&offerListId=2177058-63D2B630DC58826B113966967EABFACC&pos=12&price=99.00&productid=2177058&sid=277777&type=offer,0,/prix/2177058/makita-hg551vk.html
69,11695,Décapeur thermique 1800 W,99.0,EUR,false,Comptoirdespros.com,/go/3226800684833702219.html?categoryId=14152&offerKey=a64d4011e40d3962c52c6e8b7f2de9e8&offerListId=2177058-63D2B630DC58826B113966967EABFACC&pos=13&price=99.00&productid=2177058&sid=283959&type=offer,0,/prix/2177058/makita-hg551vk.html
70,11695,Pistolet à air chaud Makita HG551VK,100.25,EUR,false,Ubaldi.com (Marketplace),/go/3221509590189343281.html?categoryId=14152&offerKey=610d11f81ce036a423f79a5211955c0f&offerListId=2177058-63D2B630DC58826B113966967EABFACC&pos=14&price=100.25&productid=2177058&sid=316737&type=offer,0,/prix/2177058/makita-hg551vk.html
71,11695,"
document.getElementById(""result-14-offerinfo"").title = document.getElementById(""result-14-offerinfo"").innerHTML = idealoApp.getContents('|2\<:E2 wvdd`\'zx% sU624FE6j42A6FC E96C\>:BF6 pG64 G2=:D6 56 C2?86\>6?E');
",101.0,EUR,false,Rotopino FR,/go/3246732520273741280.html?categoryId=14152&offerKey=5aef91aa0efdfeb0ef5a402b43de0e40&offerListId=2177058-63D2B630DC58826B113966967EABFACC&pos=15&price=101.00&productid=2177058&sid=24573&type=offer,0,/prix/2177058/makita-hg551vk.html
72,11819,BLACK&DE­CKER GW2500 ASPIRATEUR SOUFFLEUR ÉLECTRIQU,55.39,EUR,false,Rakuten.com FR,/go/4870694382.html?categoryId=11273&offerKey=b92f2757afced635d67be976bb10e5d1&offerListId=4727436-FE3413F61CA0225105CDAE6B40C3812E&pos=1&price=55.39&productid=4727436&sid=26246&type=offer,0,/prix/4727436/black-decker-gw2500.html
73,11819,"
document.getElementById(""result-1-offerinfo"").title = document.getElementById(""result-1-offerinfo"").innerHTML = idealoApp.getContents('q{przZUE9:?DAjstUD9Jjrzt# v(ad__\\\""$ pDUD9JjA:UD9JjC2UD9JjE6FC[ $@F77=6FC[ qC@J6FC 56 76F:==6D 7:=2:C6 \\ ad__ ( \\ \'@=F\>6 5V2DUD9JjA:UD9JjC2UD9JjE:@? i `_[c \>b^\>:? \\ r2A24:EU624FE6j i c_ {');
",58.9,EUR,false,Solera Telecom AG,/go/3264145914454870352.html?categoryId=11273&offerKey=e2b2f0b8de1a70c8ed2c9adc4519f983&offerListId=4727436-FE3413F61CA0225105CDAE6B40C3812E&pos=2&price=58.90&productid=4727436&sid=24573&type=offer,0,/prix/4727436/black-decker-gw2500.html
74,11819,"BLACK+ DE­CKER GW2500-QS souffleuse à feuilles 2500 W 310 km/h, As­pi­ra­teur/ Souf­fleur de feuilles",61.9,EUR,false,Alternate.fr,/go/9521478927.html?categoryId=11273&offerKey=b2988aa9d4c98d4577b97d50d8ebcdd6&offerListId=4727436-FE3413F61CA0225105CDAE6B40C3812E&pos=3&price=61.90&productid=4727436&sid=291809&type=offer,0,/prix/4727436/black-decker-gw2500.html
75,11819,"
document.getElementById(""result-3-offerinfo"").title = document.getElementById(""result-3-offerinfo"").innerHTML = idealoApp.getContents('q{przZUE9:?DAjstUD9Jjrzt# v(ad__\\\""$ pDUD9JjA:UD9JjC2UD9JjE6FC[ $@F77=6FC[ qC@J6FC 56 76F:==6D 7:=2:C6 \\ ad__ ( \\ \'@=F\>6 5V2DUD9JjA:UD9JjC2UD9JjE:@? i `_[c \>b^\>:? \\ r2A24:EU624FE6j i c_ {');
",63.9,EUR,false,Amazon.fr,/go/7304531720.html?categoryId=11273&offerKey=8dbb7f0e24a67a971711d302d1fca5a2&offerListId=4727436-FE3413F61CA0225105CDAE6B40C3812E&pos=4&price=63.90&productid=4727436&sid=12003&type=offer,0,/prix/4727436/black-decker-gw2500.html
76,11819,Construc­teur de fils/ spi­ra­teur 2500w gw2500-qs,63.9,EUR,false,ManoMano.fr,/go/8190302446.html?categoryId=11273&offerKey=f536e213bd09487e5246085d04367b5d&offerListId=4727436-FE3413F61CA0225105CDAE6B40C3812E&pos=5&price=63.90&productid=4727436&sid=291209&type=offer,0,/prix/4727436/black-decker-gw2500.html
77,11819,"As­pi­ra­teur, souffleur de jardin Black & Decker BLACK & DECKER Aspirateur souffleur broyeur électrique GW2500 2500 W",72.52,EUR,false,Darty.com (Marketplace),/go/3238317083951366499.html?categoryId=11273&offerKey=1bbf75d66d1100584e66459e5d1e7f58&offerListId=4727436-FE3413F61CA0225105CDAE6B40C3812E&pos=6&price=72.52&productid=4727436&sid=316364&type=offer,0,/prix/4727436/black-decker-gw2500.html
78,11819,Black Decker GW2500 Souffleur de feuilles - 2500W - 310 km / h,74.49,EUR,false,Fixami.fr,/go/3235107387006257733.html?categoryId=11273&offerKey=10b90eb509c8ec6a7743c9d782fc813e&offerListId=4727436-FE3413F61CA0225105CDAE6B40C3812E&pos=7&price=74.49&productid=4727436&sid=306120&type=offer,0,/prix/4727436/black-decker-gw2500.html
79,11819,Aspirateur souffleur Bla­ck­De­cker GW2500,75.0,EUR,false,Rotopino.fr,/go/5647767974.html?categoryId=11273&offerKey=852c082033911c9feefeae4964304616&offerListId=4727436-FE3413F61CA0225105CDAE6B40C3812E&pos=8&price=75.00&productid=4727436&sid=287166&type=offer,0,/prix/4727436/black-decker-gw2500.html
80,11819,Aspirateur Souffleur Broyeur Black+ De­cker 2500W,76.05,EUR,false,Fnac.com (Marketplace),/go/3252355705943886818.html?categoryId=11273&offerKey=bca4752375371bce91a2e0b082564d6f&offerListId=4727436-FE3413F61CA0225105CDAE6B40C3812E&pos=9&price=76.05&productid=4727436&sid=307622&type=offer,0,/prix/4727436/black-decker-gw2500.html
81,11819,"
document.getElementById(""result-9-offerinfo"").title = document.getElementById(""result-9-offerinfo"").innerHTML = idealoApp.getContents('pDA:C2E6FC D@F77=6FC 3C@J6FC q U2\>Aj s v(ad__\\\""$');
",77.5,EUR,false,almacenesiberiasl,/go/3243852002957984588.html?categoryId=11273&offerKey=f23e8b42384f780604f4b69636c0f88a&offerListId=4727436-FE3413F61CA0225105CDAE6B40C3812E&pos=10&price=77.50&productid=4727436&sid=24572&type=offer,0,/prix/4727436/black-decker-gw2500.html
82,11819,Black+ De­cker Aspirateur souffleur broyeur 2500W GW2500,82.9,EUR,false,Fr.bricobravo.com,/go/3245432422977766666.html?categoryId=11273&offerKey=ccd0fb671369e4be100349b091009e59&offerListId=4727436-FE3413F61CA0225105CDAE6B40C3812E&pos=11&price=82.90&productid=4727436&sid=317371&type=offer,0,/prix/4727436/black-decker-gw2500.html
83,11854,"
document.getElementById(""result-0-offerinfo"").title = document.getElementById(""result-0-offerinfo"").innerHTML = idealoApp.getContents('#J@3: twva___ sU624FE6j42A6FC E96C\>:BF6 56 EJA6 d`bb__``bf');
",35.04,EUR,false,espace-bricolage,/go/3253771877226646293.html?categoryId=14152&offerKey=9cf58c6621bba54089f1dec5d8812546&offerListId=3190655-18170C6914BB9A81705085C89BEA35A5&pos=1&price=35.04&productid=3190655&sid=24573&type=offer,0,/prix/3190655/ryobi-ehg2000.html
84,11854,Décapeur thermique Ryobi EHG2000,37.0,EUR,false,Rotopino.fr,/go/6548578145.html?categoryId=14152&offerKey=f5613cd9d589b54ed4b71b7b0dfd9570&offerListId=3190655-18170C6914BB9A81705085C89BEA35A5&pos=2&price=37.00&productid=3190655&sid=287166&type=offer,0,/prix/3190655/ryobi-ehg2000.html
85,11854,"
document.getElementById(""result-2-offerinfo"").title = document.getElementById(""result-2-offerinfo"").innerHTML = idealoApp.getContents('#J@3: twva___ sU624FE6j42A6FC E96C\>:BF6 56 EJA6 d`bb__``bf');
",38.7,EUR,false,Amazon.fr,/go/7661417940.html?categoryId=14152&offerKey=c00e0525d0167b64b01d0bff94d3b9c0&offerListId=3190655-18170C6914BB9A81705085C89BEA35A5&pos=3&price=38.70&productid=3190655&sid=12003&type=offer,0,/prix/3190655/ryobi-ehg2000.html
86,11854,Décapeur thermique RYOBI 2000W EHG2000,38.7,EUR,false,ManoMano.fr,/go/6564075172.html?categoryId=14152&offerKey=30ef780b5b8ffcc76e44efc9c079f3e6&offerListId=3190655-18170C6914BB9A81705085C89BEA35A5&pos=4&price=38.70&productid=3190655&sid=291209&type=offer,0,/prix/3190655/ryobi-ehg2000.html
87,11854,Décapeur Thermique 2000 Watts Ryobi Ehg2000,39.9,EUR,false,Rakuten.com FR,/go/1059852025.html?categoryId=14152&offerKey=54c551a65726a8eded740c02476ddec7&offerListId=3190655-18170C6914BB9A81705085C89BEA35A5&pos=5&price=39.90&productid=3190655&sid=26246&type=offer,0,/prix/3190655/ryobi-ehg2000.html
88,11854,Ryobi Décapeur thermique EHG2000 - 2000 Watts 2 tem­pé­ra­tures - 5133001137,39.98,EUR,false,Rueducommerce.fr (Marketplace),/go/3213756889779155233.html?categoryId=14152&offerKey=303ddf198e0168d049da4e1b464cdb29&offerListId=3190655-18170C6914BB9A81705085C89BEA35A5&pos=6&price=39.98&productid=3190655&sid=25482&type=offer,0,/prix/3190655/ryobi-ehg2000.html
89,11854,Décapeur thermique RYOBI 2000W EHG2000,46.57,EUR,false,Ubaldi.com (Marketplace),/go/3221509304255250530.html?categoryId=14152&offerKey=9ec3f6d15a12320c02320c552e22e1d9&offerListId=3190655-18170C6914BB9A81705085C89BEA35A5&pos=7&price=46.57&productid=3190655&sid=316737&type=offer,0,/prix/3190655/ryobi-ehg2000.html
90,11854,Décapeur thermique Ryobi Ryobi - décapeur thermique 2000w - ehg2000,46.57,EUR,false,Darty.com (Marketplace),/go/3267839154934777432.html?categoryId=14152&offerKey=7fd2ab1ab078b0746b1946ecf678fece&offerListId=3190655-18170C6914BB9A81705085C89BEA35A5&pos=8&price=46.57&productid=3190655&sid=316364&type=offer,0,/prix/3190655/ryobi-ehg2000.html
91,11854,Ryobi Décapeur thermique EHG2000 - 2000 Watts 2 tem­pé­ra­tures - 5133001137,46.57,EUR,false,Rueducommerce.fr (Marketplace),/go/3226436242618975485.html?categoryId=14152&offerKey=6ae62c15a0fc8a31867e9d91cdd8ae24&offerListId=3190655-18170C6914BB9A81705085C89BEA35A5&pos=9&price=46.57&productid=3190655&sid=25482&type=offer,0,/prix/3190655/ryobi-ehg2000.html
92,11854,Ryobi Décapeur thermique EHG2000 - 2000 Watts 2 tem­pé­ra­tures - 5133001137,47.84,EUR,false,Rueducommerce.fr (Marketplace),/go/3213754741467121753.html?categoryId=14152&offerKey=ad39ca5ba5bfbc80fecae32c8901e087&offerListId=3190655-18170C6914BB9A81705085C89BEA35A5&pos=10&price=47.84&productid=3190655&sid=25482&type=offer,0,/prix/3190655/ryobi-ehg2000.html
93,11854,Ryobi EHG2000 Décapeur thermique - 2000W,48.79,EUR,false,Fixami.fr,/go/3235106723716923792.html?categoryId=14152&offerKey=8baaa2842d03d788a4fa751760efa706&offerListId=3190655-18170C6914BB9A81705085C89BEA35A5&pos=11&price=48.79&productid=3190655&sid=306120&type=offer,0,/prix/3190655/ryobi-ehg2000.html
94,11854,"Ryobi Décapeur thermique 2000 W, EHG2000",50.58,EUR,false,Mytoolstore.fr,/go/3202895406346278771.html?categoryId=14152&offerKey=20cb244340126a7549cb42d1f7a23cb6&offerListId=3190655-18170C6914BB9A81705085C89BEA35A5&pos=12&price=50.58&productid=3190655&sid=29224&type=offer,0,/prix/3190655/ryobi-ehg2000.html
95,11854,Ryobi Décapeur thermique EHG2000 - 2000 Watts 2 tem­pé­ra­tures - 5133001137,54.34,EUR,false,Rueducommerce.fr (Marketplace),/go/3226043992464425494.html?categoryId=14152&offerKey=8eb707a206e615139ce42186788b496a&offerListId=3190655-18170C6914BB9A81705085C89BEA35A5&pos=13&price=54.34&productid=3190655&sid=25482&type=offer,0,/prix/3190655/ryobi-ehg2000.html
96,11864,Robomow RC308u (modèle 2019),869.0,EUR,false,Roboexpert.fr,/go/3183831583800956694.html?categoryId=7773&offerKey=1a7a5606bbe259fb30c1125ace0a3fd8&offerListId=5426544-4E9430BB7B47E7EABC99C83DF7643D19&pos=1&price=869.00&productid=5426544&sid=313337&type=offer,0,/prix/5426544/robomow-rc-308u.html
97,11864,Robot tondeuse Robomow RC308u avec périmètre - robot tondeuse avec batterie au lithium 26V,1009.5,EUR,false,Agrieuro.fr,/go/3252427099876624759.html?categoryId=7773&offerKey=f52a60bde91a054200d93befa6c0a00e&offerListId=5426544-4E9430BB7B47E7EABC99C83DF7643D19&pos=2&price=1009.50&productid=5426544&sid=311690&type=offer,0,/prix/5426544/robomow-rc-308u.html
98,11864,Robomow RCier Robot RC 308U - 800m²,1097.99,EUR,false,Fixami.fr,/go/3247913555757894548.html?categoryId=7773&offerKey=ca30cf1b1c8a7f24be7fbe5fcdfd9704&offerListId=5426544-4E9430BB7B47E7EABC99C83DF7643D19&pos=3&price=1097.99&productid=5426544&sid=306120&type=offer,0,/prix/5426544/robomow-rc-308u.html
99,11864,"
document.getElementById(""result-3-offerinfo"").title = document.getElementById(""result-3-offerinfo"").innerHTML = idealoApp.getContents('#@3@\>@H #@3@E E@?56FD6 #rb_g\& \\ aaprUD9Jjspppe`h');
",1114.9,EUR,false,mytoolstore_fr,/go/3264851331642296088.html?categoryId=7773&offerKey=3761d6cf08cb3d23681c7695b831faab&offerListId=5426544-4E9430BB7B47E7EABC99C83DF7643D19&pos=4&price=1114.90&productid=5426544&sid=24572&type=offer,0,/prix/5426544/robomow-rc-308u.html
100,11864,Robomow Robot tondeuse RC308U - 22AC­DAAA619,1114.9,EUR,false,Rakuten.com FR,/go/3196348265404571341.html?categoryId=7773&offerKey=07896a9ab33e643e40f250735dea1176&offerListId=5426544-4E9430BB7B47E7EABC99C83DF7643D19&pos=5&price=1114.90&productid=5426544&sid=26246&type=offer,0,/prix/5426544/robomow-rc-308u.html
101,11864,Robomow Robot tondeuse RC308U - 22AC­DAAA619,1409.9,EUR,false,ManoMano.fr,/go/3236205453438354620.html?categoryId=7773&offerKey=8ebdeda004b45d67bd4bd2584a2729d3&offerListId=5426544-4E9430BB7B47E7EABC99C83DF7643D19&pos=6&price=1409.90&productid=5426544&sid=291209&type=offer,0,/prix/5426544/robomow-rc-308u.html
102,11864,Robomow Robot tondeuse RC308U - 22AC­DAAA619,1409.9,EUR,false,Mytoolstore.fr,/go/3229324302174127561.html?categoryId=7773&offerKey=6436bcd3f0b0ad16a4b84554309416f3&offerListId=5426544-4E9430BB7B47E7EABC99C83DF7643D19&pos=7&price=1409.90&productid=5426544&sid=29224&type=offer,0,/prix/5426544/robomow-rc-308u.html
103,11864,Tondeuse robot Robomow RC 308u Conçu pour surface max. 1500 m²,1415.0,EUR,false,Conrad.fr,/go/3254686649755370612.html?categoryId=7773&offerKey=5335d513ae3a3ef5a56a851092784e48&offerListId=5426544-4E9430BB7B47E7EABC99C83DF7643D19&pos=8&price=1415.00&productid=5426544&sid=286907&type=offer,0,/prix/5426544/robomow-rc-308u.html
104,11864,"
document.getElementById(""result-8-offerinfo"").title = document.getElementById(""result-8-offerinfo"").innerHTML = idealoApp.getContents('#@3@E #~q~|~( #r b_gF');
",2062.37,EUR,false,Solera Telecom AG,/go/3259831486064363152.html?categoryId=7773&offerKey=97f28fb8d632e5c8ec1a292b4c72cae4&offerListId=5426544-4E9430BB7B47E7EABC99C83DF7643D19&pos=9&price=2062.37&productid=5426544&sid=24573&type=offer,0,/prix/5426544/robomow-rc-308u.html
105,11907,As­pi­ra­teur/ Souf­fleur de feuilles ALS 30,86.78,EUR,false,Rakuten.com FR,/go/5581306150.html?categoryId=11273&offerKey=496c3008b90c094360dd266ffe818fba&offerListId=4883658-6FD8BDE82A29CD2C9BDEEBF0EFF1A190&pos=1&price=86.78&productid=4883658&sid=26246&type=offer,0,/prix/4883658/bosch-als-30.html
106,11907,Aspirateur broyeur souffleur filaire As­pi­ra­teur-Souf­fleur-Broyeur ALS 30,98.03,EUR,false,Ubaldi.com (Marketplace),/go/3221509630072984224.html?categoryId=11273&offerKey=523007b61b45342e84b24ea7bc293712&offerListId=4883658-6FD8BDE82A29CD2C9BDEEBF0EFF1A190&pos=2&price=98.03&productid=4883658&sid=316737&type=offer,0,/prix/4883658/bosch-als-30.html
107,11907,"Bosch ALS 30 As­pi­ra­teur, broyeur et souffleur incl sac de ramassage - 3000w - 45L",110.99,EUR,false,Fixami.fr,/go/3235106756130504900.html?categoryId=11273&offerKey=1c772a68f626f1fb3a3cddfcf831f66c&offerListId=4883658-6FD8BDE82A29CD2C9BDEEBF0EFF1A190&pos=3&price=110.99&productid=4883658&sid=306120&type=offer,0,/prix/4883658/bosch-als-30.html
108,11907,"As­pi­ra­teur, souffleur de jardin Bosch BOSCH Aspirateur souffleur broyeur 3000W ALS 30",111.81,EUR,false,Darty.com (Marketplace),/go/3238317220691970304.html?categoryId=11273&offerKey=668d62089589e20385b5973c2505f625&offerListId=4883658-6FD8BDE82A29CD2C9BDEEBF0EFF1A190&pos=4&price=111.81&productid=4883658&sid=316364&type=offer,0,/prix/4883658/bosch-als-30.html
109,11907,Bosch 06008a1100 als 30 as­pi­ra­teur/ souf­fleur/ broyeur avec sac de ré­cu­pé­ra­tion 45 l 3000 w,124.49,EUR,false,Fnac.com (Marketplace),/go/3252363053204767091.html?categoryId=11273&offerKey=7a3965d94c24a3e622e0bde2132dd06d&offerListId=4883658-6FD8BDE82A29CD2C9BDEEBF0EFF1A190&pos=5&price=124.49&productid=4883658&sid=307622&type=offer,0,/prix/4883658/bosch-als-30.html
110,11907,"
document.getElementById(""result-5-offerinfo"").title = document.getElementById(""result-5-offerinfo"").innerHTML = idealoApp.getContents('q@D49 _e__gp``__ pDA:C2E6FC $@F77=6FC qC@J6FC p{$ b_ b___(');
",137.31,EUR,false,Stortle,/go/3269264157291053808.html?categoryId=11273&offerKey=ec2d6239ebec00941a2d2ec13b2e2e6a&offerListId=4883658-6FD8BDE82A29CD2C9BDEEBF0EFF1A190&pos=6&price=137.31&productid=4883658&sid=24573&type=offer,0,/prix/4883658/bosch-als-30.html
111,11979,Einhell Taille-haies élec­triques Combiné TH Elagu GC-HC 9024 T - 4501280,122.7,EUR,false,Mytoolstore.fr,/go/3229324302138475953.html?categoryId=31643&offerKey=757ced9cbcd36a0d069e1e71a06ce2ab&offerListId=5421313-8B957348F04FDD3E4A05EB51F2BC21C8&pos=1&price=122.70&productid=5421313&sid=29224&type=offer,0,/prix/5421313/einhell-gc-hc-9024-t.html
112,11979,"
document.getElementById(""result-1-offerinfo"").title = document.getElementById(""result-1-offerinfo"").innerHTML = idealoApp.getContents('t:?96== ~FE:= |F=UD9JjE:UD9Jj7@?4UD9JjE:@? U624FE6j=64EC:BF6 DFC A6C496 vr\\wr h_ac % a 6? ` Wh__ ([ {@?8F6FC 56 4@FA6 `g 4\>[ {:GCU624FE6j 2G64 D2?8=6 56 A@CEU624FE6j6 CU624FE6j8=23=6 2G64 5U624FE6jUD9JjG6CUD9JjC@F:==286 C2A:56X');
",129.05,EUR,false,Amazon.fr,/go/8599946049.html?categoryId=31643&offerKey=0a4f500ddeba8dd5bc44e7cacf1d542b&offerListId=5421313-8B957348F04FDD3E4A05EB51F2BC21C8&pos=2&price=129.05&productid=5421313&sid=12003&type=offer,0,/prix/5421313/einhell-gc-hc-9024-t.html
113,11979,EINHELL Outils Mul­ti­fonc­tion électrique sur perche GC-HC 9024 T 900 W,129.05,EUR,false,Cdiscount.com,/go/3207323760535276814.html?categoryId=31643&offerKey=c8992934920eba16cf6b391be82b18a1&offerListId=5421313-8B957348F04FDD3E4A05EB51F2BC21C8&pos=3&price=129.05&productid=5421313&sid=29061&type=offer,0,/prix/5421313/einhell-gc-hc-9024-t.html
114,11979,Outils mul­ti­fonc­tion électrique sur perche - 900 watts - GC-HC 9024 T EINHELL,130.57,EUR,false,Rakuten.com FR,/go/8277039621.html?categoryId=31643&offerKey=4b650e56b896bef0d83eaf9a3ab7d067&offerListId=5421313-8B957348F04FDD3E4A05EB51F2BC21C8&pos=4&price=130.57&productid=5421313&sid=26246&type=offer,0,/prix/5421313/einhell-gc-hc-9024-t.html
115,11979,Outils Mul­ti­fonc­tion électrique sur perche GC-HC 9024 T,131.53,EUR,false,ManoMano.fr,/go/3182549367445791039.html?categoryId=31643&offerKey=9276a190c50222a7b913c3b857341a1a&offerListId=5421313-8B957348F04FDD3E4A05EB51F2BC21C8&pos=5&price=131.53&productid=5421313&sid=291209&type=offer,0,/prix/5421313/einhell-gc-hc-9024-t.html
116,11979,"
document.getElementById(""result-5-offerinfo"").title = document.getElementById(""result-5-offerinfo"").innerHTML = idealoApp.getContents('t:?96== vr\\wr h_ac % DU624FE6j42E6FC EU624FE6jUD9Jj=6DUD9Jj4@UD9JjA:BF6 \>F=UD9JjE:UD9Jj7@?4UD9JjE:@?');
",135.0,EUR,false,line_on_line,/go/3244932768894813294.html?categoryId=31643&offerKey=dc902f6489703f803188be4e563b90a5&offerListId=5421313-8B957348F04FDD3E4A05EB51F2BC21C8&pos=6&price=135.00&productid=5421313&sid=24572&type=offer,0,/prix/5421313/einhell-gc-hc-9024-t.html
117,11979,EINHELL - Outils Mul­ti­fonc­tion électrique sur perche GC-HC 9024 T,139.76,EUR,false,Ubaldi.com (Marketplace),/go/3221509376602808706.html?categoryId=31643&offerKey=68cc2e29cfc072c93615d1049da7de3e&offerListId=5421313-8B957348F04FDD3E4A05EB51F2BC21C8&pos=7&price=139.76&productid=5421313&sid=316737&type=offer,0,/prix/5421313/einhell-gc-hc-9024-t.html
118,11979,Perche d'élagage -Taille-haie électrique 900W Einhell GC-HC 9024 T,148.24,EUR,false,Agrieuro.fr,/go/3268374185455386924.html?categoryId=31643&offerKey=c908067e6da254021df023df786040db&offerListId=5421313-8B957348F04FDD3E4A05EB51F2BC21C8&pos=8&price=148.24&productid=5421313&sid=311690&type=offer,0,/prix/5421313/einhell-gc-hc-9024-t.html
119,11979,Einhell GC-HC 9024 T Multi Outil de jardin électrique - 900W - 20cm,148.99,EUR,false,Fixami.fr,/go/3235106857578135794.html?categoryId=31643&offerKey=8abeac460106645f16a23fca4ff1a9c2&offerListId=5421313-8B957348F04FDD3E4A05EB51F2BC21C8&pos=9&price=148.99&productid=5421313&sid=306120&type=offer,0,/prix/5421313/einhell-gc-hc-9024-t.html
120,11979,Etagère / Rangement Einhell Einhell outils mul­ti­fonc­tion électrique sur perche gc-hc 9024 t 900 w,149.74,EUR,false,Darty.com (Marketplace),/go/3216002803763778220.html?categoryId=31643&offerKey=edc9e11f72414c4c558188aff45e25b3&offerListId=5421313-8B957348F04FDD3E4A05EB51F2BC21C8&pos=10&price=149.74&productid=5421313&sid=316364&type=offer,0,/prix/5421313/einhell-gc-hc-9024-t.html
121,11979,Outils mul­ti­fonc­tion électrique sur perche Einhell GC-HC 9024 T,149.95,EUR,false,Fnac.com,/go/3210450548616597984.html?categoryId=31643&offerKey=bca03ea2fcb6a2ccf91da882117f9620&offerListId=5421313-8B957348F04FDD3E4A05EB51F2BC21C8&pos=11&price=149.95&productid=5421313&sid=25536&type=offer,0,/prix/5421313/einhell-gc-hc-9024-t.html
122,11979,Outils mul­ti­fonc­tion électrique sur perche - 900 watts - GC-HC 9024 T EINHELL,157.45,EUR,false,Bricozor.com,/go/3267557131007557723.html?categoryId=31643&offerKey=ae031ebf101f14aab085fd4908d56550&offerListId=5421313-8B957348F04FDD3E4A05EB51F2BC21C8&pos=12&price=157.45&productid=5421313&sid=272921&type=offer,0,/prix/5421313/einhell-gc-hc-9024-t.html
123,11979,Einhell GC-HC 9024 T Taille-haies té­les­co­pique électrique avec harnais,165.0,EUR,false,Conrad.fr,/go/3254686636602032954.html?categoryId=31643&offerKey=d9d8c355debccaf11043057e48392f5d&offerListId=5421313-8B957348F04FDD3E4A05EB51F2BC21C8&pos=13&price=165.00&productid=5421313&sid=286907&type=offer,0,/prix/5421313/einhell-gc-hc-9024-t.html
124,11979,Einhell Taille-haie électrique GC-HC 9024 T 900 W 409462,170.03,EUR,false,VidaXL.fr,/go/3204816912062092021.html?categoryId=31643&offerKey=6b3f9ee72329b9e25c94af195e4ca52d&offerListId=5421313-8B957348F04FDD3E4A05EB51F2BC21C8&pos=14&price=170.03&productid=5421313&sid=278537&type=offer,0,/prix/5421313/einhell-gc-hc-9024-t.html
125,12010,Tron­çon­neuse McCulloch CS400 - guide de 40 cm - moteur thermique 40 cm3 OxyPower,229.9,EUR,false,Agrieuro.fr,/go/9861798333.html?categoryId=19144&offerKey=2e1e43831ad86218faaee9343c5d6a55&offerListId=6087277-0A91B4A2D163317D0EAB231C098763D1&pos=1&price=229.90&productid=6087277&sid=311690&type=offer,0,/prix/6087277/mcculloch-cs400.html
126,12010,"
document.getElementById(""result-1-offerinfo"").title = document.getElementById(""result-1-offerinfo"").innerHTML = idealoApp.getContents('|rr\&{{~rw r$c__ $4:6 U28C2G6j 492U:4:C4j?6 492U:4:C4j?6 a 7@:D c_ 44 `[d \<( c_ 4\> `eUBF@Ej');
",304.4,EUR,false,p.e.shop,/go/3244205582592246112.html?categoryId=19144&offerKey=2150e6a5e869b7b12bc8a45621e54e7b&offerListId=6087277-0A91B4A2D163317D0EAB231C098763D1&pos=2&price=304.40&productid=6087277&sid=24572&type=offer,0,/prix/6087277/mcculloch-cs400.html
127,12010,Tron­çon­neuse thermique CS400 40cc - MC CULLOCH,497.04,EUR,false,Fnac.com (Marketplace),/go/3258708648020410997.html?categoryId=19144&offerKey=943ca0d732934a5ef8b6424f85d2953b&offerListId=6087277-0A91B4A2D163317D0EAB231C098763D1&pos=3&price=497.04&productid=6087277&sid=307622&type=offer,0,/prix/6087277/mcculloch-cs400.html
128,12149,Elec­tro­se­ga lithium 18v 2. 0ah 20cm sans fil gkc1820l20-qw,109.9,EUR,false,ManoMano.fr,/go/3191434446794406904.html?categoryId=19144&offerKey=ccd3df20ebae4fba1c9f5d62e4c47123&offerListId=4526035-5C0C9E3D7F92F1830A3458FCD037762B&pos=1&price=109.90&productid=4526035&sid=291209&type=offer,0,/prix/4526035/black-decker-gkc1820l20.html
129,12149,Black+ De­cker Scie élagueuse li­thium-ion 18 V lame 20 cm GKC1820L20,119.0,EUR,false,Fr.bricobravo.com,/go/3245432415092474734.html?categoryId=19144&offerKey=8c6fccf907fb60f7775d237e05daea2e&offerListId=4526035-5C0C9E3D7F92F1830A3458FCD037762B&pos=2&price=119.00&productid=4526035&sid=317371&type=offer,0,/prix/4526035/black-decker-gkc1820l20.html
130,12149,"Black & Decker Scie élagueuse GKC1820L20K 18V Li-Ion sans fil avec batterie, chargeur, coffret et chaine de rechange",124.9,EUR,false,ManoMano.fr,/go/3183271939175091537.html?categoryId=19144&offerKey=674e0aa0eb8ab34dd93bf2546f5920e2&offerListId=4526035-5C0C9E3D7F92F1830A3458FCD037762B&pos=3&price=124.90&productid=4526035&sid=291209&type=offer,0,/prix/4526035/black-decker-gkc1820l20.html
131,12149,"Black & Decker Scie élagueuse GKC1820L20K 18V Li-Ion sans fil avec batterie, chargeur, coffret et chaine de rechange",124.9,EUR,false,Mytoolstore.fr,/go/3229324288389546797.html?categoryId=19144&offerKey=a279894840bb7692862548ed13612434&offerListId=4526035-5C0C9E3D7F92F1830A3458FCD037762B&pos=4&price=124.90&productid=4526035&sid=29224&type=offer,0,/prix/4526035/black-decker-gkc1820l20.html
132,12149,Tron­çon­neuse sans fil 18 V Lithium 2.0Ah - GKC1820L20,133.35,EUR,false,Rakuten.com FR,/go/3131404292.html?categoryId=19144&offerKey=1858511abc256dece944c852f8ba6fd8&offerListId=4526035-5C0C9E3D7F92F1830A3458FCD037762B&pos=5&price=133.35&productid=4526035&sid=26246&type=offer,0,/prix/4526035/black-decker-gkc1820l20.html
133,12149,BLACK&DE­CKER Elagueuse sans fil Li 18V-2Ah,134.99,EUR,false,Cdiscount.com,/go/3216195973409677156.html?categoryId=19144&offerKey=ad6309f75c509aa3785487152243e3f0&offerListId=4526035-5C0C9E3D7F92F1830A3458FCD037762B&pos=6&price=134.99&productid=4526035&sid=29061&type=offer,0,/prix/4526035/black-decker-gkc1820l20.html
134,12149,"
document.getElementById(""result-6-offerinfo"").title = document.getElementById(""result-6-offerinfo"").innerHTML = idealoApp.getContents('q=24\< Z s64\<6C vzr`ga_{a_ %C@?UD9JjU4465:=j@?UD9Jj?6FD6 D2?D 7:= {:E9:F\> `g \' a p9');
",138.71,EUR,false,Amazon.fr,/go/7297218502.html?categoryId=19144&offerKey=80a091a233c498d1ad176df7f2cfe11e&offerListId=4526035-5C0C9E3D7F92F1830A3458FCD037762B&pos=7&price=138.71&productid=4526035&sid=12003&type=offer,0,/prix/4526035/black-decker-gkc1820l20.html
135,12149,Tron­çon­neuse sans fil GKC1820L20,143.91,EUR,false,Ubaldi.com (Marketplace),/go/3221509574502647863.html?categoryId=19144&offerKey=bf7be9c931e0f7c6408bdad2332a48c9&offerListId=4526035-5C0C9E3D7F92F1830A3458FCD037762B&pos=8&price=143.91&productid=4526035&sid=316737&type=offer,0,/prix/4526035/black-decker-gkc1820l20.html
136,12149,"
document.getElementById(""result-8-offerinfo"").title = document.getElementById(""result-8-offerinfo"").innerHTML = idealoApp.getContents('q{przU2\>AjstUD9Jjrzt# vzr`ga_{a_\""( t{t%UD9Jj%#~UD9Jj$tUD9Jjvp !~%p%#xrt p qp%%t#xp #xrp#] `g \' {x%x~ r|');
",143.98,EUR,false,dagimarket,/go/3252516814751532499.html?categoryId=19144&offerKey=3f0b0e4da8e1a75c795cfb64924441ba&offerListId=4526035-5C0C9E3D7F92F1830A3458FCD037762B&pos=9&price=143.98&productid=4526035&sid=24572&type=offer,0,/prix/4526035/black-decker-gkc1820l20.html
137,12149,Etagère / Rangement Black & Decker Black&de­cker elagueuse sans fil li 18v-2ah,146.84,EUR,false,Darty.com (Marketplace),/go/3223311323410473106.html?categoryId=19144&offerKey=86fecd3a73f7da90855eb142b9e3cbc0&offerListId=4526035-5C0C9E3D7F92F1830A3458FCD037762B&pos=10&price=146.84&productid=4526035&sid=316364&type=offer,0,/prix/4526035/black-decker-gkc1820l20.html
138,12149,Scie élagueuse sans fil Black+ De­cker 18 V,147.99,EUR,false,Fnac.com,/go/3228203253283946567.html?categoryId=19144&offerKey=93042bf4c6e95c5285dfe5b2d1007652&offerListId=4526035-5C0C9E3D7F92F1830A3458FCD037762B&pos=11&price=147.99&productid=4526035&sid=25536&type=offer,0,/prix/4526035/black-decker-gkc1820l20.html
139,12149,Tron­çon­neuse Bla­ck­De­cker GKC1820L20,149.0,EUR,false,Rotopino.fr,/go/9958039395.html?categoryId=19144&offerKey=150ee104d955ae25a668c980dbf6a98f&offerListId=4526035-5C0C9E3D7F92F1830A3458FCD037762B&pos=12&price=149.00&productid=4526035&sid=287166&type=offer,0,/prix/4526035/black-decker-gkc1820l20.html
140,12149,Black & Decker GKC1820L20 Scie élagueuse 20cm 18V Lithium 2 Ah,159.0,EUR,false,Mytoolstore.fr,/go/3229324288611845055.html?categoryId=19144&offerKey=939aeb6fee081b7af5c9676c23cb0bd8&offerListId=4526035-5C0C9E3D7F92F1830A3458FCD037762B&pos=13&price=159.00&productid=4526035&sid=29224&type=offer,0,/prix/4526035/black-decker-gkc1820l20.html
141,12149,BLACK & DECKER Scie élagueuse lithium 18V avec malette et chaine 2Ah,159.95,EUR,false,Rakuten.com FR,/go/4841123813.html?categoryId=19144&offerKey=cb5517f583c29c918a580c1ccd6f0049&offerListId=4526035-5C0C9E3D7F92F1830A3458FCD037762B&pos=14&price=159.95&productid=4526035&sid=26246&type=offer,0,/prix/4526035/black-decker-gkc1820l20.html
142,12149,Scie élagueuse sans fil Black+ De­cker 18 V,160.9,EUR,false,Fnac.com (Marketplace),/go/3252355706644332709.html?categoryId=19144&offerKey=506cf9bf020284de9195d1f4502a85c5&offerListId=4526035-5C0C9E3D7F92F1830A3458FCD037762B&pos=15&price=160.90&productid=4526035&sid=307622&type=offer,0,/prix/4526035/black-decker-gkc1820l20.html
