,index_data,product_name,product_price,currency,voucher,shop_name,url_origin,url_image,id_page
0,29431,"BOSTIK 30135103 MSP 133 Mastic de fixation MS Polymère, Spécial tuiles",4.55,EUR,false,,/go/3231640265148072092.html?price=4.55&sid=24573&type=oc_offer,0,/type/3549210031345.html
1,29431,12 mastic polymere msp 133 collage et etancheite cartouche 290ml,51.24,EUR,false,ManoMano.fr,/go/8873423865.html?price=51.24&sid=291209&type=oc_offer,0,/type/3549210031345.html
2,29626,Mastic colle d'étanchéité polymère support humide MSP 107 gris cartouche 290 ml,6.24,EUR,false,Quincaillerie.pro,/go/7484102552.html?price=6.24&sid=279458&type=oc_offer,0,/type/3549210031291.html
3,29626,Bostik - 30131383 - MSP 107 Mastic de collage et d'étanchéité - Gris,6.53,EUR,false,,/go/3235164306983093799.html?price=6.53&sid=24573&type=oc_offer,0,/type/3549210031291.html
4,29626,Mastic de fixation MS107 BOSTIK - Gris - 290 ml - 30131383,6.84,EUR,false,ManoMano.fr,/go/3191434310181724473.html?price=6.84&sid=291209&type=oc_offer,0,/type/3549210031291.html
5,29626,Mastic de fixation MS107 BOSTIK - Gris - 290 ml - 30131383,6.84,EUR,false,Rakuten.com FR,/go/2243021847.html?price=6.84&sid=26246&type=oc_offer,0,/type/3549210031291.html
6,29626,Mastic de collage et étanchéité MS polymer MSP 107 gris BOSTIK 30131383,6.86,EUR,false,Debonix.fr,/go/3259578907893956748.html?price=6.86&sid=277777&type=oc_offer,0,/type/3549210031291.html
7,29626,Mastic colle multi-matériaux - étanchéité et collage - MSP 107 gris BOSTIK,9.96,EUR,false,Bricozor.com,/go/3267557139314379348.html?price=9.96&sid=272921&type=oc_offer,0,/type/3549210031291.html
8,29626,Bostik - 30131383 - MSP 107 Mastic de collage et d'étanchéité - Gris,13.5,EUR,false,,/go/3268321422488898013.html?price=13.50&sid=24573&type=oc_offer,0,/type/3549210031291.html
9,29626,Bostik - 30131383 - MSP 107 Mastic de collage et d'étanchéité - Gris,14.85,EUR,false,Amazon.fr,/go/3215046670666446738.html?price=14.85&sid=12003&type=oc_offer,0,/type/3549210031291.html
10,29626,BOSTIK PRO Mastic fixation MS 107 - gris - 290 mL,18.41,EUR,false,Home-boulevard.com,/go/1156498732.html?price=18.41&sid=280884&type=oc_offer,0,/type/3549210031291.html
11,29626,Mastic colle multi-matériaux - 12 pièces - MSP 107 gris BOSTIK,119.5,EUR,false,Bricozor.com,/go/3267557139389874778.html?price=119.50&sid=272921&type=oc_offer,0,/type/3549210031291.html
12,29773,Mastic de fixation MS107 BOSTIK - Noir - 290 ml - 30139561,6.89,EUR,false,ManoMano.fr,/go/6338065798.html?price=6.89&sid=291209&type=oc_offer,0,/type/3549210031307.html
13,29773,Mastic MS 107 polymère - NOIR - cartouche de 290 ml,6.89,EUR,false,Rakuten.com FR,/go/3173874418719928038.html?price=6.89&sid=26246&type=oc_offer,0,/type/3549210031307.html
14,29773,Mastic colle d'étanchéité polymère support humide MSP 107 noir cartouche 290 ml,7.2,EUR,false,Quincaillerie.pro,/go/7482053873.html?price=7.20&sid=279458&type=oc_offer,0,/type/3549210031307.html
15,29773,Mastic MS 107 polymère - NOIR - cartouche de 290 ml,7.95,EUR,false,,/go/3249482188340595030.html?price=7.95&sid=24573&type=oc_offer,0,/type/3549210031307.html
16,29773,Colle mastic polymère msp 107 noir cartouche 290 ml bostik,8.9,EUR,false,Alexis-robert-bricolage.com,/go/3222599243604696560.html?price=8.90&sid=288310&type=oc_offer,0,/type/3549210031307.html
17,29936,Ruban adhesif isolant vert/jaune 15mmX10m (pack de 10) PVC auto-extinguible ALTERNATIVE ELEC AE40106,2.58,EUR,false,ManoMano.fr,/go/3230577147024247466.html?price=2.58&sid=291209&type=oc_offer,0,/type/638097702684.html
18,29936,Ruban adhesif isolant vert/jaune 15mmX10m (pack de 10) PVC auto-extinguible ALTERNATIVE ELEC AE40106,2.7,EUR,false,,/go/3150432916073352586.html?price=2.70&sid=24573&type=oc_offer,0,/type/638097702684.html
19,30569,Brunel Chimie Derives - Mastic Repar Metal Blc 150Ml,12.39,EUR,false,Mon Magasin General,/go/3197077497533433958.html?price=12.39&sid=24573&type=oc_offer,0,/type/3169981391082.html
20,30569,Répar'métal prêt à l'emploi blanc cartouche SINTO 150ml,12.39,EUR,false,Rakuten.com FR,/go/3260950097548018247.html?price=12.39&sid=26246&type=oc_offer,0,/type/3169981391082.html
21,30569,Mastic + durcisseur répar? métal standard - cartouche de 150ml - sintofer,14.05,EUR,false,Alexis-robert-bricolage.com,/go/3222599236245789950.html?price=14.05&sid=288310&type=oc_offer,0,/type/3169981391082.html
22,30569,Brunel Chimie Derives - Mastic Repar Metal Blc 150Ml,14.33,EUR,false,,/go/3156905572207431159.html?price=14.33&sid=24573&type=oc_offer,0,/type/3169981391082.html
23,30569,Répar' métal Standard Sintofer - Cartouche 150 ml - Blanc,15.43,EUR,false,ManoMano.fr,/go/6551296093.html?price=15.43&sid=291209&type=oc_offer,0,/type/3169981391082.html
