,index_data,product_name,product_price,currency,voucher,shop_name,url_origin,url_image,id_page
0,763,DESTOCKAGE Moto bineuse électrique 1200 watts - RYOBI rcp1225,119.99,EUR,false,Superperfo.fr,/go/3174402750618278860.html?categoryId=13078&offerKey=af572870667589c18914c0556ede6d77&offerListId=4750084-F830FA488D5581051314B863A23CE41F&pos=1&price=119.99&productid=4750084&sid=315080&type=offer,0,/prix/4750084/ryobi-rcp1225.html
1,763,"
document.getElementById(""result-1-offerinfo"").title = document.getElementById(""result-1-offerinfo"").innerHTML = idealoApp.getContents('#J@3: d`bb__abgg |@UD9JjE@UD9Jj3:UD9Jj?6FD6 U624FE6j=64EC:BF6 U28C2G6j 7:=[ \'6CE[ ad 4\>');
",134.99,EUR,false,Amazon.fr,/go/8073906226.html?categoryId=13078&offerKey=34b1b7935cd2e98a6cf9b62e731166a8&offerListId=4750084-F830FA488D5581051314B863A23CE41F&pos=2&price=134.99&productid=4750084&sid=12003&type=offer,0,/prix/4750084/ryobi-rcp1225.html
2,763,RYOBI Bineuse 1 150W largeur 25 cm - 4 fraises,134.99,EUR,false,Cdiscount.com,/go/3265811800611883947.html?categoryId=13078&offerKey=3ce45e095a19a93d459dac3b685be8b7&offerListId=4750084-F830FA488D5581051314B863A23CE41F&pos=3&price=134.99&productid=4750084&sid=29061&type=offer,0,/prix/4750084/ryobi-rcp1225.html
3,763,Ryobi RCP1225 Elek­tro-Kul­ti­va­tor,156.84,EUR,false,Rakuten.com FR,/go/8209087236.html?categoryId=13078&offerKey=4f1659cfdca6c982c56bf95ccc3be728&offerListId=4750084-F830FA488D5581051314B863A23CE41F&pos=4&price=156.84&productid=4750084&sid=26246&type=offer,0,/prix/4750084/ryobi-rcp1225.html
4,763,Bineuse Ryobi RCP1225,157.0,EUR,false,Rotopino.fr,/go/7598067701.html?categoryId=13078&offerKey=7641bf2548f43a84e6eeec4d88e406fb&offerListId=4750084-F830FA488D5581051314B863A23CE41F&pos=5&price=157.00&productid=4750084&sid=287166&type=offer,0,/prix/4750084/ryobi-rcp1225.html
5,763,Bineuse électrique RYOBI 1150W RCP1225,161.49,EUR,false,ManoMano.fr,/go/3189443300813712822.html?categoryId=13078&offerKey=7933e3950c54614a52d0c984ed2c3049&offerListId=4750084-F830FA488D5581051314B863A23CE41F&pos=6&price=161.49&productid=4750084&sid=291209&type=offer,0,/prix/4750084/ryobi-rcp1225.html
6,763,Bineuse 1150 Watts - 4 fraises - Ryobi,162.36,EUR,false,Fnac.com (Marketplace),/go/3252355708888288070.html?categoryId=13078&offerKey=3672dfff7718f8e26e1b47732197c8c6&offerListId=4750084-F830FA488D5581051314B863A23CE41F&pos=7&price=162.36&productid=4750084&sid=307622&type=offer,0,/prix/4750084/ryobi-rcp1225.html
7,763,Mo­to­bi­neuse Ryobi Ryobi - Bineuse électrique 1200W 25cm - RCP1225,168.32,EUR,false,Darty.com (Marketplace),/go/3267839155324846513.html?categoryId=13078&offerKey=a8236da025ff344a224db076a0fc4703&offerListId=4750084-F830FA488D5581051314B863A23CE41F&pos=8&price=168.32&productid=4750084&sid=316364&type=offer,0,/prix/4750084/ryobi-rcp1225.html
8,763,Ryobi RCP1225 Bineuse électrique - 1150W - 25mm,168.99,EUR,false,Fixami.fr,/go/3235107398991481562.html?categoryId=13078&offerKey=8951f13369a3eccc390b60873368c225&offerListId=4750084-F830FA488D5581051314B863A23CE41F&pos=9&price=168.99&productid=4750084&sid=306120&type=offer,0,/prix/4750084/ryobi-rcp1225.html
9,763,"
document.getElementById(""result-9-offerinfo"").title = document.getElementById(""result-9-offerinfo"").innerHTML = idealoApp.getContents('#J@3: d`bb__abgg |@UD9JjE@UD9Jj3:UD9Jj?6FD6 U624FE6j=64EC:BF6 U28C2G6j 7:=[ \'6CE[ ad 4\>');
",176.0,EUR,false,Rotopino FR,/go/3257395532106041278.html?categoryId=13078&offerKey=041c212f532d71d46311ee9eb52b79a7&offerListId=4750084-F830FA488D5581051314B863A23CE41F&pos=10&price=176.00&productid=4750084&sid=24573&type=offer,0,/prix/4750084/ryobi-rcp1225.html
10,763,Bineuse électrique RYOBI 1150W RCP1225,184.28,EUR,false,Ubaldi.com (Marketplace),/go/3221509300979506218.html?categoryId=13078&offerKey=43cfc2ce9cb34b83dc5787f6e68f7a85&offerListId=4750084-F830FA488D5581051314B863A23CE41F&pos=11&price=184.28&productid=4750084&sid=316737&type=offer,0,/prix/4750084/ryobi-rcp1225.html
11,763,"Ryobi RCP1225, RCP1225",197.12,EUR,false,fr.mioga.de,/go/6650029975.html?categoryId=13078&offerKey=602d59bd2c55c02acecc177f7ba6e1e6&offerListId=4750084-F830FA488D5581051314B863A23CE41F&pos=12&price=197.12&productid=4750084&sid=310351&type=offer,0,/prix/4750084/ryobi-rcp1225.html
12,763,Ryobi Bineuse électrique RCP1225,197.7,EUR,false,Mytoolstore.fr,/go/3229324291489138821.html?categoryId=13078&offerKey=c275ef60cf5bb51fa975a2574047445f&offerListId=4750084-F830FA488D5581051314B863A23CE41F&pos=13&price=197.70&productid=4750084&sid=29224&type=offer,0,/prix/4750084/ryobi-rcp1225.html
13,763,"
document.getElementById(""result-13-offerinfo"").title = document.getElementById(""result-13-offerinfo"").innerHTML = idealoApp.getContents('#J@3: q:?6FD6 U624FE6j=64EC:BF6 #r!`aad');
",199.9,EUR,false,mytoolstore_fr,/go/3243764172487395715.html?categoryId=13078&offerKey=41420e93c2b4278b9d8dbe70e00c6d9b&offerListId=4750084-F830FA488D5581051314B863A23CE41F&pos=14&price=199.90&productid=4750084&sid=24572&type=offer,0,/prix/4750084/ryobi-rcp1225.html
14,772,Ven­ti­la­teur à batterie Ryobi ONE+ R18F-0,60.0,EUR,false,Rotopino.fr,/go/7598856777.html?categoryId=5673&offerKey=94df8e5d57eec5f6f6f595a01a6620e2&offerListId=6138310-45EA20644F8FF40E0B14C1C5B2DB252D&pos=1&price=60.00&productid=6138310&sid=287166&type=offer,0,/prix/6138310/ryobi-r18f-0.html
15,772,"
document.getElementById(""result-1-offerinfo"").title = document.getElementById(""result-1-offerinfo"").innerHTML = idealoApp.getContents('#J@3: C`g u \'6?UD9JjE:UD9Jj=2UD9JjE6FC D2?D 7:= ~?6 !=FD \\ wJA6C \'6CE');
",60.43,EUR,false,espace-bricolage,/go/8447587288.html?categoryId=5673&offerKey=81bdc4bac1f8457ac4719eb626f668f4&offerListId=6138310-45EA20644F8FF40E0B14C1C5B2DB252D&pos=2&price=60.43&productid=6138310&sid=24573&type=offer,0,/prix/6138310/ryobi-r18f-0.html
16,772,"
document.getElementById(""result-2-offerinfo"").title = document.getElementById(""result-2-offerinfo"").innerHTML = idealoApp.getContents('#J@3: C`g u \'6?UD9JjE:UD9Jj=2UD9JjE6FC D2?D 7:= ~?6 !=FD \\ wJA6C \'6CE');
",64.65,EUR,false,Amazon.fr,/go/7662607290.html?categoryId=5673&offerKey=5e54e90f7d6e3142f826843f656ccf12&offerListId=6138310-45EA20644F8FF40E0B14C1C5B2DB252D&pos=3&price=64.65&productid=6138310&sid=12003&type=offer,0,/prix/6138310/ryobi-r18f-0.html
17,772,Ven­ti­la­teur 2 vitesses RYOBI 18V OnePlus - sans batterie ni chargeur R18F-0,64.65,EUR,false,ManoMano.fr,/go/3188711155948335541.html?categoryId=5673&offerKey=9e95f6a7bb7fbba195782d7f290b32d3&offerListId=6138310-45EA20644F8FF40E0B14C1C5B2DB252D&pos=4&price=64.65&productid=6138310&sid=291209&type=offer,0,/prix/6138310/ryobi-r18f-0.html
18,772,Ven­ti­la­teur 2 vitesses RYOBI 18 V OnePlus - sans batterie ni chargeur R18F-0,68.77,EUR,false,ManoMano.fr,/go/3267643275258889710.html?categoryId=5673&offerKey=85dbb8324f87d711fe9af4582f51ae8a&offerListId=6138310-45EA20644F8FF40E0B14C1C5B2DB252D&pos=5&price=68.77&productid=6138310&sid=291209&type=offer,0,/prix/6138310/ryobi-r18f-0.html
19,772,"
document.getElementById(""result-5-offerinfo"").title = document.getElementById(""result-5-offerinfo"").innerHTML = idealoApp.getContents('\'6?UD9JjE:UD9Jj=2UD9JjE6FC a G:E6DD6D #*~qx `g \' ~?6!=FD \\ D2?D 32EE6C:6 ?: 492C86FC #`gu\\_');
",68.77,EUR,false,espace-bricolage,/go/3267603128425383773.html?categoryId=5673&offerKey=822056fe39cf7c9bdd501304112ac256&offerListId=6138310-45EA20644F8FF40E0B14C1C5B2DB252D&pos=6&price=68.77&productid=6138310&sid=24572&type=offer,0,/prix/6138310/ryobi-r18f-0.html
20,772,"Ryobi R18F-0 Ven­ti­la­teur à batterie, sans batterie et chargeur - 5133002612",68.77,EUR,false,Rakuten.com FR,/go/8213760999.html?categoryId=5673&offerKey=07705a881ff5a0e0c070f64f90077cca&offerListId=6138310-45EA20644F8FF40E0B14C1C5B2DB252D&pos=7&price=68.77&productid=6138310&sid=26246&type=offer,0,/prix/6138310/ryobi-r18f-0.html
21,772,"As­pi­ra­teur, souffleur de jardin Ryobi Tools Ven­ti­la­teur 2 vitesses ryobi 18 v oneplus - sans batterie ni chargeur r18f-0",68.77,EUR,false,Darty.com (Marketplace),/go/3267839372407342323.html?categoryId=5673&offerKey=3209fe0e2b594466c0e14d64be3421a2&offerListId=6138310-45EA20644F8FF40E0B14C1C5B2DB252D&pos=8&price=68.77&productid=6138310&sid=316364&type=offer,0,/prix/6138310/ryobi-r18f-0.html
22,772,Ryobi Ven­ti­la­teur 2 vitesses 18 V OnePlus - sans batterie ni chargeur R18F-0,68.77,EUR,false,Rueducommerce.fr (Marketplace),/go/3267693276576089242.html?categoryId=5673&offerKey=a5daca4a53f5813c4c667dd74f1e8618&offerListId=6138310-45EA20644F8FF40E0B14C1C5B2DB252D&pos=9&price=68.77&productid=6138310&sid=25482&type=offer,0,/prix/6138310/ryobi-r18f-0.html
23,772,Ryobi Ven­ti­la­teur 2 vitesses 18V OnePlus - sans batterie ni chargeur R18F-0,69.98,EUR,false,Rueducommerce.fr (Marketplace),/go/3213755113097149352.html?categoryId=5673&offerKey=6ac8e15e8d62c7b85c28e54cc0e35d00&offerListId=6138310-45EA20644F8FF40E0B14C1C5B2DB252D&pos=10&price=69.98&productid=6138310&sid=25482&type=offer,0,/prix/6138310/ryobi-r18f-0.html
24,772,"As­pi­ra­teur, souffleur de jardin Ryobi Ven­ti­la­teur 2 vitesses ryobi 18v oneplus - sans batterie ni chargeur r18f-0",74.66,EUR,false,Darty.com (Marketplace),/go/3223311313551763230.html?categoryId=5673&offerKey=ef6cb1c6275400da76b434777ad8e34c&offerListId=6138310-45EA20644F8FF40E0B14C1C5B2DB252D&pos=11&price=74.66&productid=6138310&sid=316364&type=offer,0,/prix/6138310/ryobi-r18f-0.html
25,772,Ryobi Ven­ti­la­teur 2 vitesses 18V OnePlus - sans batterie ni chargeur R18F-0,77.32,EUR,false,Rueducommerce.fr (Marketplace),/go/3213754460308254479.html?categoryId=5673&offerKey=d5ff22ba33be02f41dd6f82b525b0b3e&offerListId=6138310-45EA20644F8FF40E0B14C1C5B2DB252D&pos=12&price=77.32&productid=6138310&sid=25482&type=offer,0,/prix/6138310/ryobi-r18f-0.html
26,772,"Ryobi R18F-0 Ven­ti­la­teur à batterie, sans batterie et chargeur - 5133002612",77.9,EUR,false,Mytoolstore.fr,/go/3229324294653739790.html?categoryId=5673&offerKey=f07f12a385a3dc3d6764e2cf93f302f3&offerListId=6138310-45EA20644F8FF40E0B14C1C5B2DB252D&pos=13&price=77.90&productid=6138310&sid=29224&type=offer,0,/prix/6138310/ryobi-r18f-0.html
27,772,Ryobi R18F-0 One+ Ven­ti­la­teur à batteries 18V Li-Ion (machine seule),78.39,EUR,false,Fixami.fr,/go/3235107211004871980.html?categoryId=5673&offerKey=607f45128d3f79843cb6c3cd4e2dc30a&offerListId=6138310-45EA20644F8FF40E0B14C1C5B2DB252D&pos=14&price=78.39&productid=6138310&sid=306120&type=offer,0,/prix/6138310/ryobi-r18f-0.html
28,772,Ryobi Ven­ti­la­teur 2 vitesses 18V OnePlus - sans batterie ni chargeur R18F-0,84.59,EUR,false,Rueducommerce.fr (Marketplace),/go/3267512897546225579.html?categoryId=5673&offerKey=9af5c72a3034433edb75fde63fa1eb50&offerListId=6138310-45EA20644F8FF40E0B14C1C5B2DB252D&pos=15&price=84.59&productid=6138310&sid=25482&type=offer,0,/prix/6138310/ryobi-r18f-0.html
29,776,"Internas 170221 - Treillis de Bois, 25 x 2 x 100 cm, Couleur Marron",17.15,EUR,false,Vadecompras,/go/3220617915657093735.html?price=17.15&sid=24573&type=oc_offer,0,/type/3260821702218.html
30,776,Treillis extensible en bois 1 x 2 m TRELLIWOOD,18.31,EUR,false,ManoMano.fr,/go/8820620902.html?price=18.31&sid=291209&type=oc_offer,0,/type/3260821702218.html
31,776,"Internas 170221 - Treillis de Bois, 25 x 2 x 100 cm, Couleur Marron",20.56,EUR,false,Centrale Brico,/go/3198920118979537678.html?price=20.56&sid=24573&type=oc_offer,0,/type/3260821702218.html
32,776,Treillis Extensible En Bois 1 X 2 M Trelliwood Bois,26.8,EUR,false,Rakuten.com FR,/go/3159732349910919318.html?price=26.80&sid=26246&type=oc_offer,0,/type/3260821702218.html
33,776,"Internas 170221 - Treillis de Bois, 25 x 2 x 100 cm, Couleur Marron",27.56,EUR,false,Amazon.fr,/go/3167464546849787468.html?price=27.56&sid=12003&type=oc_offer,0,/type/3260821702218.html
34,776,INTERMAS - Treillis extensible en bois 1 x 2 m TRELLIWOOD,28.31,EUR,false,Fnac.com (Marketplace),/go/3252355715605465344.html?price=28.31&sid=307622&type=oc_offer,0,/type/3260821702218.html
35,779,"
document.getElementById(""result-0-offerinfo"").title = document.getElementById(""result-0-offerinfo"").innerHTML = idealoApp.getContents('#J@3: #@Db__ #2?5@\> ~C3:E !@?46FD6 b__ (');
",56.73,EUR,false,espace-bricolage,/go/3255724047016657107.html?categoryId=3706&offerKey=0edccd00157bbb121e7965bc8a85e1e4&offerListId=5457873-FF42E14F5691EDBA8BC8B366EC4B03E2&pos=1&price=56.73&productid=5457873&sid=24573&type=offer,0,/prix/5457873/ryobi-ros300.html
36,779,Ponceuse ex­cen­trique Ryobi ROS300,59.0,EUR,false,Rotopino.fr,/go/6083862742.html?categoryId=3706&offerKey=815293a9587276b5dfe606834f36df5c&offerListId=5457873-FF42E14F5691EDBA8BC8B366EC4B03E2&pos=2&price=59.00&productid=5457873&sid=287166&type=offer,0,/prix/5457873/ryobi-ros300.html
37,779,Ponceuse ex­cen­trique électrique RYOBI 300W 125mm ROS300,60.59,EUR,false,ManoMano.fr,/go/9803893801.html?categoryId=3706&offerKey=7022cc77f6e5301c724e38ac2e9cab2d&offerListId=5457873-FF42E14F5691EDBA8BC8B366EC4B03E2&pos=3&price=60.59&productid=5457873&sid=291209&type=offer,0,/prix/5457873/ryobi-ros300.html
38,779,Ponceuse ex­cen­trique Ryobi - ROS300,60.9,EUR,false,Rakuten.com FR,/go/3155563412130377112.html?categoryId=3706&offerKey=66909bcd6d5559a8236357d60623b4ab&offerListId=5457873-FF42E14F5691EDBA8BC8B366EC4B03E2&pos=4&price=60.90&productid=5457873&sid=26246&type=offer,0,/prix/5457873/ryobi-ros300.html
39,779,"
document.getElementById(""result-4-offerinfo"").title = document.getElementById(""result-4-offerinfo"").innerHTML = idealoApp.getContents('#J@3: #@Db__ #2?5@\> ~C3:E !@?46FD6 b__ (');
",61.21,EUR,false,Amazon.fr,/go/3256515860140919478.html?categoryId=3706&offerKey=da51069bd3af304ef9ebd9fb35d279e5&offerListId=5457873-FF42E14F5691EDBA8BC8B366EC4B03E2&pos=5&price=61.21&productid=5457873&sid=12003&type=offer,0,/prix/5457873/ryobi-ros300.html
40,779,Ponceuse ex­cen­trique électrique RYOBI 300W 125mm ROS300,65.56,EUR,false,Ubaldi.com (Marketplace),/go/3221509303953270374.html?categoryId=3706&offerKey=8b5b06bddc8cdd3e68e9ec11d2ebae5a&offerListId=5457873-FF42E14F5691EDBA8BC8B366EC4B03E2&pos=6&price=65.56&productid=5457873&sid=316737&type=offer,0,/prix/5457873/ryobi-ros300.html
41,779,"
document.getElementById(""result-6-offerinfo"").title = document.getElementById(""result-6-offerinfo"").innerHTML = idealoApp.getContents('!@?46FD6 6IUD9Jj46?UD9JjEC:BF6 U624FE6j=64EC:BF6 #*~qx b__( `ad\>\> #~$b__');
",65.98,EUR,false,espace-bricolage,/go/3244722808336417138.html?categoryId=3706&offerKey=8898a66dc75b61947e25e489230697d5&offerListId=5457873-FF42E14F5691EDBA8BC8B366EC4B03E2&pos=7&price=65.98&productid=5457873&sid=24572&type=offer,0,/prix/5457873/ryobi-ros300.html
42,779,Ponceuse à bande Ryobi Ryobi - ponceuse ex­cen­trique 300 w 125 mm - ros300,65.98,EUR,false,Darty.com (Marketplace),/go/3216548507947110849.html?categoryId=3706&offerKey=1c61ea7c995f56e2f4d8b41f9718d4a2&offerListId=5457873-FF42E14F5691EDBA8BC8B366EC4B03E2&pos=8&price=65.98&productid=5457873&sid=316364&type=offer,0,/prix/5457873/ryobi-ros300.html
43,779,Ryobi Ponceuse ex­cen­trique électrique 300W 125mm ROS300,65.98,EUR,false,Rueducommerce.fr (Marketplace),/go/3213757630564545937.html?categoryId=3706&offerKey=056fe65416a0fb65fb2456f4677d2adf&offerListId=5457873-FF42E14F5691EDBA8BC8B366EC4B03E2&pos=9&price=65.98&productid=5457873&sid=25482&type=offer,0,/prix/5457873/ryobi-ros300.html
44,779,Ponceuse ex­cen­trique Ryobi 300 Watts Ø 125 mm ROS300,75.68,EUR,false,Fnac.com (Marketplace),/go/3252354819540650145.html?categoryId=3706&offerKey=942de290a358ad5297eaacfd11254436&offerListId=5457873-FF42E14F5691EDBA8BC8B366EC4B03E2&pos=10&price=75.68&productid=5457873&sid=307622&type=offer,0,/prix/5457873/ryobi-ros300.html
45,794,"AEG VL 5527 MS Chrome, Ven­ti­la­teur",58.9,EUR,false,Alternate.fr,/go/3263946365343892211.html?categoryId=5673&offerKey=6d602b6676a9fbc095735a2a25a28c7e&offerListId=1589044-812346794FC9862B1C203F7DD8B71890&pos=1&price=58.90&productid=1589044&sid=291809&type=offer,0,/prix/1589044/aeg-vl-5527.html
46,794,Ven­ti­la­teur GENERIQUE Ven­ti­la­teur 40cm de hauteur AEG VL 5527 MS N,64.83,EUR,false,Darty.com (Marketplace),/go/3237410147466740656.html?categoryId=5673&offerKey=b27ccacbf54cc20df48943baa2829ec9&offerListId=1589044-812346794FC9862B1C203F7DD8B71890&pos=2&price=64.83&productid=1589044&sid=316364&type=offer,0,/prix/1589044/aeg-vl-5527.html
47,794,AEG VL 5527 MS - Ven­ti­la­teur,64.99,EUR,false,Rakuten.com FR,/go/2203663079.html?categoryId=5673&offerKey=94e2818cc817c5d17c5c0fbd96b5501d&offerListId=1589044-812346794FC9862B1C203F7DD8B71890&pos=3&price=64.99&productid=1589044&sid=26246&type=offer,0,/prix/1589044/aeg-vl-5527.html
48,794,Ven­ti­la­teur sur pied AEG VL 5527 MS 55 W (Ø x h) 40 cm x 115 cm acier inoxydable,70.99,EUR,false,ManoMano.fr,/go/3266680231664026822.html?categoryId=5673&offerKey=062afba8338d01853c5facb3a8cc3404&offerListId=1589044-812346794FC9862B1C203F7DD8B71890&pos=4&price=70.99&productid=1589044&sid=291209&type=offer,0,/prix/1589044/aeg-vl-5527.html
49,794,Ven­ti­la­teur sur pied AEG VL 5527 MS 55 W (Ø x h) 40 cm x 115 cm acier inoxydable,70.99,EUR,false,Conrad.fr,/go/3265688005884510260.html?categoryId=5673&offerKey=fd9284bbe4da95584c04cc8efe8249ea&offerListId=1589044-812346794FC9862B1C203F7DD8B71890&pos=5&price=70.99&productid=1589044&sid=286907&type=offer,0,/prix/1589044/aeg-vl-5527.html
50,794,"
document.getElementById(""result-5-offerinfo"").title = document.getElementById(""result-5-offerinfo"").innerHTML = idealoApp.getContents('ptv da__b` \'6?UD9JjE:UD9Jj=2UD9JjE6FC DFC !:65 |U624FE6jE2=');
",73.59,EUR,false,Amazon.fr,/go/3259323772143930316.html?categoryId=5673&offerKey=2f91a0e96dead11eb900006e8e002d69&offerListId=1589044-812346794FC9862B1C203F7DD8B71890&pos=6&price=73.59&productid=1589044&sid=12003&type=offer,0,/prix/1589044/aeg-vl-5527.html
51,794,AEG VL 5527 MS - ven­ti­la­teur,76.97,EUR,false,Fnac.com (Marketplace),/go/3252362933960705820.html?categoryId=5673&offerKey=a39e21e55b356742b9bfa14c6fec4396&offerListId=1589044-812346794FC9862B1C203F7DD8B71890&pos=7&price=76.97&productid=1589044&sid=307622&type=offer,0,/prix/1589044/aeg-vl-5527.html
52,794,"
document.getElementById(""result-7-offerinfo"").title = document.getElementById(""result-7-offerinfo"").innerHTML = idealoApp.getContents('ptv \'{ ddaf |$');
",77.09,EUR,false,sotel-france,/go/3261472914012112202.html?categoryId=5673&offerKey=0653996692c54c634dda74e945389f2c&offerListId=1589044-812346794FC9862B1C203F7DD8B71890&pos=8&price=77.09&productid=1589044&sid=24573&type=offer,0,/prix/1589044/aeg-vl-5527.html
53,794,"
document.getElementById(""result-8-offerinfo"").title = document.getElementById(""result-8-offerinfo"").innerHTML = idealoApp.getContents('ptv \'= ddaf \'6?UD9JjE:UD9Jj=2UD9JjE6FC 56 %23=6 U28C2G6j !@D6C b }:G62FI AF:DD2?46 `[`d | `f`ffg`e');
",84.33,EUR,false,salebo-de,/go/3264697623176544789.html?categoryId=5673&offerKey=a4c33896ec31da324fcce09864aae142&offerListId=1589044-812346794FC9862B1C203F7DD8B71890&pos=9&price=84.33&productid=1589044&sid=24572&type=offer,0,/prix/1589044/aeg-vl-5527.html
54,794,AEG Ven­ti­la­teur sur pied VL 5527 MS N 40 cm 50 W Argenté 411044,89.09,EUR,false,VidaXL.fr,/go/3267526903845619959.html?categoryId=5673&offerKey=a4bbc0cd37ca455f1c679f137b96046e&offerListId=1589044-812346794FC9862B1C203F7DD8B71890&pos=10&price=89.09&productid=1589044&sid=278537&type=offer,0,/prix/1589044/aeg-vl-5527.html
55,794,Aeg vl5527ms ven­ti­la­teur sur pied métal,98.84,EUR,false,Fnac.com (Marketplace),/go/3259797585455482133.html?categoryId=5673&offerKey=010de80300dc1cb8ce2571dc978dbd43&offerListId=1589044-812346794FC9862B1C203F7DD8B71890&pos=11&price=98.84&productid=1589044&sid=307622&type=offer,0,/prix/1589044/aeg-vl-5527.html
56,799,"
document.getElementById(""result-0-offerinfo"").title = document.getElementById(""result-0-offerinfo"").innerHTML = idealoApp.getContents('ptv p+t _bc q2EE6C:6 56 C6492?86 A@FC \&=EC2A@H6C pv d_``');
",59.0,EUR,false,Amazon.fr,/go/3174740487435203870.html?categoryId=10173&offerKey=e0fd82077a00878475872b387628effd&offerListId=4999298-9806FEE2321DA67CAB40E09EC7AC79B7&pos=1&price=59.00&productid=4999298&sid=12003&type=offer,0,/prix/4999298/aeg-aze-034.html
57,799,"
document.getElementById(""result-1-offerinfo"").title = document.getElementById(""result-1-offerinfo"").innerHTML = idealoApp.getContents('ptv p+t _bc q2EE6C:6 56 C6492?86 A@FC \&=EC2A@H6C pv d_``');
",59.0,EUR,false,,/go/3191335721090687104.html?categoryId=10173&offerKey=442cf349f60ad397b3952e1046a65103&offerListId=4999298-9806FEE2321DA67CAB40E09EC7AC79B7&pos=2&price=59.00&productid=4999298&sid=24573&type=offer,0,/prix/4999298/aeg-aze-034.html
58,799,AEG AZE 034 BATTERIE DE RECHANGE POUR ULTRAPOWER AG 5011 / 1 24 V,73.38,EUR,false,Fnac.com (Marketplace),/go/3252362917986699923.html?categoryId=10173&offerKey=4ca0c03462dca14f1cd3c12d9007e9ca&offerListId=4999298-9806FEE2321DA67CAB40E09EC7AC79B7&pos=3&price=73.38&productid=4999298&sid=307622&type=offer,0,/prix/4999298/aeg-aze-034.html
59,799,"
document.getElementById(""result-3-offerinfo"").title = document.getElementById(""result-3-offerinfo"").innerHTML = idealoApp.getContents('ptv p+t_bc \&=EC2A@H6C !24\< q2EE6C:6 _cc A@FC \&=EC2A@H6C p8 d_``[ h__ `e eh\\cf^b');
",92.69,EUR,false,www-mioga-de,/go/3267249632092095880.html?categoryId=10173&offerKey=114ebc156fa9d168ba88dcdffb5f5414&offerListId=4999298-9806FEE2321DA67CAB40E09EC7AC79B7&pos=4&price=92.69&productid=4999298&sid=24572&type=offer,0,/prix/4999298/aeg-aze-034.html
60,845,"GARDENA Comfort Lames ho­ri­zon­tales, Cisailles à gazon",31.99,EUR,false,Alternate.fr,/go/3189707198538193433.html?categoryId=11412&offerKey=68a01cee06d9d073666991b9915e43eb&offerListId=6145329-5F6F8E9A2AA1848B284F416E55ED2666&pos=1&price=31.99&productid=6145329&sid=291809&type=offer,0,/prix/6145329/gardena-12100-20.html
61,845,"
document.getElementById(""result-1-offerinfo"").title = document.getElementById(""result-1-offerinfo"").innerHTML = idealoApp.getContents('r:D2:==6D U28C2G6j 82K@? U28C2G6j =@?8 \>2?496 r@\>7@CE 56 vp#st}p i 4@FA6\\82UD9JjK@? 2G64 \>2?496[ AC@EU624FE6j862?E =6 5@D[ A@:8?U624FE6j6 4@?7@CE W`a`__\\a_X');
",37.61,EUR,false,Solera Telecom AG,/go/3258036456559478662.html?categoryId=11412&offerKey=66776ddf23b31609f870f66120daf3a1&offerListId=6145329-5F6F8E9A2AA1848B284F416E55ED2666&pos=2&price=37.61&productid=6145329&sid=24573&type=offer,0,/prix/6145329/gardena-12100-20.html
62,845,Cisaille à gazon longue portée Comfort,37.7,EUR,false,Rakuten.com FR,/go/3188516670622670371.html?categoryId=11412&offerKey=f4b0e2c4b44ae5d8b8f73509c647f0d3&offerListId=6145329-5F6F8E9A2AA1848B284F416E55ED2666&pos=3&price=37.70&productid=6145329&sid=26246&type=offer,0,/prix/6145329/gardena-12100-20.html
63,845,Cisaille à gazon longue portée Comfort,39.49,EUR,false,ManoMano.fr,/go/3189625417795383112.html?categoryId=11412&offerKey=2a5d391104fd55a6f79d559f91db8c9c&offerListId=6145329-5F6F8E9A2AA1848B284F416E55ED2666&pos=4&price=39.49&productid=6145329&sid=291209&type=offer,0,/prix/6145329/gardena-12100-20.html
64,845,Cisaille à gazon orientable comfort gardena 12100-20,40.19,EUR,false,Fnac.com (Marketplace),/go/3252355796582794990.html?categoryId=11412&offerKey=64c27a6079128e2023705a5d041df384&offerListId=6145329-5F6F8E9A2AA1848B284F416E55ED2666&pos=5&price=40.19&productid=6145329&sid=307622&type=offer,0,/prix/6145329/gardena-12100-20.html
65,845,Cisaille à gazon orientable Comfort GARDENA 12100-20,48.84,EUR,false,Debonix.fr,/go/3258000758024440239.html?categoryId=11412&offerKey=ca4ac9054122428284f68b16ab011353&offerListId=6145329-5F6F8E9A2AA1848B284F416E55ED2666&pos=6&price=48.84&productid=6145329&sid=277777&type=offer,0,/prix/6145329/gardena-12100-20.html
66,845,GARDENA - Cisaille à gazon longue portée Comfort,53.45,EUR,false,Ubaldi.com (Marketplace),/go/3221509424646460273.html?categoryId=11412&offerKey=500f5b821c373aaa76d4234aed512446&offerListId=6145329-5F6F8E9A2AA1848B284F416E55ED2666&pos=7&price=53.45&productid=6145329&sid=316737&type=offer,0,/prix/6145329/gardena-12100-20.html
67,845,Gardena Cisaille à gazon orientable Comfort - 12100-20,81.7,EUR,false,Mytoolstore.fr,/go/3229324300605456652.html?categoryId=11412&offerKey=608b59209868eb4bb1edc0697a91bfc1&offerListId=6145329-5F6F8E9A2AA1848B284F416E55ED2666&pos=8&price=81.70&productid=6145329&sid=29224&type=offer,0,/prix/6145329/gardena-12100-20.html
68,847,"
document.getElementById(""result-0-offerinfo"").title = document.getElementById(""result-0-offerinfo"").innerHTML = idealoApp.getContents('ptv q\&$`g\\_ $4:6 D23C6 D2?D 7:= `h \>\>[ `g \'[ 4@?ECU@4:C4j=6 56 G:E6DD6 6E AC@E64E:@? 4@?EC6 =2 DFC492C86[ DJDEU68C2G6j\>6 56 D6CC286 C2A:56[ D2?D 32EE6C:6 \\q\&$`g\\_');
",133.01,EUR,false,Amazon.fr,/go/3261317987486926453.html?categoryId=23207&offerKey=211c53ecd9c635fd4506e21f8bd9b517&offerListId=3337580-E74E39AAE96536E51AA6EA33B64369A1&pos=1&price=133.01&productid=3337580&sid=12003&type=offer,0,/prix/3337580/aeg-bus-18-bulk.html
69,847,AEG Scie sabre BUS18-0,139.99,EUR,false,Cdiscount.com,/go/3200075722666280291.html?categoryId=23207&offerKey=120dfdd49a71e543b44cc121bf5b6f8c&offerListId=3337580-E74E39AAE96536E51AA6EA33B64369A1&pos=2&price=139.99&productid=3337580&sid=29061&type=offer,0,/prix/3337580/aeg-bus-18-bulk.html
70,847,Scie Sabre AEG 18 Volts machine nue,139.99,EUR,false,Fnac.com,/go/3210450555944043930.html?categoryId=23207&offerKey=0cd550357fe158fc2417b7d763f3d645&offerListId=3337580-E74E39AAE96536E51AA6EA33B64369A1&pos=3&price=139.99&productid=3337580&sid=25536&type=offer,0,/prix/3337580/aeg-bus-18-bulk.html
71,847,AEG BUS 18-0 Scie sabre à batteries 18V Li-Ion (machine seule) - changement rapide,140.99,EUR,false,Fixami.fr,/go/3235106653995010852.html?categoryId=23207&offerKey=99755127521326124a9b149164c6b112&offerListId=3337580-E74E39AAE96536E51AA6EA33B64369A1&pos=4&price=140.99&productid=3337580&sid=306120&type=offer,0,/prix/3337580/aeg-bus-18-bulk.html
72,847,"
document.getElementById(""result-4-offerinfo"").title = document.getElementById(""result-4-offerinfo"").innerHTML = idealoApp.getContents('$4:6 D23C6 D2?D 7:= `g G \\ ptv 3FD `g_ \\ 32EE6C:6 ?@? :?4=FD6');
",152.23,EUR,false,espace-bricolage,/go/3160577203580709674.html?categoryId=23207&offerKey=62601a4c04b552517681549f9feb117c&offerListId=3337580-E74E39AAE96536E51AA6EA33B64369A1&pos=5&price=152.23&productid=3337580&sid=24573&type=offer,0,/prix/3337580/aeg-bus-18-bulk.html
73,847,"Scie sabre sans fil 18V AEG BUS18-0, gamme PRO18V",165.77,EUR,false,Rakuten.com FR,/go/6077462126.html?categoryId=23207&offerKey=76f96a11f999666264a7fb7287b6a32b&offerListId=3337580-E74E39AAE96536E51AA6EA33B64369A1&pos=6&price=165.77&productid=3337580&sid=26246&type=offer,0,/prix/3337580/aeg-bus-18-bulk.html
74,847,Scie sabre AEG 18V Li-ion sans batterie ni chargeur BUS 18 LI-0,167.35,EUR,false,ManoMano.fr,/go/3154692347021759379.html?categoryId=23207&offerKey=2d5341f0837834e9f6ca749e8cd422c2&offerListId=3337580-E74E39AAE96536E51AA6EA33B64369A1&pos=7&price=167.35&productid=3337580&sid=291209&type=offer,0,/prix/3337580/aeg-bus-18-bulk.html
75,847,Aeg Scie sabre 18V Li-ion sans batterie ni chargeur BUS 18 LI-0,167.6,EUR,false,Rueducommerce.fr (Marketplace),/go/3258995774196811121.html?categoryId=23207&offerKey=dda550680dfe23aeb570003b8e33613a&offerListId=3337580-E74E39AAE96536E51AA6EA33B64369A1&pos=8&price=167.60&productid=3337580&sid=25482&type=offer,0,/prix/3337580/aeg-bus-18-bulk.html
76,847,Aeg Scie sabre 18V Li-ion sans batterie ni chargeur BUS 18 LI-0,167.61,EUR,false,Rueducommerce.fr (Marketplace),/go/3258641493478344365.html?categoryId=23207&offerKey=0e274af664b2046a4c660d3ffe8481f1&offerListId=3337580-E74E39AAE96536E51AA6EA33B64369A1&pos=9&price=167.61&productid=3337580&sid=25482&type=offer,0,/prix/3337580/aeg-bus-18-bulk.html
77,847,"
document.getElementById(""result-9-offerinfo"").title = document.getElementById(""result-9-offerinfo"").innerHTML = idealoApp.getContents('$4:6 D23C6 ptv `g\' {:\\:@? D2?D 32EE6C:6 ?: 492C86FC q\&$ `g {x\\_');
",169.9,EUR,false,espace-bricolage,/go/3243624203502486792.html?categoryId=23207&offerKey=2b2197e9ac11f91d77311e002a1c5f75&offerListId=3337580-E74E39AAE96536E51AA6EA33B64369A1&pos=10&price=169.90&productid=3337580&sid=24572&type=offer,0,/prix/3337580/aeg-bus-18-bulk.html
78,847,Aeg Scie sabre 18V Li-ion sans batterie ni chargeur BUS 18 LI-0,169.9,EUR,false,Rueducommerce.fr (Marketplace),/go/3213757265148382838.html?categoryId=23207&offerKey=8b3b221f556cacbf503b19c1e563afba&offerListId=3337580-E74E39AAE96536E51AA6EA33B64369A1&pos=11&price=169.90&productid=3337580&sid=25482&type=offer,0,/prix/3337580/aeg-bus-18-bulk.html
79,847,Scie Sabre AEG 18 Volts machine nue,175.68,EUR,false,Fnac.com (Marketplace),/go/3252354818703886383.html?categoryId=23207&offerKey=0d3f1fe3b4828d9c428ab4fa5cd3a0dc&offerListId=3337580-E74E39AAE96536E51AA6EA33B64369A1&pos=12&price=175.68&productid=3337580&sid=307622&type=offer,0,/prix/3337580/aeg-bus-18-bulk.html
80,847,Scie sabre AEG 18V Li-ion sans batterie ni chargeur BUS 18 LI-0,176.18,EUR,false,Ubaldi.com (Marketplace),/go/3221509299280812281.html?categoryId=23207&offerKey=f468033a5bd238144082b4e733b64320&offerListId=3337580-E74E39AAE96536E51AA6EA33B64369A1&pos=13&price=176.18&productid=3337580&sid=316737&type=offer,0,/prix/3337580/aeg-bus-18-bulk.html
81,847,"Scie sabre, égoïne Aeg Scie sabre aeg 18v li-ion sans batterie ni chargeur bus 18 li-0",176.36,EUR,false,Darty.com (Marketplace),/go/3223133624435999793.html?categoryId=23207&offerKey=b3ba3335f0881fa6bbbd38ba550aa1e5&offerListId=3337580-E74E39AAE96536E51AA6EA33B64369A1&pos=14&price=176.36&productid=3337580&sid=316364&type=offer,0,/prix/3337580/aeg-bus-18-bulk.html
82,847,Aeg Scie sabre 18V Li-ion sans batterie ni chargeur BUS 18 LI-0,184.16,EUR,false,Rueducommerce.fr (Marketplace),/go/3250850027372808686.html?categoryId=23207&offerKey=5442b1c137fc6bb0069eb4918c6b7d0e&offerListId=3337580-E74E39AAE96536E51AA6EA33B64369A1&pos=15&price=184.16&productid=3337580&sid=25482&type=offer,0,/prix/3337580/aeg-bus-18-bulk.html
83,878,Fibres structurelles macro-synthétiques SIKA SikaCem Fibre 30 - 300g,8.2,EUR,false,Rakuten.com FR,/go/3222234994279713384.html?price=8.20&sid=26246&type=oc_offer,0,/type/7612895410135.html
84,878,"SikaCem Fibres 30, Fibres structurelles 30mm pour mortiers et bétons, 300g, Gris",8.37,EUR,false,espace-bricolage,/go/3246053286943393505.html?price=8.37&sid=24573&type=oc_offer,0,/type/7612895410135.html
85,878,"SikaCem Fibres 30, Fibres structurelles 30mm pour mortiers et bétons, 300g, Gris",10.4,EUR,false,Amazon.fr,/go/3194870763907719911.html?price=10.40&sid=12003&type=oc_offer,0,/type/7612895410135.html
86,878,Fibres structurelles macro-synthétiques SIKA SikaCem Fibre 30 - 300g,10.5,EUR,false,ManoMano.fr,/go/3215593823317003541.html?price=10.50&sid=291209&type=oc_offer,0,/type/7612895410135.html
87,878,Fibres structurelles macro-synthétiques SIKA SikaCem Fibre 30 - 300g,10.5,EUR,false,Ubaldi.com (Marketplace),/go/3222693904551773652.html?price=10.50&sid=316737&type=oc_offer,0,/type/7612895410135.html
88,878,Produit d'entretien bricolage Sika Fibres structurelles macro-synthétiques sika sikacem fibre 30 - 300g,21.83,EUR,false,Darty.com (Marketplace),/go/3223133630217851221.html?price=21.83&sid=316364&type=oc_offer,0,/type/7612895410135.html
89,878,SIKA Fibres structurelles macro-synthétiques SikaCem Fibre 30 - 300g,22.72,EUR,false,Rueducommerce.fr (Marketplace),/go/3254293020236841622.html?price=22.72&sid=25482&type=oc_offer,0,/type/7612895410135.html
