,index_data,product_name,product_price,currency,voucher,shop_name,url_origin,url_image,id_page
0,14793,"
document.getElementById(""result-0-offerinfo"").title = document.getElementById(""result-0-offerinfo"").innerHTML = idealoApp.getContents('t:?96== |2CE62F A6CUD9Jj7@UD9JjC2UD9JjE6FC %t\\#w ba t W`ad_ ([ r2A24:EU624FE6j 56 A6CU4465:=j286 3U624FE6jE@? ba \>\>[ |2?5C:? $s$\\!=FD[ !@:8?U624FE6j6 2?UD9JjE:\\G:UD9Jj3C2UD9JjE:@?D [ {:GCU624FE6j 2G64 24UD9Jj46DUD9JjD@:C6DX');
",119.7,EUR,false,Solera Telecom AG,/go/3264326873775079516.html?categoryId=15397&offerKey=25c010b19aea527faba908543b1a111d&offerListId=4819270-00C1F633E9F583CF8EE26FC4CA6EC7BC&pos=1&price=119.70&productid=4819270&sid=24573&type=offer,0,/prix/4819270/einhell-te-rh-32-e.html
1,14793,Einhell Marteau Per­fo­ra­teur TE-RH 32 E,123.4,EUR,false,ManoMano.fr,/go/6468502851.html?categoryId=15397&offerKey=b2d56a78527e908fa44ca2ea964a4398&offerListId=4819270-00C1F633E9F583CF8EE26FC4CA6EC7BC&pos=2&price=123.40&productid=4819270&sid=291209&type=offer,0,/prix/4819270/einhell-te-rh-32-e.html
2,14793,Einhell Marteau Per­fo­ra­teur TE-RH 32 E,123.4,EUR,false,Mytoolstore.fr,/go/3268818524123957348.html?categoryId=15397&offerKey=242d7d97915e88f9b1c8f40a891957a0&offerListId=4819270-00C1F633E9F583CF8EE26FC4CA6EC7BC&pos=3&price=123.40&productid=4819270&sid=29224&type=offer,0,/prix/4819270/einhell-te-rh-32-e.html
3,14793,"
document.getElementById(""result-3-offerinfo"").title = document.getElementById(""result-3-offerinfo"").innerHTML = idealoApp.getContents('t:?96== |2CE62F A6CUD9Jj7@UD9JjC2UD9JjE6FC %t\\#w ba t W`ad_ ([ r2A24:EU624FE6j 56 A6CU4465:=j286 3U624FE6jE@? ba \>\>[ |2?5C:? $s$\\!=FD[ !@:8?U624FE6j6 2?UD9JjE:\\G:UD9Jj3C2UD9JjE:@?D [ {:GCU624FE6j 2G64 24UD9Jj46DUD9JjD@:C6DX');
",124.7,EUR,false,Amazon.fr,/go/7307459591.html?categoryId=15397&offerKey=2c48bcd1ba354ed52d9d5f593c82a39c&offerListId=4819270-00C1F633E9F583CF8EE26FC4CA6EC7BC&pos=4&price=124.70&productid=4819270&sid=12003&type=offer,0,/prix/4819270/einhell-te-rh-32-e.html
4,14793,"
document.getElementById(""result-4-offerinfo"").title = document.getElementById(""result-4-offerinfo"").innerHTML = idealoApp.getContents('|2CE62F !6CUD9Jj7@UD9JjC2UD9JjE6FC t:?96== %t\\#w ba t');
",129.9,EUR,false,line_on_line,/go/3244751341312016927.html?categoryId=15397&offerKey=6561915b74936bbc57ed3cf3c37585cf&offerListId=4819270-00C1F633E9F583CF8EE26FC4CA6EC7BC&pos=5&price=129.90&productid=4819270&sid=24572&type=offer,0,/prix/4819270/einhell-te-rh-32-e.html
5,14793,Mar­teau-per­fo­ra­teur TE-RH 32 E Emballage abîmé,134.43,EUR,false,Rakuten.com FR,/go/4116042271.html?categoryId=15397&offerKey=a74c55414ac9d1171d92ebe77ab760bd&offerListId=4819270-00C1F633E9F583CF8EE26FC4CA6EC7BC&pos=6&price=134.43&productid=4819270&sid=26246&type=offer,0,/prix/4819270/einhell-te-rh-32-e.html
6,14793,Einhell marteau per­fo­ra­teur 1250W Te-rh 32 E,134.43,EUR,false,Rueducommerce.fr (Marketplace),/go/3213753063277858367.html?categoryId=15397&offerKey=08df2e8e672a13427acc6c8fee72da28&offerListId=4819270-00C1F633E9F583CF8EE26FC4CA6EC7BC&pos=7&price=134.43&productid=4819270&sid=25482&type=offer,0,/prix/4819270/einhell-te-rh-32-e.html
7,14793,Einhell marteau per­fo­ra­teur 1250W Te-rh 32 E,137.71,EUR,false,Rueducommerce.fr (Marketplace),/go/3213756801197542939.html?categoryId=15397&offerKey=6e4c31c071f0211dfb4bae3ad86e33a9&offerListId=4819270-00C1F633E9F583CF8EE26FC4CA6EC7BC&pos=8&price=137.71&productid=4819270&sid=25482&type=offer,0,/prix/4819270/einhell-te-rh-32-e.html
8,14793,EINHELL - Mar­teau-per­fo­ra­teur TE-RH 32 E,144.0,EUR,false,Ubaldi.com (Marketplace),/go/3221509375409529931.html?categoryId=15397&offerKey=bc5400bb03562c0cda12a6cae9605966&offerListId=4819270-00C1F633E9F583CF8EE26FC4CA6EC7BC&pos=9&price=144.00&productid=4819270&sid=316737&type=offer,0,/prix/4819270/einhell-te-rh-32-e.html
9,14793,Einhell marteau per­fo­ra­teur 1250W Te-rh 32 E,146.53,EUR,false,Rueducommerce.fr (Marketplace),/go/3213754284032145403.html?categoryId=15397&offerKey=16a2c8aa35baa39dd2b8c16e81357646&offerListId=4819270-00C1F633E9F583CF8EE26FC4CA6EC7BC&pos=10&price=146.53&productid=4819270&sid=25482&type=offer,0,/prix/4819270/einhell-te-rh-32-e.html
10,14793,Einhell marteau per­fo­ra­teur 1250W Te-rh 32 E,147.2,EUR,false,Rueducommerce.fr (Marketplace),/go/3247407352766270169.html?categoryId=15397&offerKey=a3f16ecc6b0ea49b5ffebd5392b3d122&offerListId=4819270-00C1F633E9F583CF8EE26FC4CA6EC7BC&pos=11&price=147.20&productid=4819270&sid=25482&type=offer,0,/prix/4819270/einhell-te-rh-32-e.html
11,14793,Einhell marteau per­fo­ra­teur 1250W Te-rh 32 E,147.5,EUR,false,Rueducommerce.fr (Marketplace),/go/3213753475301119080.html?categoryId=15397&offerKey=51c93cba95c1ae552aa95688ef1dec3b&offerListId=4819270-00C1F633E9F583CF8EE26FC4CA6EC7BC&pos=12&price=147.50&productid=4819270&sid=25482&type=offer,0,/prix/4819270/einhell-te-rh-32-e.html
12,14793,Einhell marteau per­fo­ra­teur 1250W Te-rh 32 E,148.97,EUR,false,Rueducommerce.fr (Marketplace),/go/3213755309663202500.html?categoryId=15397&offerKey=f97d2b494a7c59391390b64dce1d76b7&offerListId=4819270-00C1F633E9F583CF8EE26FC4CA6EC7BC&pos=13&price=148.97&productid=4819270&sid=25482&type=offer,0,/prix/4819270/einhell-te-rh-32-e.html
13,14793,Marteau per­fo­ra­teur - puissance 1250 watts - TE-RH 32 E EINHELL,152.96,EUR,false,Bricozor.com,/go/3267557131145969896.html?categoryId=15397&offerKey=33892b4677fc6bff74ea5b2c2c75128a&offerListId=4819270-00C1F633E9F583CF8EE26FC4CA6EC7BC&pos=14&price=152.96&productid=4819270&sid=272921&type=offer,0,/prix/4819270/einhell-te-rh-32-e.html
14,14793,Einhell 4257940 / TE-RH 32 E,154.99,EUR,false,Fixami.fr,/go/3235106852756783954.html?categoryId=15397&offerKey=64d0587322c123e96f8c101a66b12526&offerListId=4819270-00C1F633E9F583CF8EE26FC4CA6EC7BC&pos=15&price=154.99&productid=4819270&sid=306120&type=offer,0,/prix/4819270/einhell-te-rh-32-e.html
15,14794,"
document.getElementById(""result-0-offerinfo"").title = document.getElementById(""result-0-offerinfo"").innerHTML = idealoApp.getContents('u2CE@@=D ~?6 v{ `ad |6F=6FD6 5V2?8=6 `ad \>\> g__ ( q6:86');
",30.5,EUR,false,Amazon.fr,/go/7332188856.html?categoryId=3706&offerKey=2a069bf6f88b64d712866b7472520fcd&offerListId=2586193-8225960EBE53E6BE502D04DD1CBA42C0&pos=1&price=30.50&productid=2586193&sid=12003&type=offer,0,/prix/2586193/far-tools-gl-125.html
16,14794,Meuleuse d'angle D.125 mm GL 125D 900W 230 V - 115037 - Fartools - -,30.5,EUR,false,ManoMano.fr,/go/6331379366.html?categoryId=3706&offerKey=090abe7bc90f0b263e3fac9d2c5d04f3&offerListId=2586193-8225960EBE53E6BE502D04DD1CBA42C0&pos=2&price=30.50&productid=2586193&sid=291209&type=offer,0,/prix/2586193/far-tools-gl-125.html
17,14794,FARTOOLS ONE - Meuleuse d'angle 800 W,30.5,EUR,false,Rakuten.com FR,/go/1892199804.html?categoryId=3706&offerKey=94010fa5ced88ea7d358160af3ee1e3c&offerListId=2586193-8225960EBE53E6BE502D04DD1CBA42C0&pos=3&price=30.50&productid=2586193&sid=26246&type=offer,0,/prix/2586193/far-tools-gl-125.html
18,14794,Com­pres­seur AUCUNE Fartools one meuleuse d`angle gl 125d - 900 w,38.01,EUR,false,Darty.com (Marketplace),/go/3227342582921037243.html?categoryId=3706&offerKey=2d4d0928ba2878e7418716e038ae2281&offerListId=2586193-8225960EBE53E6BE502D04DD1CBA42C0&pos=4&price=38.01&productid=2586193&sid=316364&type=offer,0,/prix/2586193/far-tools-gl-125.html
19,14794,Fartools Meuleuse d'angle 800 W disque 125 mm,38.5,EUR,false,Rueducommerce.fr (Marketplace),/go/3213755820657351178.html?categoryId=3706&offerKey=dbcb7fb52503c567a064d2ff89db894b&offerListId=2586193-8225960EBE53E6BE502D04DD1CBA42C0&pos=5&price=38.50&productid=2586193&sid=25482&type=offer,0,/prix/2586193/far-tools-gl-125.html
20,14794,Fartools Meuleuse d'angle 800 W disque 125 mm,38.51,EUR,false,Rueducommerce.fr (Marketplace),/go/3213756795570891546.html?categoryId=3706&offerKey=adbda3752d5e713f97aed188c56e4c5f&offerListId=2586193-8225960EBE53E6BE502D04DD1CBA42C0&pos=6&price=38.51&productid=2586193&sid=25482&type=offer,0,/prix/2586193/far-tools-gl-125.html
21,14794,Fartools Meuleuse d'angle 800 W disque 125 mm,43.26,EUR,false,Rueducommerce.fr (Marketplace),/go/3213756889485545422.html?categoryId=3706&offerKey=7946ca06d20aa1d6a526e2bc0d25048a&offerListId=2586193-8225960EBE53E6BE502D04DD1CBA42C0&pos=7&price=43.26&productid=2586193&sid=25482&type=offer,0,/prix/2586193/far-tools-gl-125.html
22,14794,Fartools Meuleuse d'angle 800 W disque 125 mm,57.97,EUR,false,Rueducommerce.fr (Marketplace),/go/3251212130734572301.html?categoryId=3706&offerKey=b888dd40e326aeb7c9d67dd861184b22&offerListId=2586193-8225960EBE53E6BE502D04DD1CBA42C0&pos=8&price=57.97&productid=2586193&sid=25482&type=offer,0,/prix/2586193/far-tools-gl-125.html
23,14794,Fartools Meuleuse d'angle 800 W disque 125 mm,57.98,EUR,false,Rueducommerce.fr (Marketplace),/go/3233826024030472514.html?categoryId=3706&offerKey=1c405180c400d9bb4bca748660533636&offerListId=2586193-8225960EBE53E6BE502D04DD1CBA42C0&pos=9&price=57.98&productid=2586193&sid=25482&type=offer,0,/prix/2586193/far-tools-gl-125.html
24,14796,"Sader Colle Contact Néoprène Liquide Seau 2,5 L",34.04,EUR,false,Amazon.fr,/go/7986395266.html?price=34.04&sid=12003&type=oc_offer,0,/type/3184410273906.html
25,14796,"Colle contact néoprène liquide 2,5L",34.04,EUR,false,ManoMano.fr,/go/3188711070720071383.html?price=34.04&sid=291209&type=oc_offer,0,/type/3184410273906.html
26,14796,"Sader Colle Contact Néoprène Liquide Seau 2,5 L",34.09,EUR,false,Bricolage du Dimanche,/go/3221695060672253754.html?price=34.09&sid=24573&type=oc_offer,0,/type/3184410273906.html
27,14796,"Sader - Colle Contact Neoprene Liquide 2,5L - 27390",42.6,EUR,false,Rakuten.com FR,/go/8744099656.html?price=42.60&sid=26246&type=oc_offer,0,/type/3184410273906.html
28,14796,"Sader Seau colle contact liquide néoprene - 2,5 L",44.32,EUR,false,Rueducommerce.fr (Marketplace),/go/3264254440112129477.html?price=44.32&sid=25482&type=oc_offer,0,/type/3184410273906.html
29,14796,"Sader Seau colle contact liquide néoprene - 2,5 L",59.0,EUR,false,Rueducommerce.fr (Marketplace),/go/3268604179087622533.html?price=59.00&sid=25482&type=oc_offer,0,/type/3184410273906.html
30,14796,"Sader Seau colle contact liquide néoprene - 2,5 L",97.35,EUR,false,Rueducommerce.fr (Marketplace),/go/3264071086595113345.html?price=97.35&sid=25482&type=oc_offer,0,/type/3184410273906.html
31,14823,Tron­çon­neuse thermique CS 410 ELITE,269.04,EUR,false,Rakuten.com FR,/go/1332058578.html?categoryId=19144&offerKey=b7ee781b10f886b94b405f183dbb8263&offerListId=3049273-8FDC42C5FD00EA234DDE6D5A23BBE032&pos=1&price=269.04&productid=3049273&sid=26246&type=offer,0,/prix/3049273/mcculloch-cs410-elite.html
32,14823,"
document.getElementById(""result-1-offerinfo"").title = document.getElementById(""result-1-offerinfo"").innerHTML = idealoApp.getContents('|4 rF==@49 r$ c`_ t=:E6 %C@?UD9JjU4465:=j@?UD9Jj?6FD6 rJ=:?5CU624FE6j6 6? 4\>bi 4\>UDFAbj `e__ ( vF:56 cd 4\>');
",282.31,EUR,false,Centrale Brico,/go/3259637518659749699.html?categoryId=19144&offerKey=b65db335815526046d65395cecc9a4d3&offerListId=3049273-8FDC42C5FD00EA234DDE6D5A23BBE032&pos=2&price=282.31&productid=3049273&sid=24573&type=offer,0,/prix/3049273/mcculloch-cs410-elite.html
33,14823,Mc Culloch Tron­çon­neuse Pro Cs 410 Elite,283.46,EUR,false,Fnac.com (Marketplace),/go/3252355719445349755.html?categoryId=19144&offerKey=bfa8ee4456acc6b3a5deb38af9109598&offerListId=3049273-8FDC42C5FD00EA234DDE6D5A23BBE032&pos=3&price=283.46&productid=3049273&sid=307622&type=offer,0,/prix/3049273/mcculloch-cs410-elite.html
34,14823,"Tron­çon­neuse thermique McCulloch CS 410 Elite - 18"" pro­fes­sion­nelle avec guide de 45 cm",321.2,EUR,false,Agrieuro.fr,/go/9862108171.html?categoryId=19144&offerKey=951feacfbc3a8430e43de7f06607d961&offerListId=3049273-8FDC42C5FD00EA234DDE6D5A23BBE032&pos=4&price=321.20&productid=3049273&sid=311690&type=offer,0,/prix/3049273/mcculloch-cs410-elite.html
35,14823,"
document.getElementById(""result-4-offerinfo"").title = document.getElementById(""result-4-offerinfo"").innerHTML = idealoApp.getContents('%C@?UD9JjU4465:=j@?UD9Jj?6FD6 %96C\>:BF6 |4rF==@49 r$c`_ t=:E6 \\ bg 4\> \\');
",321.9,EUR,false,line_on_line,/go/3244932771818244695.html?categoryId=19144&offerKey=a9d5910ede0b28ad433d6678aaca5248&offerListId=3049273-8FDC42C5FD00EA234DDE6D5A23BBE032&pos=5&price=321.90&productid=3049273&sid=24572&type=offer,0,/prix/3049273/mcculloch-cs410-elite.html
36,14823,Kettensäge ?CS 410 Elite?,328.56,EUR,false,Rakuten.com FR,/go/5646383835.html?categoryId=19144&offerKey=76acf301eceb68d6c0fbaacf38607660&offerListId=3049273-8FDC42C5FD00EA234DDE6D5A23BBE032&pos=6&price=328.56&productid=3049273&sid=26246&type=offer,0,/prix/3049273/mcculloch-cs410-elite.html
37,14823,Tron­çon­neuse Mcculloch Cs 410 Elite,333.32,EUR,false,Fnac.com (Marketplace),/go/3252355723287332112.html?categoryId=19144&offerKey=f46102563d097fc9619862f633110d6f&offerListId=3049273-8FDC42C5FD00EA234DDE6D5A23BBE032&pos=7&price=333.32&productid=3049273&sid=307622&type=offer,0,/prix/3049273/mcculloch-cs410-elite.html
38,14823,McCulloch CS 410 Elite Scie à chaîne essence - 41cc - 38cm,348.99,EUR,false,Fixami.fr,/go/3235107110945556606.html?categoryId=19144&offerKey=84673668d0a6d59f3d4c4b08b54a4cd8&offerListId=3049273-8FDC42C5FD00EA234DDE6D5A23BBE032&pos=8&price=348.99&productid=3049273&sid=306120&type=offer,0,/prix/3049273/mcculloch-cs410-elite.html
39,14823,Tron­çon­neuse pro­fes­sion­nelle McCulloch CS 410 - guide 38 cm - cylindrée 41 cm3,366.7,EUR,false,Agrieuro.fr,/go/3201864123031749827.html?categoryId=19144&offerKey=879f45fd43eef50bb8bd05ec4c2b4833&offerListId=3049273-8FDC42C5FD00EA234DDE6D5A23BBE032&pos=9&price=366.70&productid=3049273&sid=311690&type=offer,0,/prix/3049273/mcculloch-cs410-elite.html
40,14823,"
document.getElementById(""result-9-offerinfo"").title = document.getElementById(""result-9-offerinfo"").innerHTML = idealoApp.getContents('|4rF==@49 ___he\\ee]b`e]`d r$ c`_ t=:E6 %C@?UD9JjU4465:=j@?UD9Jj?6FD6 U28C2G6j 6DD6?46 `dUBF@Ej');
",370.7,EUR,false,Amazon.fr,/go/7304344992.html?categoryId=19144&offerKey=efb8b16ae14f974bf9b8b73da38dd0a9&offerListId=3049273-8FDC42C5FD00EA234DDE6D5A23BBE032&pos=10&price=370.70&productid=3049273&sid=12003&type=offer,0,/prix/3049273/mcculloch-cs410-elite.html
41,14823,McCulloch CS 410 Elite tron­çon­neuse thermique,370.7,EUR,false,ManoMano.fr,/go/3248041471558814482.html?categoryId=19144&offerKey=07204102566fb053f94f18b8b2c8c1c8&offerListId=3049273-8FDC42C5FD00EA234DDE6D5A23BBE032&pos=11&price=370.70&productid=3049273&sid=291209&type=offer,0,/prix/3049273/mcculloch-cs410-elite.html
42,14823,McCulloch CS 410 Elite tron­çon­neuse thermique,370.7,EUR,false,Mytoolstore.fr,/go/3150286208236523118.html?categoryId=19144&offerKey=5cbf6cf10b49813ce50f6408d593ca83&offerListId=3049273-8FDC42C5FD00EA234DDE6D5A23BBE032&pos=12&price=370.70&productid=3049273&sid=29224&type=offer,0,/prix/3049273/mcculloch-cs410-elite.html
43,14823,Tron­çon­neuse thermique CS410 Elite,518.75,EUR,false,Ubaldi.com (Marketplace),/go/3221932938956383597.html?categoryId=19144&offerKey=1c3d3293153844c3533aab45f6ff997f&offerListId=3049273-8FDC42C5FD00EA234DDE6D5A23BBE032&pos=13&price=518.75&productid=3049273&sid=316737&type=offer,0,/prix/3049273/mcculloch-cs410-elite.html
44,14837,"Perceuse visseuse Makita sans fil 10,8 Volts Li-Ion 2 Ah CXT Ø diamètre 10mm Makita DF331DWAE",137.64,EUR,false,Master-outillage.com,/go/3155423455581576802.html?categoryId=3687&offerKey=49461ce76d29aa03dcb82e9fd3133bdf&offerListId=5755062-C2C07D39A00335210B87C64048AB6255&pos=1&price=137.64&productid=5755062&sid=282706&type=offer,0,/prix/5755062/makita-df331dwae.html
45,14837,Perceuse visseuse 12 V CXT Li-Ion 2 Ah Ø 10 mm,138.52,EUR,false,Comptoirdespros.com,/go/3226800678770837428.html?categoryId=3687&offerKey=04c65c8c6263de3d0c5963ee0fd70594&offerListId=5755062-C2C07D39A00335210B87C64048AB6255&pos=2&price=138.52&productid=5755062&sid=283959&type=offer,0,/prix/5755062/makita-df331dwae.html
46,14837,"Perceuse Visseuse Cxt 10,8V 2Ah Ø10Mm Df331Dwae Makita |",144.67,EUR,false,Clickoutil.com,/go/3221886895831129199.html?categoryId=3687&offerKey=b48fae5be26bea87316d78aa03922819&offerListId=5755062-C2C07D39A00335210B87C64048AB6255&pos=3&price=144.67&productid=5755062&sid=289388&type=offer,0,/prix/5755062/makita-df331dwae.html
47,14837,"Perceuse visseuse sans fil 10,8 V+2 batteries li­thium-ion DF331DWAE MAKITA",144.7,EUR,false,Bricozor.com,/go/3267557134360904733.html?categoryId=3687&offerKey=4d5b69ec2fe55209305035619f00c835&offerListId=5755062-C2C07D39A00335210B87C64048AB6255&pos=4&price=144.70&productid=5755062&sid=272921&type=offer,0,/prix/5755062/makita-df331dwae.html
48,14837,Perceuse visseuse 12 V CXT Li-Ion Ø 10 mm + 2 Batteries 2 Ah MAKITA DF331DWAE,144.7,EUR,false,Debonix.fr,/go/3244219050202497529.html?categoryId=3687&offerKey=a7c1cfbaeb52f521f7ffa743597d5995&offerListId=5755062-C2C07D39A00335210B87C64048AB6255&pos=5&price=144.70&productid=5755062&sid=277777&type=offer,0,/prix/5755062/makita-df331dwae.html
49,14837,Makita DF331DWAE,148.53,EUR,false,ManoMano.fr,/go/3227157818830226360.html?categoryId=3687&offerKey=835e7767e330782490527ac2cd6f2f31&offerListId=5755062-C2C07D39A00335210B87C64048AB6255&pos=6&price=148.53&productid=5755062&sid=291209&type=offer,0,/prix/5755062/makita-df331dwae.html
50,14837,"Makita Perceuse visseuse 10,8 V Li-Ion 2 Ah Cxt Ø 10 mm - Df331DWAE",148.95,EUR,false,Rueducommerce.fr (Marketplace),/go/3213753706872837361.html?categoryId=3687&offerKey=3a12dd197c66235b9004da047c6fbac8&offerListId=5755062-C2C07D39A00335210B87C64048AB6255&pos=7&price=148.95&productid=5755062&sid=25482&type=offer,0,/prix/5755062/makita-df331dwae.html
51,14837,"
document.getElementById(""result-7-offerinfo"").title = document.getElementById(""result-7-offerinfo"").innerHTML = idealoApp.getContents('|2\<:E2 subb`s(pt `_[gG D2?D rIE !6C46FD6 \\ r@\>AC6?5 a ) a]_29 !:=6D');
",156.62,EUR,false,buyaparcel-store,/go/3268160308297859710.html?categoryId=3687&offerKey=24a134763d27cba44b9978b246316812&offerListId=5755062-C2C07D39A00335210B87C64048AB6255&pos=8&price=156.62&productid=5755062&sid=24572&type=offer,0,/prix/5755062/makita-df331dwae.html
52,14837,"Makita Perceuse visseuse 10,8 V Li-Ion 2 Ah Cxt Ø 10 mm - Df331DWAE",169.24,EUR,false,Rueducommerce.fr (Marketplace),/go/3214442563457002273.html?categoryId=3687&offerKey=3b39e3c76fedfc89268c431db7dc368a&offerListId=5755062-C2C07D39A00335210B87C64048AB6255&pos=9&price=169.24&productid=5755062&sid=25482&type=offer,0,/prix/5755062/makita-df331dwae.html
53,14837,Makita perceuse visseuse 10.8v 2.0ah - df331dwae,198.0,EUR,false,Guedo-outillage.fr,/go/3161968337693455263.html?categoryId=3687&offerKey=058f185a89cfa18ef199628f116a2efa&offerListId=5755062-C2C07D39A00335210B87C64048AB6255&pos=10&price=198.00&productid=5755062&sid=69278&type=offer,0,/prix/5755062/makita-df331dwae.html
54,14982,Bosch GSR 18V-85 C Pro­fes­sio­nal 2x 5Ah Batterie + GAL1880 + L-BOXX,347.95,EUR,false,Passiontec.fr,/go/8129857496.html?categoryId=3687&offerKey=4ab799417c9a49991d6d0310c074f760&offerListId=5325625-9875A589A31701E6FE0C7E89B2B03255&pos=1&price=347.95&productid=5325625&sid=308891&type=offer,0,/prix/5325625/bosch-gsr-18-v-85-c-professional-0-601-9g0-100.html
55,14982,Bosch GSR 18V-85 C Perceuse visseuse à batteries 18V Li-Ion (2x batterie 5.0Ah) dans L-Boxx - moteur sans charbon,385.99,EUR,false,Fixami.fr,/go/3235106745846073035.html?categoryId=3687&offerKey=1d3193d0196b2b17b3e83a2da8ff7eed&offerListId=5325625-9875A589A31701E6FE0C7E89B2B03255&pos=2&price=385.99&productid=5325625&sid=306120&type=offer,0,/prix/5325625/bosch-gsr-18-v-85-c-professional-0-601-9g0-100.html
56,14982,"
document.getElementById(""result-2-offerinfo"").title = document.getElementById(""result-2-offerinfo"").innerHTML = idealoApp.getContents('q@D49 !C@UD9Jj76DUD9JjD:@UD9Jj?2= v$# `g\'\\gd r !6CUD9Jj46FD6\\\':DUD9JjD6FD6 D2?D u:=[ a ) d[ _p9 q2EE6C:6 {:\\x@?[ \>2I:\>F\> gd }\>[ |U624FE6jE2= |2?5C:? 56 `b |\> 52?D r@77C6E {\\q~))[ ` A:U68C2G6j46[ _e_`hv_`__');
",386.0,EUR,false,Schwemmer &amp; Dorn,/go/3166917691745248822.html?categoryId=3687&offerKey=013305bb5e8a829fbbc20b31c5637e07&offerListId=5325625-9875A589A31701E6FE0C7E89B2B03255&pos=3&price=386.00&productid=5325625&sid=24573&type=offer,0,/prix/5325625/bosch-gsr-18-v-85-c-professional-0-601-9g0-100.html
57,14982,"
document.getElementById(""result-3-offerinfo"").title = document.getElementById(""result-3-offerinfo"").innerHTML = idealoApp.getContents('q@D49 !C@UD9Jj76DUD9JjD:@UD9Jj?2= v$# `g\'\\gd r !6CUD9Jj46FD6\\\':DUD9JjD6FD6 D2?D u:=[ a ) d[ _p9 q2EE6C:6 {:\\x@?[ \>2I:\>F\> gd }\>[ |U624FE6jE2= |2?5C:? 56 `b |\> 52?D r@77C6E {\\q~))[ ` A:U68C2G6j46[ _e_`hv_`__');
",386.5,EUR,false,Amazon.fr,/go/9506936180.html?categoryId=3687&offerKey=6c47572094a3d82e4581d0d2dc02cab5&offerListId=5325625-9875A589A31701E6FE0C7E89B2B03255&pos=4&price=386.50&productid=5325625&sid=12003&type=offer,0,/prix/5325625/bosch-gsr-18-v-85-c-professional-0-601-9g0-100.html
58,14982,Per­ceuse-Vis­seuse Gsr 18V-85 C Click & Go- Coffret Lboxx | - 06019G0102-2,398.0,EUR,false,Clickoutil.com,/go/3261315080465155585.html?categoryId=3687&offerKey=693f21a4f4111de30bf4870996715131&offerListId=5325625-9875A589A31701E6FE0C7E89B2B03255&pos=5&price=398.00&productid=5325625&sid=289388&type=offer,0,/prix/5325625/bosch-gsr-18-v-85-c-professional-0-601-9g0-100.html
59,14982,"Per­ceuse-Vis­seuse Gsr 18 V-85 C ,2Batt 5,0 Ah, L-Boxx Bosch | - 06019G0100",409.0,EUR,false,Clickoutil.com,/go/3221886896791621939.html?categoryId=3687&offerKey=442907ba92b130037aa01644a76ecb7c&offerListId=5325625-9875A589A31701E6FE0C7E89B2B03255&pos=6&price=409.00&productid=5325625&sid=289388&type=offer,0,/prix/5325625/bosch-gsr-18-v-85-c-professional-0-601-9g0-100.html
60,14982,Bosch perceuse visseuse 18v 5ah connec­table gsr18v-85c - 06019g0100,412.5,EUR,false,Rueducommerce.fr (Marketplace),/go/3238532031533025709.html?categoryId=3687&offerKey=91b3bbf316ff23e51f2748ad87c59c80&offerListId=5325625-9875A589A31701E6FE0C7E89B2B03255&pos=7&price=412.50&productid=5325625&sid=25482&type=offer,0,/prix/5325625/bosch-gsr-18-v-85-c-professional-0-601-9g0-100.html
61,14982,Per­ceuse-vis­seuse sans fil 18 V GSR 18 V-85 C + set de 68 ac­ces­soires offert - 06019G0100 BOSCH,417.67,EUR,false,Rakuten.com FR,/go/3186540003549263994.html?categoryId=3687&offerKey=1f13499604cc9854d8e670d3949f80b1&offerListId=5325625-9875A589A31701E6FE0C7E89B2B03255&pos=8&price=417.67&productid=5325625&sid=26246&type=offer,0,/prix/5325625/bosch-gsr-18-v-85-c-professional-0-601-9g0-100.html
62,14982,Bosch Per­ceuse-vis­seuse sans fil GSR 18V-85 C bluetooth connected Pro­fes­sio­nal 06019G0100,421.5,EUR,false,ManoMano.fr,/go/3189980933908343944.html?categoryId=3687&offerKey=1ccfec18094b2e1a330e2c0e30eb541b&offerListId=5325625-9875A589A31701E6FE0C7E89B2B03255&pos=9&price=421.50&productid=5325625&sid=291209&type=offer,0,/prix/5325625/bosch-gsr-18-v-85-c-professional-0-601-9g0-100.html
63,14982,Bosch perceuse visseuse 18v 5ah connec­table gsr18v-85c - 06019g0100,424.36,EUR,false,Rueducommerce.fr (Marketplace),/go/3260498501645108842.html?categoryId=3687&offerKey=402d59c2414ba648947d0c3abd4c4ec0&offerListId=5325625-9875A589A31701E6FE0C7E89B2B03255&pos=10&price=424.36&productid=5325625&sid=25482&type=offer,0,/prix/5325625/bosch-gsr-18-v-85-c-professional-0-601-9g0-100.html
64,14982,Per­ceuse-vis­seuse sans fil GSR 18V-85 C,429.36,EUR,false,Comptoirdespros.com,/go/3226800634801949463.html?categoryId=3687&offerKey=41407742aab574710ee3765d70709781&offerListId=5325625-9875A589A31701E6FE0C7E89B2B03255&pos=11&price=429.36&productid=5325625&sid=283959&type=offer,0,/prix/5325625/bosch-gsr-18-v-85-c-professional-0-601-9g0-100.html
65,14982,Per­ceuse-vis­seuse sans fil Bosch GSR 18V-85 C Pro­fes­sio­nal 06019G0100,432.0,EUR,false,Master-outillage.com,/go/3155423449942334984.html?categoryId=3687&offerKey=4eb05875a5d0c909cd0e06c13fe3a35e&offerListId=5325625-9875A589A31701E6FE0C7E89B2B03255&pos=12&price=432.00&productid=5325625&sid=282706&type=offer,0,/prix/5325625/bosch-gsr-18-v-85-c-professional-0-601-9g0-100.html
66,14982,Bosch perceuse visseuse 18v 5ah connec­table gsr18v-85c - 06019g0100,439.14,EUR,false,Guedo-outillage.fr,/go/8172293427.html?categoryId=3687&offerKey=32e414ac2026a26505dbae6fec1236fa&offerListId=5325625-9875A589A31701E6FE0C7E89B2B03255&pos=13&price=439.14&productid=5325625&sid=69278&type=offer,0,/prix/5325625/bosch-gsr-18-v-85-c-professional-0-601-9g0-100.html
67,14982,Per­ceuse-vis­seuse sans fil GSR 18V-85 C Pro­fes­sion­nal + 2 batteries Li-ion 5 Ah + L-BOXX BOSCH 06019G0100,452.4,EUR,false,Debonix.fr,/go/3244098077950215087.html?categoryId=3687&offerKey=392c0ad2eb70067c520679702d5fa8be&offerListId=5325625-9875A589A31701E6FE0C7E89B2B03255&pos=14&price=452.40&productid=5325625&sid=277777&type=offer,0,/prix/5325625/bosch-gsr-18-v-85-c-professional-0-601-9g0-100.html
68,14982,Bosch perceuse visseuse 18v 5ah connec­table gsr18v-85c - 06019g0100,452.4,EUR,false,Rueducommerce.fr (Marketplace),/go/3244917905510367894.html?categoryId=3687&offerKey=acbf2d889aa62ad6a18ecec4a58ca6e4&offerListId=5325625-9875A589A31701E6FE0C7E89B2B03255&pos=15&price=452.40&productid=5325625&sid=25482&type=offer,0,/prix/5325625/bosch-gsr-18-v-85-c-professional-0-601-9g0-100.html
69,15000,"
document.getElementById(""result-0-offerinfo"").title = document.getElementById(""result-0-offerinfo"").innerHTML = idealoApp.getContents('s6H2=E s(tcdfh#\\\""$ |6F=6FD6[ ae__ ([ y2F?6^UE9:?DAj?@:C[ ab_ \>\>');
",248.0,EUR,false,Amazon.fr,/go/7665285381.html?categoryId=3706&offerKey=3e8b9df516a41eeac9b1e5c9f0cd36e5&offerListId=3842735-70F23470900CFD5C0D8DC1E481047D18&pos=1&price=248.00&productid=3842735&sid=12003&type=offer,0,/prix/3842735/dewalt-dwe4579r-qs.html
70,15000,Meuleuse d'angle DeWalt DWE4579R,248.0,EUR,false,Rotopino.fr,/go/3189951180799228520.html?categoryId=3706&offerKey=69b35aade0a5d49cd9e852c2bb00eddc&offerListId=3842735-70F23470900CFD5C0D8DC1E481047D18&pos=2&price=248.00&productid=3842735&sid=287166&type=offer,0,/prix/3842735/dewalt-dwe4579r-qs.html
71,15000,DeWalt - Meuleuse 2600W 230mm - DWE4579R,254.98,EUR,false,ManoMano.fr,/go/3154510482788850595.html?categoryId=3706&offerKey=97b11651c17aaf92d071df29309d092d&offerListId=3842735-70F23470900CFD5C0D8DC1E481047D18&pos=3&price=254.98&productid=3842735&sid=291209&type=offer,0,/prix/3842735/dewalt-dwe4579r-qs.html
72,15000,Dewalt meuleuse speed disc Ø230 mm 2600w - dwe4579r,255.65,EUR,false,Guedo-outillage.fr,/go/5983684041.html?categoryId=3706&offerKey=5d797cd8a4318af130d69406b053f0fd&offerListId=3842735-70F23470900CFD5C0D8DC1E481047D18&pos=4&price=255.65&productid=3842735&sid=69278&type=offer,0,/prix/3842735/dewalt-dwe4579r-qs.html
73,15000,Dewalt Dwe4579R Meuleuse d'angle 230mm 2600W,268.42,EUR,false,Rueducommerce.fr (Marketplace),/go/3213757490581734898.html?categoryId=3706&offerKey=887ab4505b8361fec9da85342d8f0f11&offerListId=3842735-70F23470900CFD5C0D8DC1E481047D18&pos=5&price=268.42&productid=3842735&sid=25482&type=offer,0,/prix/3842735/dewalt-dwe4579r-qs.html
74,15000,Meuleuse DEWALT Ø 230 mm 2600W Speed disc - DWE4579R,268.81,EUR,false,Maxoutil.com,/go/3164991777.html?categoryId=3706&offerKey=4646df80c3e8ef10c222389badaa3004&offerListId=3842735-70F23470900CFD5C0D8DC1E481047D18&pos=6&price=268.81&productid=3842735&sid=254364&type=offer,0,/prix/3842735/dewalt-dwe4579r-qs.html
75,15000,"
document.getElementById(""result-6-offerinfo"").title = document.getElementById(""result-6-offerinfo"").innerHTML = idealoApp.getContents('s6H2=E s(tcdfh#\\\""$ |6F=6FD6[ ae__ ([ y2F?6^UE9:?DAj?@:C[ ab_ \>\>');
",270.25,EUR,false,SVH Handels-GmbH,/go/3198942605205321691.html?categoryId=3706&offerKey=a073ce00c277e1fa693453f976c29fec&offerListId=3842735-70F23470900CFD5C0D8DC1E481047D18&pos=7&price=270.25&productid=3842735&sid=24573&type=offer,0,/prix/3842735/dewalt-dwe4579r-qs.html
76,15000,DeWalt DWE4579R Meuleuse d'angle - 2600W - 230mm,270.99,EUR,false,Fixami.fr,/go/3235106656576603185.html?categoryId=3706&offerKey=ebba96895a84f3166e3a6c7f81805e5d&offerListId=3842735-70F23470900CFD5C0D8DC1E481047D18&pos=8&price=270.99&productid=3842735&sid=306120&type=offer,0,/prix/3842735/dewalt-dwe4579r-qs.html
77,15000,DeWALT Meuleuse speed disc DWE4579R,273.1,EUR,false,Mytoolstore.fr,/go/3179530690104399778.html?categoryId=3706&offerKey=f0eb1c8156d3e22e1211223e2ecc2676&offerListId=3842735-70F23470900CFD5C0D8DC1E481047D18&pos=9&price=273.10&productid=3842735&sid=29224&type=offer,0,/prix/3842735/dewalt-dwe4579r-qs.html
78,15000,"Meuleuse Dewalt diamètre 230mm 2600W - changement du disque sans outils ""speed disc"" DWE4579R",273.77,EUR,false,Master-outillage.com,/go/3231444717640089720.html?categoryId=3706&offerKey=6015dbf33f673b03e628d86cdcc75f79&offerListId=3842735-70F23470900CFD5C0D8DC1E481047D18&pos=10&price=273.77&productid=3842735&sid=282706&type=offer,0,/prix/3842735/dewalt-dwe4579r-qs.html
79,15000,"Meuleuse ""speed disc"" Ø230mm - 2600W",273.77,EUR,false,Comptoirdespros.com,/go/3256890997329627874.html?categoryId=3706&offerKey=4f4774434973dad0090ac17d26546df5&offerListId=3842735-70F23470900CFD5C0D8DC1E481047D18&pos=11&price=273.77&productid=3842735&sid=283959&type=offer,0,/prix/3842735/dewalt-dwe4579r-qs.html
80,15000,Dewalt Dwe4579R Meuleuse d'angle 230mm 2600W,275.49,EUR,false,Rueducommerce.fr (Marketplace),/go/3213755681549068095.html?categoryId=3706&offerKey=95cfefbb3726610ed0af58f79d552692&offerListId=3842735-70F23470900CFD5C0D8DC1E481047D18&pos=12&price=275.49&productid=3842735&sid=25482&type=offer,0,/prix/3842735/dewalt-dwe4579r-qs.html
81,15000,Meuleuse d'angle DWE4579R,279.84,EUR,false,Ubaldi.com (Marketplace),/go/3221509517197967954.html?categoryId=3706&offerKey=2ca5aea6f0c3352e489b2415015c36cc&offerListId=3842735-70F23470900CFD5C0D8DC1E481047D18&pos=13&price=279.84&productid=3842735&sid=316737&type=offer,0,/prix/3842735/dewalt-dwe4579r-qs.html
82,15000,Dewalt Dwe4579R Meuleuse d'angle 230mm 2600W,292.98,EUR,false,Rueducommerce.fr (Marketplace),/go/3265386729562966786.html?categoryId=3706&offerKey=b09d4d906e9590be51732fc36333c526&offerListId=3842735-70F23470900CFD5C0D8DC1E481047D18&pos=14&price=292.98&productid=3842735&sid=25482&type=offer,0,/prix/3842735/dewalt-dwe4579r-qs.html
83,15000,Dewalt Dwe4579R Meuleuse d'angle 230mm 2600W,344.31,EUR,false,Rueducommerce.fr (Marketplace),/go/3253027204369484132.html?categoryId=3706&offerKey=90fc7e7ecf922f0685058356430b875d&offerListId=3842735-70F23470900CFD5C0D8DC1E481047D18&pos=15&price=344.31&productid=3842735&sid=25482&type=offer,0,/prix/3842735/dewalt-dwe4579r-qs.html
84,15003,"Combopack 2 outils portatifs visseuse à chocs + per­ceuse-vis­seuse 10,8V (1x 2,0AH - 1x 4,0Ah) - METABO 685053000",277.84,EUR,false,ManoMano.fr,/go/3189980996797729535.html?categoryId=27597&offerKey=e65341e731f769a0c51fa0e8da50e012&offerListId=4273180-5716B3A2BC3558A5D4EFB24AE2D8250C&pos=1&price=277.84&productid=4273180&sid=291209&type=offer,0,/prix/4273180/metabo-combo-set-2-1-10-8-v-quick-pro.html
85,15003,"Metabo Combopack 2 outils portatifs visseuse à chocs + per­ceuse-vis­seuse 10,8V 1x 2,0AH - 1x 4,0Ah 685053000",280.39,EUR,false,Rueducommerce.fr (Marketplace),/go/3264070965713177436.html?categoryId=27597&offerKey=add93b2357e8ec774bf40d51b4358190&offerListId=4273180-5716B3A2BC3558A5D4EFB24AE2D8250C&pos=2&price=280.39&productid=4273180&sid=25482&type=offer,0,/prix/4273180/metabo-combo-set-2-1-10-8-v-quick-pro.html
86,15003,Metabo Comboset 2.1 Perceuse visseuse (BS Quick Pro) & Visseuse à chocs (SSD) à batteries 10.8V Li-Ion (1x battere 2.0Ah + 1x batterie 4.0Ah) dans MetaLoc + renvoi d'angle,287.99,EUR,false,Fixami.fr,/go/3235106642026563485.html?categoryId=27597&offerKey=8db0ec99aed690abdc38f7b552cc19e0&offerListId=4273180-5716B3A2BC3558A5D4EFB24AE2D8250C&pos=3&price=287.99&productid=4273180&sid=306120&type=offer,0,/prix/4273180/metabo-combo-set-2-1-10-8-v-quick-pro.html
87,15003,"
document.getElementById(""result-3-offerinfo"").title = document.getElementById(""result-3-offerinfo"").innerHTML = idealoApp.getContents('|6E23@ r@\>3@ $6E a]` egd_db___ `_[gG q$ \""F:4\< !6C46FD6 ` ) a]_29 ` ) c]_29');
",308.15,EUR,false,folkestonefixings,/go/3267170619858354649.html?categoryId=27597&offerKey=381b8abf1944e9fbd2177dc21757b5d0&offerListId=4273180-5716B3A2BC3558A5D4EFB24AE2D8250C&pos=4&price=308.15&productid=4273180&sid=24572&type=offer,0,/prix/4273180/metabo-combo-set-2-1-10-8-v-quick-pro.html
88,15004,"
document.getElementById(""result-0-offerinfo"").title = document.getElementById(""result-0-offerinfo"").innerHTML = idealoApp.getContents('t:?96== !6C46FD6 G:DD6FD6 U28C2G6j A6C4FDD:@? D2?D 7:= DFC 32EE6C:6 %t\\rs `g {:\\: q{ !@H6C )\\r92?86 W`g \'[r@FA=6 i e_ }\>[ aa A@D:E:@?DX \'t#$x~} zx%[ {x\'#t p\'tr a qp%%t#xt$ a]_ p9 t% ` rwp#vt\&#');
",132.99,EUR,false,Yeppon,/go/3261043096156111853.html?categoryId=3687&offerKey=4b42b1b5626bda6c3152b554bb21fd61&offerListId=5594521-3C71889F27B53E8C2EB728A772823F67&pos=1&price=132.99&productid=5594521&sid=24573&type=offer,0,/prix/5594521/einhell-te-cd-18-li-i-4513861.html
89,15004,"
document.getElementById(""result-1-offerinfo"").title = document.getElementById(""result-1-offerinfo"").innerHTML = idealoApp.getContents('!6C46FD6 \':DD6FD6 !6C4FDD:@? t:?96== %t\\rs `g {:\\: q{');
",139.5,EUR,false,line_on_line,/go/3243663414913926793.html?categoryId=3687&offerKey=b762cb293bce919d9d3e7dd935a4b596&offerListId=5594521-3C71889F27B53E8C2EB728A772823F67&pos=2&price=139.50&productid=5594521&sid=24572&type=offer,0,/prix/5594521/einhell-te-cd-18-li-i-4513861.html
90,15004,"
document.getElementById(""result-2-offerinfo"").title = document.getElementById(""result-2-offerinfo"").innerHTML = idealoApp.getContents('t:?96== !6C46FD6 G:DD6FD6 U28C2G6j A6C4FDD:@? D2?D 7:= DFC 32EE6C:6 %t\\rs `g {:\\: q{ !@H6C )\\r92?86 W`g \'[r@FA=6 i e_ }\>[ aa A@D:E:@?DX \'t#$x~} zx%[ {x\'#t p\'tr a qp%%t#xt$ a]_ p9 t% ` rwp#vt\&#');
",139.95,EUR,false,Amazon.fr,/go/3160215831424538920.html?categoryId=3687&offerKey=e3151adfb8e93dc5d244aa289baed9b8&offerListId=5594521-3C71889F27B53E8C2EB728A772823F67&pos=3&price=139.95&productid=5594521&sid=12003&type=offer,0,/prix/5594521/einhell-te-cd-18-li-i-4513861.html
91,15004,"Einhell Per­ceuse-vis­seuse à percussion sans fil TE-CD 18 Li-i BL (2x2,0Ah) - 4513861",139.95,EUR,false,ManoMano.fr,/go/3182364725398734901.html?categoryId=3687&offerKey=1ca705f7017e6d1b341729bb61f097f1&offerListId=5594521-3C71889F27B53E8C2EB728A772823F67&pos=4&price=139.95&productid=5594521&sid=291209&type=offer,0,/prix/5594521/einhell-te-cd-18-li-i-4513861.html
92,15004,"Einhell Per­ceuse-vis­seuse à percussion sans fil TE-CD 18 Li-i BL (2x2,0Ah) - 4513861",139.95,EUR,false,Mytoolstore.fr,/go/3229324297436660847.html?categoryId=3687&offerKey=58b5cc50aa2aae87b305776428650cbc&offerListId=5594521-3C71889F27B53E8C2EB728A772823F67&pos=5&price=139.95&productid=5594521&sid=29224&type=offer,0,/prix/5594521/einhell-te-cd-18-li-i-4513861.html
93,15004,Perceuse visseuse à percussion sans fil - 18 v - 2 batteries - TE-CD EINHELL,139.95,EUR,false,Rakuten.com FR,/go/8205253120.html?categoryId=3687&offerKey=e35d905000f9c85098ffa994b97db550&offerListId=5594521-3C71889F27B53E8C2EB728A772823F67&pos=6&price=139.95&productid=5594521&sid=26246&type=offer,0,/prix/5594521/einhell-te-cd-18-li-i-4513861.html
94,15004,EINHELL Perceuse à percussion sans fil TE-CD 18 Li-i BL 2x2 Ah 18 V,158.27,EUR,false,Rueducommerce.fr (Marketplace),/go/3213757155809175488.html?categoryId=3687&offerKey=45174f7cb15bc58a27b7df31fec10e8d&offerListId=5594521-3C71889F27B53E8C2EB728A772823F67&pos=7&price=158.27&productid=5594521&sid=25482&type=offer,0,/prix/5594521/einhell-te-cd-18-li-i-4513861.html
95,15004,EINHELL Perceuse à percussion sans fil TE-CD 18 Li-i BL 2x2 Ah 18 V,164.06,EUR,false,Rueducommerce.fr (Marketplace),/go/3213752937828324687.html?categoryId=3687&offerKey=c40a121f1101f6ca5d1e561082407ac9&offerListId=5594521-3C71889F27B53E8C2EB728A772823F67&pos=8&price=164.06&productid=5594521&sid=25482&type=offer,0,/prix/5594521/einhell-te-cd-18-li-i-4513861.html
96,15004,Per­ceuse-vis­seuse à percussion sans fil 18V Einhell TE-CD 18 Li-i BL,169.0,EUR,false,Rotopino.fr,/go/3253225510825625239.html?categoryId=3687&offerKey=0a2b3ccf28bedfb555a81812956a2c6f&offerListId=5594521-3C71889F27B53E8C2EB728A772823F67&pos=9&price=169.00&productid=5594521&sid=287166&type=offer,0,/prix/5594521/einhell-te-cd-18-li-i-4513861.html
97,15004,EINHELL Perceuse à percussion sans fil TE-CD 18 Li-i BL 2x2 Ah 18 V,184.92,EUR,false,Rueducommerce.fr (Marketplace),/go/3213757359121761802.html?categoryId=3687&offerKey=95bbb302d8e1705a117aeb3a651a04da&offerListId=5594521-3C71889F27B53E8C2EB728A772823F67&pos=10&price=184.92&productid=5594521&sid=25482&type=offer,0,/prix/5594521/einhell-te-cd-18-li-i-4513861.html
98,15004,EINHELL Perceuse à percussion sans fil TE-CD 18 Li-i BL 2x2 Ah 18 V,185.5,EUR,false,Rueducommerce.fr (Marketplace),/go/3213754921916574634.html?categoryId=3687&offerKey=2ba0d166ab1843965d45cb6657938cc2&offerListId=5594521-3C71889F27B53E8C2EB728A772823F67&pos=11&price=185.50&productid=5594521&sid=25482&type=offer,0,/prix/5594521/einhell-te-cd-18-li-i-4513861.html
99,15004,EINHELL Perceuse à percussion sans fil TE-CD 18 Li-i BL 2x2 Ah 18 V,189.49,EUR,false,Rueducommerce.fr (Marketplace),/go/3268055859283887454.html?categoryId=3687&offerKey=366e0f38b3605d6a6033f658f84f4281&offerListId=5594521-3C71889F27B53E8C2EB728A772823F67&pos=12&price=189.49&productid=5594521&sid=25482&type=offer,0,/prix/5594521/einhell-te-cd-18-li-i-4513861.html
100,15004,Einhell 4513861 / TE-CD 18-2 Li-i KIT,198.99,EUR,false,Fixami.fr,/go/3235106854902170688.html?categoryId=3687&offerKey=9b92342a2ff3eab66825a2bd0592cc8d&offerListId=5594521-3C71889F27B53E8C2EB728A772823F67&pos=13&price=198.99&productid=5594521&sid=306120&type=offer,0,/prix/5594521/einhell-te-cd-18-li-i-4513861.html
101,15004,Perceuse visseuse à percussion sans fil Einhell TE-CD 18 Li-i BL,199.95,EUR,false,Fnac.com,/go/3210450544134990465.html?categoryId=3687&offerKey=77acc74f173cde7ed3a0a0e0ba5414a3&offerListId=5594521-3C71889F27B53E8C2EB728A772823F67&pos=14&price=199.95&productid=5594521&sid=25536&type=offer,0,/prix/5594521/einhell-te-cd-18-li-i-4513861.html
102,15004,Perceuse visseuse à percussion sans fil - 18 v - 2 batteries - TE-CD EINHELL,205.04,EUR,false,Bricozor.com,/go/3267557130286138503.html?categoryId=3687&offerKey=1fea959a1cacdfb40fe8a7070fe91fab&offerListId=5594521-3C71889F27B53E8C2EB728A772823F67&pos=15&price=205.04&productid=5594521&sid=272921&type=offer,0,/prix/5594521/einhell-te-cd-18-li-i-4513861.html
103,15006,"DeWalt DCS355NT mul­ti-ou­til électrique 20000 tr/min Noir, Jaune, Outil de multi fonction",187.9,EUR,false,Alternate.fr,/go/3252319507825297798.html?categoryId=27733&offerKey=268ec34244a6561e908bdd51edd30989&offerListId=4772805-68132300F6479C6D8167D15627C73924&pos=1&price=187.90&productid=4772805&sid=291809&type=offer,0,/prix/4772805/dewalt-dcs355nt-solo.html
104,15006,DeWalt DCS355NT Mul­ti-ou­til à batteries 18V Li-Ion (machine seule) + Set d'ac­ces­soires 29 pièces dans TSTAK - moteur sans charbon,187.99,EUR,false,Fixami.fr,/go/3235106653550413746.html?categoryId=27733&offerKey=fc99379bdade00510c9522b9bfac9bf6&offerListId=4772805-68132300F6479C6D8167D15627C73924&pos=2&price=187.99&productid=4772805&sid=306120&type=offer,0,/prix/4772805/dewalt-dcs355nt-solo.html
105,15006,"
document.getElementById(""result-2-offerinfo"").title = document.getElementById(""result-2-offerinfo"").innerHTML = idealoApp.getContents('s6(2=E sruggh}%\\)y |F=UD9JjE:\\@FUD9JjE:=D DFC 32EE6C:6 `g \'');
",195.89,EUR,false,Amazon.fr,/go/7302862680.html?categoryId=27733&offerKey=9ab33231072c5ae419240036b7f466e7&offerListId=4772805-68132300F6479C6D8167D15627C73924&pos=3&price=195.89&productid=4772805&sid=12003&type=offer,0,/prix/4772805/dewalt-dcs355nt-solo.html
106,15006,Dewalt Mul­ti-cut­teur 18V Li-ion DCS355NT,204.9,EUR,false,Rueducommerce.fr (Marketplace),/go/3257236573292332100.html?categoryId=27733&offerKey=c89939ce6b37ed47aed08049011814c8&offerListId=4772805-68132300F6479C6D8167D15627C73924&pos=4&price=204.90&productid=4772805&sid=25482&type=offer,0,/prix/4772805/dewalt-dcs355nt-solo.html
107,15006,Mul­ti-cut­ter DEWALT 18V XR - Sans batterie ni chargeur - En coffret T-STAK - DCS355NT,205.99,EUR,false,Maxoutil.com,/go/4484164215.html?categoryId=27733&offerKey=24a761941d82d7ad1959bafb37f2ad43&offerListId=4772805-68132300F6479C6D8167D15627C73924&pos=5&price=205.99&productid=4772805&sid=254364&type=offer,0,/prix/4772805/dewalt-dcs355nt-solo.html
108,15006,"DCS355NT 18 V Multi Cutter, sans batterie et sans ac­ces­soires, avec T-STAK Box II",206.0,EUR,false,Rakuten.com FR,/go/3937129175.html?categoryId=27733&offerKey=029c34b4a334375c7ea6c11359ae35a1&offerListId=4772805-68132300F6479C6D8167D15627C73924&pos=6&price=206.00&productid=4772805&sid=26246&type=offer,0,/prix/4772805/dewalt-dcs355nt-solo.html
109,15006,Mul­ti-Cut­ter DEWALT DCS355NT 18 V Li-ion Sans Charbons + 32 Ac­ces­soires Coffret T-STAK,209.0,EUR,false,Racetools.fr,/go/3248440849161260015.html?categoryId=27733&offerKey=0a9bf4dd272d078588995a747b484c4f&offerListId=4772805-68132300F6479C6D8167D15627C73924&pos=7&price=209.00&productid=4772805&sid=284284&type=offer,0,/prix/4772805/dewalt-dcs355nt-solo.html
110,15006,"DeWALT DCS355NT 18 V Multi Cutter, sans batterie et sans ac­ces­soires, avec T-STAK Box II",211.5,EUR,false,ManoMano.fr,/go/5980319388.html?categoryId=27733&offerKey=70b2ff8174210f2f351f715b1147cfb0&offerListId=4772805-68132300F6479C6D8167D15627C73924&pos=8&price=211.50&productid=4772805&sid=291209&type=offer,0,/prix/4772805/dewalt-dcs355nt-solo.html
111,15006,"DeWALT DCS355NT 18 V Multi Cutter, sans batterie et sans ac­ces­soires, avec T-STAK Box II",211.5,EUR,false,Mytoolstore.fr,/go/3229324287697488757.html?categoryId=27733&offerKey=a2139372376be08ce42a6e264acd8ab8&offerListId=4772805-68132300F6479C6D8167D15627C73924&pos=9&price=211.50&productid=4772805&sid=29224&type=offer,0,/prix/4772805/dewalt-dcs355nt-solo.html
112,15006,Dewalt Mul­ti-cut­teur 18V Li-ion DCS355NT,215.63,EUR,false,Rueducommerce.fr (Marketplace),/go/3267382030414908390.html?categoryId=27733&offerKey=780cc506cb631becc7ef75edc01789f0&offerListId=4772805-68132300F6479C6D8167D15627C73924&pos=10&price=215.63&productid=4772805&sid=25482&type=offer,0,/prix/4772805/dewalt-dcs355nt-solo.html
113,15006,Dewalt Mul­ti-cut­teur 18V Li-ion DCS355NT,218.51,EUR,false,Rueducommerce.fr (Marketplace),/go/3213757153202418983.html?categoryId=27733&offerKey=de5b6e1337975ba233ec35b6bac2adc9&offerListId=4772805-68132300F6479C6D8167D15627C73924&pos=11&price=218.51&productid=4772805&sid=25482&type=offer,0,/prix/4772805/dewalt-dcs355nt-solo.html
114,15006,"
document.getElementById(""result-11-offerinfo"").title = document.getElementById(""result-11-offerinfo"").innerHTML = idealoApp.getContents('s6H2=E sr$bdd}% `g[_ \'@=E p\<UD9Jj\<F\\|F=UD9JjE:\\%@@= bd %6:=:8:] p446DD@:C6 z:E 6?');
",220.0,EUR,false,promarco,/go/3243629284941628492.html?categoryId=27733&offerKey=694e63db13c24171f6450945d5539c11&offerListId=4772805-68132300F6479C6D8167D15627C73924&pos=12&price=220.00&productid=4772805&sid=24572&type=offer,0,/prix/4772805/dewalt-dcs355nt-solo.html
115,15006,Dewalt Mul­ti-cut­teur 18V Li-ion DCS355NT,228.41,EUR,false,Rueducommerce.fr (Marketplace),/go/3213755818654571003.html?categoryId=27733&offerKey=573dc45520e4a74de99348b183bc2799&offerListId=4772805-68132300F6479C6D8167D15627C73924&pos=13&price=228.41&productid=4772805&sid=25482&type=offer,0,/prix/4772805/dewalt-dcs355nt-solo.html
116,15006,Dewalt Mul­ti-cut­teur 18V Li-ion DCS355NT,230.17,EUR,false,Rueducommerce.fr (Marketplace),/go/3213755108846222105.html?categoryId=27733&offerKey=6b65d600e3f4923b7bc2cdcce784b48d&offerListId=4772805-68132300F6479C6D8167D15627C73924&pos=14&price=230.17&productid=4772805&sid=25482&type=offer,0,/prix/4772805/dewalt-dcs355nt-solo.html
117,15006,Dewalt Mul­ti-cut­teur 18V Li-ion DCS355NT,236.02,EUR,false,Rueducommerce.fr (Marketplace),/go/3224255914521401667.html?categoryId=27733&offerKey=0c91df074da9cb5be0e0bb6b945fba32&offerListId=4772805-68132300F6479C6D8167D15627C73924&pos=15&price=236.02&productid=4772805&sid=25482&type=offer,0,/prix/4772805/dewalt-dcs355nt-solo.html
118,15008,"
document.getElementById(""result-0-offerinfo"").title = document.getElementById(""result-0-offerinfo"").innerHTML = idealoApp.getContents('s6(p{% s(fcb}\\\""$ $4:6D r:CUD9Jj4FUD9Jj=2:C6D `dd_ (');
",777.18,EUR,false,Amazon.fr,/go/3253456199495975933.html?categoryId=21721&offerKey=e56bc299a57ea1ad7fad1e2a6e47fa48&offerListId=357774-54137B0E2923AE43186A404C67CC83E9&pos=1&price=777.18&productid=357774&sid=12003&type=offer,0,/prix/357774/dewalt-dw743n-240-230v.html
119,15008,Scie sur Table et à Onglets DEWALT DW743N,950.42,EUR,false,Racetools.fr,/go/3262204118954936223.html?categoryId=21721&offerKey=2a500cb0bae774b8b4001767d5d2a184&offerListId=357774-54137B0E2923AE43186A404C67CC83E9&pos=2&price=950.42&productid=357774&sid=284284&type=offer,0,/prix/357774/dewalt-dw743n-240-230v.html
120,15008,Dewalt Scie à table et à onglets re­tour­nable 2000 W - DW743N,972.41,EUR,false,Rueducommerce.fr (Marketplace),/go/3250488435854543371.html?categoryId=21721&offerKey=67ea71e0ebc178bd63409519e5c034cc&offerListId=357774-54137B0E2923AE43186A404C67CC83E9&pos=3&price=972.41&productid=357774&sid=25482&type=offer,0,/prix/357774/dewalt-dw743n-240-230v.html
121,15008,DEWALT Scie sur table et onglet réversible 2000W Ø250mm -DW743N,986.5,EUR,false,ManoMano.fr,/go/6268748986.html?categoryId=21721&offerKey=b05d9328f0d24c677a9b758698b90134&offerListId=357774-54137B0E2923AE43186A404C67CC83E9&pos=4&price=986.50&productid=357774&sid=291209&type=offer,0,/prix/357774/dewalt-dw743n-240-230v.html
122,15008,Dewalt scie sur table et onglet réversible 2000w Ø250mm -dw743n,986.5,EUR,false,Guedo-outillage.fr,/go/5986222908.html?categoryId=21721&offerKey=25f58a1ed0d26405a4bd0ff78bffffa5&offerListId=357774-54137B0E2923AE43186A404C67CC83E9&pos=5&price=986.50&productid=357774&sid=69278&type=offer,0,/prix/357774/dewalt-dw743n-240-230v.html
123,15008,"
document.getElementById(""result-5-offerinfo"").title = document.getElementById(""result-5-offerinfo"").innerHTML = idealoApp.getContents('s6(2=E s(fcb}\\\""$ s(fcb} $4:6 DFC E23=6 6E U28C2G6j @?8=6ED');
",998.0,EUR,false,Schwemmer &amp; Dorn,/go/3239177496192616481.html?categoryId=21721&offerKey=1d11147aca8ab6f3dbb14e8e70c19b11&offerListId=357774-54137B0E2923AE43186A404C67CC83E9&pos=6&price=998.00&productid=357774&sid=24573&type=offer,0,/prix/357774/dewalt-dw743n-240-230v.html
124,15008,Scie à table et à onglets re­tour­nable DEWALT 2000 W - DW743N,1002.14,EUR,false,Maxoutil.com,/go/2264905222.html?categoryId=21721&offerKey=643477570cd8701b61f7a1d7b9f4dbd6&offerListId=357774-54137B0E2923AE43186A404C67CC83E9&pos=7&price=1002.14&productid=357774&sid=254364&type=offer,0,/prix/357774/dewalt-dw743n-240-230v.html
125,15008,Dewalt Scie à table et à onglets re­tour­nable 2000 W - DW743N,1019.0,EUR,false,Rueducommerce.fr (Marketplace),/go/3252482914866170772.html?categoryId=21721&offerKey=f8b689a26c062369edcfcb82f7a82065&offerListId=357774-54137B0E2923AE43186A404C67CC83E9&pos=8&price=1019.00&productid=357774&sid=25482&type=offer,0,/prix/357774/dewalt-dw743n-240-230v.html
126,15008,Scie à onglets radiale DeWalt & Geh­rung­ssäge DW 743 N,1040.01,EUR,false,Ubaldi.com (Marketplace),/go/3250344589501925240.html?categoryId=21721&offerKey=2a71a7ddbec04905b2dd4120979491ad&offerListId=357774-54137B0E2923AE43186A404C67CC83E9&pos=9&price=1040.01&productid=357774&sid=316737&type=offer,0,/prix/357774/dewalt-dw743n-240-230v.html
127,15008,Dewalt Scie sur Table et à Onglets Dw743N,1045.46,EUR,false,Rueducommerce.fr (Marketplace),/go/3267512897583974330.html?categoryId=21721&offerKey=eb259d9b8f4dbb2fab6151e0c9650bf3&offerListId=357774-54137B0E2923AE43186A404C67CC83E9&pos=10&price=1045.46&productid=357774&sid=25482&type=offer,0,/prix/357774/dewalt-dw743n-240-230v.html
128,15008,Scie à table et à onglets - 250 mm DW743N,1072.8,EUR,false,Rakuten.com FR,/go/8356832176.html?categoryId=21721&offerKey=c27e2bae57dc55de4d67fbdae61713bd&offerListId=357774-54137B0E2923AE43186A404C67CC83E9&pos=11&price=1072.80&productid=357774&sid=26246&type=offer,0,/prix/357774/dewalt-dw743n-240-230v.html
129,15008,DeWALT Scie à table et à onglets - 250 mm DW743N-QS,1090.92,EUR,false,Mytoolstore.fr,/go/3229324279206119314.html?categoryId=21721&offerKey=19fc083414bd3d165e6a7e99eeaac728&offerListId=357774-54137B0E2923AE43186A404C67CC83E9&pos=12&price=1090.92&productid=357774&sid=29224&type=offer,0,/prix/357774/dewalt-dw743n-240-230v.html
130,15008,"Scie circulaire de table à onglet, radiale Dewalt DW743N-QS + ac­ces­soires 2000 W 1 pc(s)",1094.12,EUR,false,Conrad.fr,/go/3255906834296341622.html?categoryId=21721&offerKey=b14d1f88bad760e3192542735e612bcc&offerListId=357774-54137B0E2923AE43186A404C67CC83E9&pos=13&price=1094.12&productid=357774&sid=286907&type=offer,0,/prix/357774/dewalt-dw743n-240-230v.html
131,15008,Scie à onglet sur table 250mm 2000W DW743N DEWALT,1178.28,EUR,false,Bricozor.com,/go/3267557119741658410.html?categoryId=21721&offerKey=6042002fa2554c0a785fe63924f954cb&offerListId=357774-54137B0E2923AE43186A404C67CC83E9&pos=14&price=1178.28&productid=357774&sid=272921&type=offer,0,/prix/357774/dewalt-dw743n-240-230v.html
132,15008,"
document.getElementById(""result-14-offerinfo"").title = document.getElementById(""result-14-offerinfo"").innerHTML = idealoApp.getContents('s6H2=E %23=6\\[ %C@?UD9JjU4465:=j@?UD9Jj?6FD6 6E $4:6 U28C2G6j ~?8=6ED s(fcb}');
",1188.0,EUR,false,siltec-technik,/go/3268425773836408391.html?categoryId=21721&offerKey=ca41af048aa3a675252d19def4bf4c92&offerListId=357774-54137B0E2923AE43186A404C67CC83E9&pos=15&price=1188.00&productid=357774&sid=24572&type=offer,0,/prix/357774/dewalt-dw743n-240-230v.html
