,index_data,product_name,product_price,currency,voucher,shop_name,url_origin,url_image,id_page
0,11891,Loctite - 1599592 - Super Glue-3 Précision 5 g,4.72,EUR,false,Mon Magasin General,/go/3247142059898833063.html?price=4.72&sid=24573&type=oc_offer,0,/type/3255460146509.html
1,11891,Colle Cyanoacrylate LOCTITE SUPERGLUE-3 Précision 5g,4.72,EUR,false,Rakuten.com FR,/go/3301122178.html?price=4.72&sid=26246&type=oc_offer,0,/type/3255460146509.html
2,11891,Loctite - 1599592 - Super Glue-3 Précision 5 g,4.8,EUR,false,Amazon.fr,/go/7304210420.html?price=4.80&sid=12003&type=oc_offer,0,/type/3255460146509.html
3,11891,super glue precision 5 gr - SUPER GLUE 3,4.8,EUR,false,Cdiscount.com,/go/3260736824579982979.html?price=4.80&sid=29061&type=oc_offer,0,/type/3255460146509.html
4,11891,Colle cyano liquide super glue-3 précision,5.9,EUR,false,Alexis-robert-bricolage.com,/go/3222599232598840819.html?price=5.90&sid=288310&type=oc_offer,0,/type/3255460146509.html
5,11891,Colle super glue 3 cyano précision,5.95,EUR,false,Monoprix.fr,/go/3250678374613386805.html?price=5.95&sid=308687&type=oc_offer,0,/type/3255460146509.html
6,11891,Super Glue 3 Loctite - Précision 5 g,7.9,EUR,false,ManoMano.fr,/go/3188711042488209160.html?price=7.90&sid=291209&type=oc_offer,0,/type/3255460146509.html
7,11891,"Pistolet à colle, colle Alo Super glue 3 loctite - précision 5 g",12.19,EUR,false,Darty.com (Marketplace),/go/3216002771564110493.html?price=12.19&sid=316364&type=oc_offer,0,/type/3255460146509.html
8,11891,LOCTITE Colle Super glue3 - précision - 5 g,13.73,EUR,false,Home-boulevard.com,/go/733948969.html?price=13.73&sid=280884&type=oc_offer,0,/type/3255460146509.html
9,11891,LOCTITE - Super Glue 3 precision 5 g,15.4,EUR,false,Ubaldi.com (Marketplace),/go/3221509406483030511.html?price=15.40&sid=316737&type=oc_offer,0,/type/3255460146509.html
10,11947,Scie à onglet METABO laser cut 216 mm KS 216 M - 619216000,113.88,EUR,false,Maxoutil.com,/go/3504819782.html?categoryId=21721&offerKey=0edaea7638bcd72925ae7b9f345eca8a&offerListId=2587193-5571B5A86F8DA6FE91F70D509A3AC804&pos=1&price=113.88&productid=2587193&sid=254364&type=offer,0,/prix/2587193/metabo-ks-216-m-lasercut-6-19216-00.html
11,11947,Scie à onglet METABO laser cut 216 mm KS 216 M - 619216000,113.88,EUR,false,ManoMano.fr,/go/6334467641.html?categoryId=21721&offerKey=d7bfb5f22cd175838d6f0366cc36f21d&offerListId=2587193-5571B5A86F8DA6FE91F70D509A3AC804&pos=2&price=113.88&productid=2587193&sid=291209&type=offer,0,/prix/2587193/metabo-ks-216-m-lasercut-6-19216-00.html
12,11947,Scie à Onglets METABO KS 216 M LaserCut,113.88,EUR,false,Rakuten.com FR,/go/3512877895.html?categoryId=21721&offerKey=778cccc7c9a28eab07b8310434811b91&offerListId=2587193-5571B5A86F8DA6FE91F70D509A3AC804&pos=3&price=113.88&productid=2587193&sid=26246&type=offer,0,/prix/2587193/metabo-ks-216-m-lasercut-6-19216-00.html
13,11947,Metabo Scie à onglet laser cut KS 216 M - 619216000,113.88,EUR,false,Rueducommerce.fr (Marketplace),/go/3240932074013592170.html?categoryId=21721&offerKey=54c4f7866c28de2790adade4c6908b76&offerListId=2587193-5571B5A86F8DA6FE91F70D509A3AC804&pos=4&price=113.88&productid=2587193&sid=25482&type=offer,0,/prix/2587193/metabo-ks-216-m-lasercut-6-19216-00.html
14,11947,Metabo Metabo KS 216 M Lasercut,113.9,EUR,false,Mytoolstore.fr,/go/3229324290566392178.html?categoryId=21721&offerKey=022d3b6b23d3e3afb7080d42cf96f9f0&offerListId=2587193-5571B5A86F8DA6FE91F70D509A3AC804&pos=5&price=113.90&productid=2587193&sid=29224&type=offer,0,/prix/2587193/metabo-ks-216-m-lasercut-6-19216-00.html
15,11947,Metabo KS 216 M Lasercut Scie à onglet radiale -1350W - 216mm,121.99,EUR,false,Fixami.fr,/go/3235106652357134199.html?categoryId=21721&offerKey=edd912beaaa9f22022f3c8cdf9d2496d&offerListId=2587193-5571B5A86F8DA6FE91F70D509A3AC804&pos=6&price=121.99&productid=2587193&sid=306120&type=offer,0,/prix/2587193/metabo-ks-216-m-lasercut-6-19216-00.html
16,11947,"
document.getElementById(""result-6-offerinfo"").title = document.getElementById(""result-6-offerinfo"").innerHTML = idealoApp.getContents('|6E23@ |6E23@ z$ a`e | {2D6C4FE');
",129.67,EUR,false,mytoolstore_fr,/go/3245050090573791987.html?categoryId=21721&offerKey=40a07c4fc09a52e5e7d06531bdc51b25&offerListId=2587193-5571B5A86F8DA6FE91F70D509A3AC804&pos=7&price=129.67&productid=2587193&sid=24572&type=offer,0,/prix/2587193/metabo-ks-216-m-lasercut-6-19216-00.html
17,11947,SCIE A ONGLETS METABO KS 216 M Lasercut,130.9,EUR,false,Cboutic.com,/go/8507298852.html?categoryId=21721&offerKey=df1553aa60ab634ecac49fc7284578e2&offerListId=2587193-5571B5A86F8DA6FE91F70D509A3AC804&pos=8&price=130.90&productid=2587193&sid=303199&type=offer,0,/prix/2587193/metabo-ks-216-m-lasercut-6-19216-00.html
18,11947,Metabo Scie à onglet laser cut KS 216 M - 619216000,147.06,EUR,false,Rueducommerce.fr (Marketplace),/go/3258531916072094016.html?categoryId=21721&offerKey=0f3fdcd85bd4522fb633f29d4f267b08&offerListId=2587193-5571B5A86F8DA6FE91F70D509A3AC804&pos=9&price=147.06&productid=2587193&sid=25482&type=offer,0,/prix/2587193/metabo-ks-216-m-lasercut-6-19216-00.html
19,11947,Scie à onglet Metabo KS 216 M,149.0,EUR,false,Rotopino.fr,/go/9485821170.html?categoryId=21721&offerKey=49d517ada9bceb425e53f305624cf28d&offerListId=2587193-5571B5A86F8DA6FE91F70D509A3AC804&pos=10&price=149.00&productid=2587193&sid=287166&type=offer,0,/prix/2587193/metabo-ks-216-m-lasercut-6-19216-00.html
20,11947,Scie à onglet Metabo KS 216 M Lasercut 619216000 216 mm 30 mm 1100 W 1 pc(s),149.0,EUR,false,Conrad.fr,/go/3254686217492497522.html?categoryId=21721&offerKey=e4fd09cf78a860c2292e25e23fd1c9fe&offerListId=2587193-5571B5A86F8DA6FE91F70D509A3AC804&pos=11&price=149.00&productid=2587193&sid=286907&type=offer,0,/prix/2587193/metabo-ks-216-m-lasercut-6-19216-00.html
21,11947,"
document.getElementById(""result-11-offerinfo"").title = document.getElementById(""result-11-offerinfo"").innerHTML = idealoApp.getContents('|6E23@ z$ a`e | e`ha`e___ $4:6 U28C2G6j 5U624FE6j4@FA6C[ D4:6 U28C2G6j @?8=6E z$ a`e | {2D6C4FE W7@?4E:@? z2AAj `bd_ (j =2\>6 56 D4:6 w| a`e \>\>[ c_ 56?EDj Z =2D6CX');
",155.81,EUR,false,Stock Bureau Direct,/go/3268834214358811879.html?categoryId=21721&offerKey=ac9cc99c5062c61136166f2d3594d373&offerListId=2587193-5571B5A86F8DA6FE91F70D509A3AC804&pos=12&price=155.81&productid=2587193&sid=24573&type=offer,0,/prix/2587193/metabo-ks-216-m-lasercut-6-19216-00.html
22,11947,Metabo Scie à onglet laser cut KS 216 M - 619216000,156.49,EUR,false,Rueducommerce.fr (Marketplace),/go/3268115802022216748.html?categoryId=21721&offerKey=b41bc1dd3a2cee724d67f466db303a84&offerListId=2587193-5571B5A86F8DA6FE91F70D509A3AC804&pos=13&price=156.49&productid=2587193&sid=25482&type=offer,0,/prix/2587193/metabo-ks-216-m-lasercut-6-19216-00.html
23,11947,Metabo Scie à onglet laser cut KS 216 M - 619216000,160.85,EUR,false,Rueducommerce.fr (Marketplace),/go/3213755963685210557.html?categoryId=21721&offerKey=5d4797e60100449397dfa2adb272a3c5&offerListId=2587193-5571B5A86F8DA6FE91F70D509A3AC804&pos=14&price=160.85&productid=2587193&sid=25482&type=offer,0,/prix/2587193/metabo-ks-216-m-lasercut-6-19216-00.html
24,11947,Metabo Scie à onglet laser cut KS 216 M - 619216000,162.51,EUR,false,Rueducommerce.fr (Marketplace),/go/3213757723223011806.html?categoryId=21721&offerKey=24a597ade6c40560d30a5c68582ba2a6&offerListId=2587193-5571B5A86F8DA6FE91F70D509A3AC804&pos=15&price=162.51&productid=2587193&sid=25482&type=offer,0,/prix/2587193/metabo-ks-216-m-lasercut-6-19216-00.html
25,11952,"
document.getElementById(""result-0-offerinfo"").title = document.getElementById(""result-0-offerinfo"").innerHTML = idealoApp.getContents('ut$%~~{ q2EE6C:6 56 !~}rt\&$t Up8C2G6j t)UD9Jjrt}UD9Jj%#x\""\&t t%$r `ad {:\\q2D:4 a_`dbb');
",301.71,EUR,false,autorefinish,/go/3243832976571629980.html?categoryId=3706&offerKey=7858cf9439ce01bf018fd7c65d696879&offerListId=5701885-C577D1A397868F3BEE0FD258F43EB608&pos=1&price=301.71&productid=5701885&sid=24572&type=offer,0,/prix/5701885/festool-etsc-125-li-basic-201533.html
26,11952,Ponceuse ex­cen­trique sans fil Festool ETSC 125 Li-Basic 18V Li-ion,303.17,EUR,false,Toolstation.fr,/go/3216612228245498264.html?categoryId=3706&offerKey=11b7acdfab7c7dea62c584e0747094f0&offerListId=5701885-C577D1A397868F3BEE0FD258F43EB608&pos=2&price=303.17&productid=5701885&sid=311283&type=offer,0,/prix/5701885/festool-etsc-125-li-basic-201533.html
27,11952,Festool ETSC 125 Li-Basic 18V Ponceuse ex­cen­trique hybride sans fil 125 mm avec boîtier Systainer - sans batterie ni Chargeur ( 201533 ),304.0,EUR,false,ManoMano.fr,/go/3189980903944232371.html?categoryId=3706&offerKey=231660c0731731411ffe5525c19611b9&offerListId=5701885-C577D1A397868F3BEE0FD258F43EB608&pos=3&price=304.00&productid=5701885&sid=291209&type=offer,0,/prix/5701885/festool-etsc-125-li-basic-201533.html
28,11952,Ponceuse ex­cen­trique Festool Ponceuse ex­cen­trique hybride etsc 125 li-basic - festool,304.0,EUR,false,Darty.com (Marketplace),/go/3223855286674526326.html?categoryId=3706&offerKey=ceeaf185ac644fc556e86f7b6b55a6d1&offerListId=5701885-C577D1A397868F3BEE0FD258F43EB608&pos=4&price=304.00&productid=5701885&sid=316364&type=offer,0,/prix/5701885/festool-etsc-125-li-basic-201533.html
29,11952,Festool Ponceuse ex­cen­trique sans fil ETSC 125 Li-Basic - 201533,304.0,EUR,false,Rueducommerce.fr (Marketplace),/go/3250488424555087216.html?categoryId=3706&offerKey=1b1e4c17c2e297a8d0774a4ab5b1650b&offerListId=5701885-C577D1A397868F3BEE0FD258F43EB608&pos=5&price=304.00&productid=5701885&sid=25482&type=offer,0,/prix/5701885/festool-etsc-125-li-basic-201533.html
30,11952,Festool ETSC 125 Li-Basic 18V Ponceuse ex­cen­trique hybride sans fil 125 mm avec boîtier Systainer - sans batterie ni Chargeur ( 201533 ),305.11,EUR,false,Rakuten.com FR,/go/3247988483106539730.html?categoryId=3706&offerKey=423bb3a108d0bf27718f150bb950acea&offerListId=5701885-C577D1A397868F3BEE0FD258F43EB608&pos=6&price=305.11&productid=5701885&sid=26246&type=offer,0,/prix/5701885/festool-etsc-125-li-basic-201533.html
31,11952,Ponceuse Ex­cen­trique Sans Fil Etsc 125 Li-Basic Festool | - 201533,308.0,EUR,false,Clickoutil.com,/go/3221886837423347096.html?categoryId=3706&offerKey=ce0d971a068ccb84023907cdf71e6298&offerListId=5701885-C577D1A397868F3BEE0FD258F43EB608&pos=7&price=308.00&productid=5701885&sid=289388&type=offer,0,/prix/5701885/festool-etsc-125-li-basic-201533.html
32,11952,Ponceuse ex­cen­trique hybride ETSC 125 Li-Basic,308.0,EUR,false,Comptoirdespros.com,/go/3226800644308339000.html?categoryId=3706&offerKey=6f738afcf4c8ef91110ec75808e737a3&offerListId=5701885-C577D1A397868F3BEE0FD258F43EB608&pos=8&price=308.00&productid=5701885&sid=283959&type=offer,0,/prix/5701885/festool-etsc-125-li-basic-201533.html
33,11952,"
document.getElementById(""result-8-offerinfo"").title = document.getElementById(""result-8-offerinfo"").innerHTML = idealoApp.getContents('!~}rt\&$t t)UD9Jjrt}UD9Jj%#x\""\&t $p}$ ux{ t%$r `ad {x\\qp$xr ut$%~~{');
",319.0,EUR,false,Schwemmer &amp; Dorn,/go/3195868353837143724.html?categoryId=3706&offerKey=26a99571552d938d9d32bd4ac556c9ac&offerListId=5701885-C577D1A397868F3BEE0FD258F43EB608&pos=9&price=319.00&productid=5701885&sid=24573&type=offer,0,/prix/5701885/festool-etsc-125-li-basic-201533.html
34,11952,Ponceuse ex­cen­trique sans fil FESTOOL ETSC 125 Li-Basic - 201533,347.0,EUR,false,Maxoutil.com,/go/3250406489059232479.html?categoryId=3706&offerKey=d35668cd26f81e31536f582771126efb&offerListId=5701885-C577D1A397868F3BEE0FD258F43EB608&pos=10&price=347.00&productid=5701885&sid=254364&type=offer,0,/prix/5701885/festool-etsc-125-li-basic-201533.html
35,11952,Festool Ponceuse ex­cen­trique hybride ETSC 125 Li-Basic - 201533,381.48,EUR,false,Mytoolstore.fr,/go/3266804349887578239.html?categoryId=3706&offerKey=ce9fd543839f5c40406de657537d61f6&offerListId=5701885-C577D1A397868F3BEE0FD258F43EB608&pos=11&price=381.48&productid=5701885&sid=29224&type=offer,0,/prix/5701885/festool-etsc-125-li-basic-201533.html
36,11954,"
document.getElementById(""result-0-offerinfo"").title = document.getElementById(""result-0-offerinfo"").innerHTML = idealoApp.getContents('|6E23@ q2EE6C:6 56 A6C46FD6 U28C2G6j A6C4FDD:@? $3 `g {% r@\>A24E[ `g \'[ e_a`_bd`_');
",239.99,EUR,false,Amazon.fr,/go/7667854097.html?categoryId=3687&offerKey=d895c029e8cf95b7280aea3ee1c84b58&offerListId=5694592-6FA777FBF7C15B82C113063C51EB6A7D&pos=1&price=239.99&productid=5694592&sid=12003&type=offer,0,/prix/5694592/metabo-sb-18-lt-2-0-ah.html
37,11954,Perceuse SB 18 LT Compact - 602103510,259.64,EUR,false,Rakuten.com FR,/go/3201245676597941966.html?categoryId=3687&offerKey=ff92cb39f280eb91b92024f364274c11&offerListId=5694592-6FA777FBF7C15B82C113063C51EB6A7D&pos=2&price=259.64&productid=5694592&sid=26246&type=offer,0,/prix/5694592/metabo-sb-18-lt-2-0-ah.html
38,11954,Metabo SB 18 LT COMPACT (602103510) PERCEUSE À PERCUSSION SANS FIL,262.99,EUR,false,ManoMano.fr,/go/3214467474720306891.html?categoryId=3687&offerKey=821dce770594dfb843f923ec6e489693&offerListId=5694592-6FA777FBF7C15B82C113063C51EB6A7D&pos=3&price=262.99&productid=5694592&sid=291209&type=offer,0,/prix/5694592/metabo-sb-18-lt-2-0-ah.html
39,11954,Metabo SB 18 LT Perceuse visseuse à percussion à batteries 18V Li-Ion (2x batterie 2.0Ah) dans coffret,264.99,EUR,false,Fixami.fr,/go/3235106657247691860.html?categoryId=3687&offerKey=1deb78cf1d829233f3f0354d99c4e1c9&offerListId=5694592-6FA777FBF7C15B82C113063C51EB6A7D&pos=4&price=264.99&productid=5694592&sid=306120&type=offer,0,/prix/5694592/metabo-sb-18-lt-2-0-ah.html
40,11954,Metabo Perceuse visseuse à percussion SB 18LT 2Ah,278.09,EUR,false,Rueducommerce.fr (Marketplace),/go/3213756951607380537.html?categoryId=3687&offerKey=c8e6bf11e6d659a2ca0f11cec6eb5eca&offerListId=5694592-6FA777FBF7C15B82C113063C51EB6A7D&pos=5&price=278.09&productid=5694592&sid=25482&type=offer,0,/prix/5694592/metabo-sb-18-lt-2-0-ah.html
41,11954,Metabo Perceuse visseuse à percussion SB 18LT 2Ah,283.57,EUR,false,Rueducommerce.fr (Marketplace),/go/3268961707266933300.html?categoryId=3687&offerKey=aed4441a993a21bddc71a92ab87ebfaa&offerListId=5694592-6FA777FBF7C15B82C113063C51EB6A7D&pos=6&price=283.57&productid=5694592&sid=25482&type=offer,0,/prix/5694592/metabo-sb-18-lt-2-0-ah.html
42,11954,"Perceuse à percussion METABO 18V SB 18 LT Compact - 2 batteries 2.0Ah, chargeur, en coffret - 6.02103.51",299.9,EUR,false,Maxoutil.com,/go/3157954906717949191.html?categoryId=3687&offerKey=142e6896ebb0af3394b8d4c3b80445cb&offerListId=5694592-6FA777FBF7C15B82C113063C51EB6A7D&pos=7&price=299.90&productid=5694592&sid=254364&type=offer,0,/prix/5694592/metabo-sb-18-lt-2-0-ah.html
43,11954,Perceuse Metabo Metabo - perceuse à percussion à bat­te­rie18v 2ah li-ion - sb 18 lt,306.85,EUR,false,Darty.com (Marketplace),/go/3216003232864155119.html?categoryId=3687&offerKey=ad5c6c603fec64ba2dc305b63b1b5c07&offerListId=5694592-6FA777FBF7C15B82C113063C51EB6A7D&pos=8&price=306.85&productid=5694592&sid=316364&type=offer,0,/prix/5694592/metabo-sb-18-lt-2-0-ah.html
44,11954,Metabo Perceuse à percussion sans fil de 18 volts SB 18 LT Compact,315.5,EUR,false,Mytoolstore.fr,/go/3229324290931295647.html?categoryId=3687&offerKey=08014b21d45fe54f825ac08b54753343&offerListId=5694592-6FA777FBF7C15B82C113063C51EB6A7D&pos=9&price=315.50&productid=5694592&sid=29224&type=offer,0,/prix/5694592/metabo-sb-18-lt-2-0-ah.html
45,11954,"
document.getElementById(""result-9-offerinfo"").title = document.getElementById(""result-9-offerinfo"").innerHTML = idealoApp.getContents('|6E23@ !6C46FD6 U28C2G6j A6C4FDD:@? D2?D 7:= 56 `g G@=ED $q `g {% r@\>A24E');
",318.25,EUR,false,mytoolstore_fr,/go/3243764262763495750.html?categoryId=3687&offerKey=4133146b8bb9ebdbedf6f1c960d7f8fe&offerListId=5694592-6FA777FBF7C15B82C113063C51EB6A7D&pos=10&price=318.25&productid=5694592&sid=24572&type=offer,0,/prix/5694592/metabo-sb-18-lt-2-0-ah.html
46,11954,Metabo Perceuse à percussion sans fil 18 volts SB 18 LT Compact,341.98,EUR,false,Rakuten.com FR,/go/3258319132961015253.html?categoryId=3687&offerKey=756ae31468300239f73cc2e6f16e87d3&offerListId=5694592-6FA777FBF7C15B82C113063C51EB6A7D&pos=11&price=341.98&productid=5694592&sid=26246&type=offer,0,/prix/5694592/metabo-sb-18-lt-2-0-ah.html
47,11954,Metabo SB 18 LT Perceuse visseuse à percussion à batteries 18V Li-Ion (2x batterie 1.5Ah) dans coffret,368.99,EUR,false,Fixami.fr,/go/3235106644727693760.html?categoryId=3687&offerKey=25c0e225fa15b1a0a87683193e57c13c&offerListId=5694592-6FA777FBF7C15B82C113063C51EB6A7D&pos=12&price=368.99&productid=5694592&sid=306120&type=offer,0,/prix/5694592/metabo-sb-18-lt-2-0-ah.html
48,11978,"
document.getElementById(""result-0-offerinfo"").title = document.getElementById(""result-0-offerinfo"").innerHTML = idealoApp.getContents('t:?96== ~FE:= \>F=UD9JjE:UD9Jj7@?4UD9JjE:@?D %r\\|v aa_^` t Waa_ ( [ s:\>6?D:@?D 5F A2A:6C 23C2D:7 i hbIhbIhb \>\>[ {:GCU624FE6j 2G64 24UD9Jj46DUD9JjD@:C6DX');
",35.79,EUR,false,Yeppon,/go/3266049476302734386.html?categoryId=27733&offerKey=87e09b76738c78cc53b97deefc47c86b&offerListId=6179330-E4429F7851634D80B127AF4CB8C77BA6&pos=1&price=35.79&productid=6179330&sid=24573&type=offer,0,/prix/6179330/einhell-tc-mg-220-1-e.html
49,11978,Outil mul­ti­fonc­tions TC-MG 220/1 E - 220 watts EINHELL,46.39,EUR,false,Bricozor.com,/go/3237008847365211461.html?categoryId=27733&offerKey=bb54b5b4fdf3c4e71259c89436041c2c&offerListId=6179330-E4429F7851634D80B127AF4CB8C77BA6&pos=2&price=46.39&productid=6179330&sid=272921&type=offer,0,/prix/6179330/einhell-tc-mg-220-1-e.html
50,11978,Einhell Outil mul­ti­fonc­tions TC-MG 220/1 E - 4465095,46.39,EUR,false,Rakuten.com FR,/go/3191071185095898711.html?categoryId=27733&offerKey=b8ee7bf4a98bcc363593c2f86228eded&offerListId=6179330-E4429F7851634D80B127AF4CB8C77BA6&pos=3&price=46.39&productid=6179330&sid=26246&type=offer,0,/prix/6179330/einhell-tc-mg-220-1-e.html
51,11978,"
document.getElementById(""result-3-offerinfo"").title = document.getElementById(""result-3-offerinfo"").innerHTML = idealoApp.getContents('t:?96== ~FE:= \>F=UD9JjE:UD9Jj7@?4UD9JjE:@?D %r\\|v aa_^` t Waa_ ( [ s:\>6?D:@?D 5F A2A:6C 23C2D:7 i hbIhbIhb \>\>[ {:GCU624FE6j 2G64 24UD9Jj46DUD9JjD@:C6DX');
",47.66,EUR,false,Amazon.fr,/go/3182819659655165722.html?categoryId=27733&offerKey=cb50d5a16d6144e74652a950be57458c&offerListId=6179330-E4429F7851634D80B127AF4CB8C77BA6&pos=4&price=47.66&productid=6179330&sid=12003&type=offer,0,/prix/6179330/einhell-tc-mg-220-1-e.html
52,11978,Outil mul­ti­fonc­tions TC-MG 220/1 E,47.66,EUR,false,ManoMano.fr,/go/3221896806895980738.html?categoryId=27733&offerKey=15133ce6d5f3c7b4cb7223326261fd84&offerListId=6179330-E4429F7851634D80B127AF4CB8C77BA6&pos=5&price=47.66&productid=6179330&sid=291209&type=offer,0,/prix/6179330/einhell-tc-mg-220-1-e.html
53,11978,Einhell TC-MG 220/1 E 4465095 Outil mul­ti­fonc­tion + ac­ces­soires 220 W,51.99,EUR,false,Conrad.fr,/go/3257534584289493959.html?categoryId=27733&offerKey=3304d60b85abecaf3b687d3e4a04286f&offerListId=6179330-E4429F7851634D80B127AF4CB8C77BA6&pos=6&price=51.99&productid=6179330&sid=286907&type=offer,0,/prix/6179330/einhell-tc-mg-220-1-e.html
54,11978,EINHELL Outil mul­ti­fonc­tions TC-MG 220/1 E,53.95,EUR,false,Rueducommerce.fr (Marketplace),/go/3252299836178827380.html?categoryId=27733&offerKey=0927351ec3f541d98fc03cdeae8e773c&offerListId=6179330-E4429F7851634D80B127AF4CB8C77BA6&pos=7&price=53.95&productid=6179330&sid=25482&type=offer,0,/prix/6179330/einhell-tc-mg-220-1-e.html
55,11978,EINHELL Outil mul­ti­fonc­tions TC-MG 220/1 E,54.94,EUR,false,Rueducommerce.fr (Marketplace),/go/3216290143629488676.html?categoryId=27733&offerKey=debcc2811e6770701b53821d157d5cb9&offerListId=6179330-E4429F7851634D80B127AF4CB8C77BA6&pos=8&price=54.94&productid=6179330&sid=25482&type=offer,0,/prix/6179330/einhell-tc-mg-220-1-e.html
56,11978,EINHELL Outil mul­ti­fonc­tions TC-MG 220/1 E,57.69,EUR,false,Rueducommerce.fr (Marketplace),/go/3258531895941531921.html?categoryId=27733&offerKey=b68ce29fccba750d79b8525dc86a05ae&offerListId=6179330-E4429F7851634D80B127AF4CB8C77BA6&pos=9&price=57.69&productid=6179330&sid=25482&type=offer,0,/prix/6179330/einhell-tc-mg-220-1-e.html
57,11978,EINHELL Outil mul­ti­fonc­tion tc mg 220/1e 220 w,59.47,EUR,false,Home-boulevard.com,/go/3258117748296780735.html?categoryId=27733&offerKey=cc177399addf776c9be4b8adb5b0461d&offerListId=6179330-E4429F7851634D80B127AF4CB8C77BA6&pos=10&price=59.47&productid=6179330&sid=280884&type=offer,0,/prix/6179330/einhell-tc-mg-220-1-e.html
58,11978,"
document.getElementById(""result-10-offerinfo"").title = document.getElementById(""result-10-offerinfo"").innerHTML = idealoApp.getContents('t:?96== ~FE:= \>F=UD9JjE:UD9Jj7@?4UD9JjE:@?D %r\\|v aa_^` t Waa_ ( [ s:\>6?D:@?D 5F A2A:6C]]]');
",60.72,EUR,false,lesboutiques,/go/3265242717900245954.html?categoryId=27733&offerKey=e36619a96df9e7ce5c9346b39afddf84&offerListId=6179330-E4429F7851634D80B127AF4CB8C77BA6&pos=11&price=60.72&productid=6179330&sid=24572&type=offer,0,/prix/6179330/einhell-tc-mg-220-1-e.html
59,11978,EINHELL Outil mul­ti­fonc­tions TC-MG 220/1 E,64.07,EUR,false,Rueducommerce.fr (Marketplace),/go/3261899382726853836.html?categoryId=27733&offerKey=d5634a1e37120226c09ecad719662400&offerListId=6179330-E4429F7851634D80B127AF4CB8C77BA6&pos=12&price=64.07&productid=6179330&sid=25482&type=offer,0,/prix/6179330/einhell-tc-mg-220-1-e.html
60,11978,EINHELL Outil mul­ti­fonc­tions TC-MG 220/1 E,64.24,EUR,false,Rueducommerce.fr (Marketplace),/go/3268055858445026124.html?categoryId=27733&offerKey=fd5e1354b62ce7de0b0aca5e8771ca2d&offerListId=6179330-E4429F7851634D80B127AF4CB8C77BA6&pos=13&price=64.24&productid=6179330&sid=25482&type=offer,0,/prix/6179330/einhell-tc-mg-220-1-e.html
61,11978,EINHELL Outil mul­ti­fonc­tions TC-MG 220/1 E,80.09,EUR,false,Rueducommerce.fr (Marketplace),/go/3262079747720479425.html?categoryId=27733&offerKey=9d5564adb7463dc42f28c7088c036de9&offerListId=6179330-E4429F7851634D80B127AF4CB8C77BA6&pos=14&price=80.09&productid=6179330&sid=25482&type=offer,0,/prix/6179330/einhell-tc-mg-220-1-e.html
62,11988,Mousse expansive Power (x3) RUBSON,26.9,EUR,false,ManoMano.fr,/go/3182549368829903922.html?price=26.90&sid=291209&type=oc_offer,0,/type/3178041300865.html
63,11988,Mousse expansive power (x3) rubson,26.9,EUR,false,Alexis-robert-bricolage.com,/go/3222599226928144339.html?price=26.90&sid=288310&type=oc_offer,0,/type/3178041300865.html
64,11996,BOSCH Per­fo­ra­teur PBH 2100 SRE 06033A9301,108.94,EUR,false,ManoMano.fr,/go/5723623196.html?categoryId=15397&offerKey=d4b626398763993f7dbdf785526b0613&offerListId=3125018-9C7E8A4F1B654E6E8F130ABA90BB6ED0&pos=1&price=108.94&productid=3125018&sid=291209&type=offer,0,/prix/3125018/bosch-pbh-2100-sre.html
65,11996,Mar­teau-per­fo­ra­teur rotatif à percussion avec adaptateur Bosch PBH 2100 SRE,119.0,EUR,false,Rotopino.fr,/go/3190725174246775303.html?categoryId=15397&offerKey=b114bde4740194463456b45437517d18&offerListId=3125018-9C7E8A4F1B654E6E8F130ABA90BB6ED0&pos=2&price=119.00&productid=3125018&sid=287166&type=offer,0,/prix/3125018/bosch-pbh-2100-sre.html
66,11996,Per­fo­ra­teur Bosch PBH 2100 SRE (Mandrin d¿adap­ta­tion SDS),125.35,EUR,false,Rakuten.com FR,/go/1334903794.html?categoryId=15397&offerKey=696cdac4d6609328fbb4d85ea611903d&offerListId=3125018-9C7E8A4F1B654E6E8F130ABA90BB6ED0&pos=3&price=125.35&productid=3125018&sid=26246&type=offer,0,/prix/3125018/bosch-pbh-2100-sre.html
67,11996,"
document.getElementById(""result-3-offerinfo"").title = document.getElementById(""result-3-offerinfo"").innerHTML = idealoApp.getContents('q@D49 !6CUD9Jj7@UD9JjC2UD9JjE6FC UBF@Ej\&?:UD9JjG6CUD9JjD2=UBF@Ej !qw a`__ $#t 2G64 4@77C6E[ \>2?5C:? 6E 3FEU624FE6j6 56 AC@7@?56FC _e_bbphb_`');
",128.76,EUR,false,SVH Handels-GmbH,/go/3267430440767587465.html?categoryId=15397&offerKey=6366b76e010d2be6b13a6994cc623cfa&offerListId=3125018-9C7E8A4F1B654E6E8F130ABA90BB6ED0&pos=4&price=128.76&productid=3125018&sid=24573&type=offer,0,/prix/3125018/bosch-pbh-2100-sre.html
68,11996,"
document.getElementById(""result-4-offerinfo"").title = document.getElementById(""result-4-offerinfo"").innerHTML = idealoApp.getContents('q@D49 !6CUD9Jj7@UD9JjC2UD9JjE6FC UBF@Ej\&?:UD9JjG6CUD9JjD2=UBF@Ej !qw a`__ $#t 2G64 4@77C6E[ \>2?5C:? 6E 3FEU624FE6j6 56 AC@7@?56FC _e_bbphb_`');
",129.99,EUR,false,Amazon.fr,/go/7304620191.html?categoryId=15397&offerKey=cdc08d14570d9d710bc87ebe2b49b533&offerListId=3125018-9C7E8A4F1B654E6E8F130ABA90BB6ED0&pos=5&price=129.99&productid=3125018&sid=12003&type=offer,0,/prix/3125018/bosch-pbh-2100-sre.html
69,11996,Bosch BOSH - Per­fo­ra­teur 550W - 0.603.3A9.301,130.93,EUR,false,Rueducommerce.fr (Marketplace),/go/3254835827466832865.html?categoryId=15397&offerKey=6a9039b6b7bcc72a762ade1c5b78c071&offerListId=3125018-9C7E8A4F1B654E6E8F130ABA90BB6ED0&pos=6&price=130.93&productid=3125018&sid=25482&type=offer,0,/prix/3125018/bosch-pbh-2100-sre.html
70,11996,"Bosch PBH 2100 SRE SDS-plus Marteau per­fo­ra­teur - 550W - 1,7J",136.99,EUR,false,Fixami.fr,/go/3235106851943089766.html?categoryId=15397&offerKey=9a997ea0831b476471c171760be966f7&offerListId=3125018-9C7E8A4F1B654E6E8F130ABA90BB6ED0&pos=7&price=136.99&productid=3125018&sid=306120&type=offer,0,/prix/3125018/bosch-pbh-2100-sre.html
71,11996,Bosch Per­fo­ra­teur PBH 2100 SRE,142.4,EUR,false,Mytoolstore.fr,/go/7387195640.html?categoryId=15397&offerKey=e74dd7e95b4cdbd933ccd8368df0854d&offerListId=3125018-9C7E8A4F1B654E6E8F130ABA90BB6ED0&pos=8&price=142.40&productid=3125018&sid=29224&type=offer,0,/prix/3125018/bosch-pbh-2100-sre.html
72,11996,Marteau per­fo­ra­teur 550 W Bosch PBH 2100 SRE avec mandrin à clé,145.0,EUR,false,Conrad.fr,/go/3254686982216878161.html?categoryId=15397&offerKey=7a81326ce68d1e9bd85a55678b003324&offerListId=3125018-9C7E8A4F1B654E6E8F130ABA90BB6ED0&pos=9&price=145.00&productid=3125018&sid=286907&type=offer,0,/prix/3125018/bosch-pbh-2100-sre.html
73,11996,Bosch BOSH - Per­fo­ra­teur 550W - 0.603.3A9.301,146.69,EUR,false,Rueducommerce.fr (Marketplace),/go/3213753639415854080.html?categoryId=15397&offerKey=006d2729756bdf87f4b13339cd10685f&offerListId=3125018-9C7E8A4F1B654E6E8F130ABA90BB6ED0&pos=10&price=146.69&productid=3125018&sid=25482&type=offer,0,/prix/3125018/bosch-pbh-2100-sre.html
74,11996,"
document.getElementById(""result-10-offerinfo"").title = document.getElementById(""result-10-offerinfo"").innerHTML = idealoApp.getContents('q@D49 !6CUD9Jj7@UD9JjC2UD9JjE6FC !qw a`__ $#t');
",147.18,EUR,false,mytoolstore_fr,/go/3244227005947839396.html?categoryId=15397&offerKey=0dfa7075d7ba86e07acdf52abb292565&offerListId=3125018-9C7E8A4F1B654E6E8F130ABA90BB6ED0&pos=11&price=147.18&productid=3125018&sid=24572&type=offer,0,/prix/3125018/bosch-pbh-2100-sre.html
75,11996,BOSCH - Mar­teau-per­fo­ra­teur PBH 2100 SRE,147.21,EUR,false,Ubaldi.com (Marketplace),/go/3221509375770238490.html?categoryId=15397&offerKey=bb62d7b22f21f3670a9ce4e70cecb78b&offerListId=3125018-9C7E8A4F1B654E6E8F130ABA90BB6ED0&pos=12&price=147.21&productid=3125018&sid=316737&type=offer,0,/prix/3125018/bosch-pbh-2100-sre.html
76,11996,Bosch BOSH - Per­fo­ra­teur 550W - 0.603.3A9.301,148.05,EUR,false,Rueducommerce.fr (Marketplace),/go/3213754020218805725.html?categoryId=15397&offerKey=9815d610345df777ba7ea69eedf7b9ba&offerListId=3125018-9C7E8A4F1B654E6E8F130ABA90BB6ED0&pos=13&price=148.05&productid=3125018&sid=25482&type=offer,0,/prix/3125018/bosch-pbh-2100-sre.html
77,11996,Bosch BOSH - Per­fo­ra­teur 550W - 0.603.3A9.301,152.49,EUR,false,Rueducommerce.fr (Marketplace),/go/3268115803672676099.html?categoryId=15397&offerKey=dc86e1b9d2320ba39c27f1ffe46e48e6&offerListId=3125018-9C7E8A4F1B654E6E8F130ABA90BB6ED0&pos=14&price=152.49&productid=3125018&sid=25482&type=offer,0,/prix/3125018/bosch-pbh-2100-sre.html
78,11996,Bosch BOSH - Per­fo­ra­teur 550W - 0.603.3A9.301,153.39,EUR,false,Rueducommerce.fr (Marketplace),/go/3243240006438880803.html?categoryId=15397&offerKey=9d088ac9e3157fa02fb07d42afe0683c&offerListId=3125018-9C7E8A4F1B654E6E8F130ABA90BB6ED0&pos=15&price=153.39&productid=3125018&sid=25482&type=offer,0,/prix/3125018/bosch-pbh-2100-sre.html
79,12008,DeWalt - Souffleur à dos à batterie 36V Li-Ion sans batterie ni chargeur - DCM587N,356.0,EUR,false,ManoMano.fr,/go/9967474264.html?price=356.00&sid=291209&type=oc_offer,0,/type/5035048657188.html
80,12008,"Aspirateur, souffleur de jardin Dewalt Dewalt - souffleur à dos à batterie 36v li-ion sans batterie ni chargeur - dcm587n",356.0,EUR,false,Darty.com (Marketplace),/go/3261596401441702085.html?price=356.00&sid=316364&type=oc_offer,0,/type/5035048657188.html
81,12008,Souffleur à dos 36V XR Li-Ion - sans batterie ni chargeur,369.86,EUR,false,Comptoirdespros.com,/go/3256906013120398007.html?price=369.86&sid=283959&type=oc_offer,0,/type/5035048657188.html
82,12008,DeWalt - Souffleur à dos à batterie 36V Li-Ion sans batterie ni chargeur - DCM587N,380.92,EUR,false,Rakuten.com FR,/go/9448340459.html?price=380.92&sid=26246&type=oc_offer,0,/type/5035048657188.html
83,12008,DeWALT Dcm587 N-xj - Sac à dos Blower Brushless 36 V sans chargeur/batterie,519.82,EUR,false,P4 Solutions,/go/3267590426579699615.html?price=519.82&sid=24573&type=oc_offer,0,/type/5035048657188.html
84,12017,DESTOCKAGE Chargeur de voiture RYOBI 18V OnePlus Li­thium-ion RC18118C,39.9,EUR,false,Superperfo.fr,/go/3256678805336492606.html?categoryId=8535&offerKey=720464d9f660ef914e247eccfb14a4fb&offerListId=5926903-F95157307B00729094C8ECEA0A48C439&pos=1&price=39.90&productid=5926903&sid=315080&type=offer,0,/prix/5926903/ryobi-rc18118c.html
85,12017,Chargeur pour batterie d'ou­tillage Ryobi ONE+ RC18118C,42.0,EUR,false,Rotopino.fr,/go/3261216955836663578.html?categoryId=8535&offerKey=55529fb5c4ff12b48b6affa103b5fffa&offerListId=5926903-F95157307B00729094C8ECEA0A48C439&pos=2&price=42.00&productid=5926903&sid=287166&type=offer,0,/prix/5926903/ryobi-rc18118c.html
86,12017,"
document.getElementById(""result-2-offerinfo"").title = document.getElementById(""result-2-offerinfo"").innerHTML = idealoApp.getContents('#J@3: #r`g``gr `g \' ~?6 Z r92C86FC 56 32EE6C:6 6\>32CBFU624FE6j \\ \'6CE');
",44.56,EUR,false,espace-bricolage,/go/3180917041464878920.html?categoryId=8535&offerKey=059903d6608440ac53887f3db392e8bf&offerListId=5926903-F95157307B00729094C8ECEA0A48C439&pos=3&price=44.56&productid=5926903&sid=24573&type=offer,0,/prix/5926903/ryobi-rc18118c.html
87,12017,"
document.getElementById(""result-3-offerinfo"").title = document.getElementById(""result-3-offerinfo"").innerHTML = idealoApp.getContents('#J@3: #r`g``gr `g \' ~?6 Z r92C86FC 56 32EE6C:6 6\>32CBFU624FE6j \\ \'6CE');
",48.22,EUR,false,Amazon.fr,/go/3185535217483910135.html?categoryId=8535&offerKey=a5349e97d39638521cc7e83b82be41ad&offerListId=5926903-F95157307B00729094C8ECEA0A48C439&pos=4&price=48.22&productid=5926903&sid=12003&type=offer,0,/prix/5926903/ryobi-rc18118c.html
88,12017,Chargeur de voiture RYOBI 18V OnePlus Li­thium-ion 1.8A RC18118C,48.22,EUR,false,ManoMano.fr,/go/3149895298369719778.html?categoryId=8535&offerKey=98dffccc19064c233fb5c2eac12eb7fe&offerListId=5926903-F95157307B00729094C8ECEA0A48C439&pos=5&price=48.22&productid=5926903&sid=291209&type=offer,0,/prix/5926903/ryobi-rc18118c.html
89,12017,Chargeur de voiture RYOBI 18V OnePlus Li­thium-ion 1.8A RC18118C,49.9,EUR,false,Rakuten.com FR,/go/3146700510954787522.html?categoryId=8535&offerKey=ff4688dd5bba9ad12cd669ad6770a34e&offerListId=5926903-F95157307B00729094C8ECEA0A48C439&pos=6&price=49.90&productid=5926903&sid=26246&type=offer,0,/prix/5926903/ryobi-rc18118c.html
90,12017,Ryobi 18 V Chargeur de voiture - RC18118C,50.59,EUR,false,Mytoolstore.fr,/go/3229324297407301919.html?categoryId=8535&offerKey=f648eb9c6e63074e1132bdec46adf8d0&offerListId=5926903-F95157307B00729094C8ECEA0A48C439&pos=7&price=50.59&productid=5926903&sid=29224&type=offer,0,/prix/5926903/ryobi-rc18118c.html
91,12017,Ryobi Chargeur de voiture 18V OnePlus Li­thium-ion 1.8A RC18118C,51.1,EUR,false,Rueducommerce.fr (Marketplace),/go/3213753945298047841.html?categoryId=8535&offerKey=c3dcfe3202d4d99715705778b2ab84e6&offerListId=5926903-F95157307B00729094C8ECEA0A48C439&pos=8&price=51.10&productid=5926903&sid=25482&type=offer,0,/prix/5926903/ryobi-rc18118c.html
92,12017,Batterie et chargeur Ryobi Chargeur de voiture ryobi 18v oneplus li­thium-ion 1.8a rc18118c,52.46,EUR,false,Darty.com (Marketplace),/go/3223311314405303307.html?categoryId=8535&offerKey=075b1ad5a9d7d0e570a18c424aa578e4&offerListId=5926903-F95157307B00729094C8ECEA0A48C439&pos=9&price=52.46&productid=5926903&sid=316364&type=offer,0,/prix/5926903/ryobi-rc18118c.html
93,12017,Ryobi Chargeur de voiture 18V OnePlus Li­thium-ion 1.8A RC18118C,52.75,EUR,false,Rueducommerce.fr (Marketplace),/go/3213755606200498500.html?categoryId=8535&offerKey=2f053f7ee5f09e9783cceb68ba4f203b&offerListId=5926903-F95157307B00729094C8ECEA0A48C439&pos=10&price=52.75&productid=5926903&sid=25482&type=offer,0,/prix/5926903/ryobi-rc18118c.html
94,12017,Ryobi Chargeur de voiture 18V OnePlus Li­thium-ion 1.8A RC18118C,52.76,EUR,false,Rueducommerce.fr (Marketplace),/go/3257554985700819825.html?categoryId=8535&offerKey=f17a46ca24d72b1ad197adc26a6e0578&offerListId=5926903-F95157307B00729094C8ECEA0A48C439&pos=11&price=52.76&productid=5926903&sid=25482&type=offer,0,/prix/5926903/ryobi-rc18118c.html
95,12017,Ryobi RC18118C Chargeur de voiture One+ 18V,53.59,EUR,false,Fixami.fr,/go/3235107210543497520.html?categoryId=8535&offerKey=c931fcf719d1c05fcf19eb3ac379efa3&offerListId=5926903-F95157307B00729094C8ECEA0A48C439&pos=12&price=53.59&productid=5926903&sid=306120&type=offer,0,/prix/5926903/ryobi-rc18118c.html
96,12017,Chargeur de voiture RYOBI 18V OnePlus Li­thium-ion 1.8A RC18118C,54.05,EUR,false,Ubaldi.com (Marketplace),/go/3221509304318167679.html?categoryId=8535&offerKey=28a377ce47cdb6742879a11b99622171&offerListId=5926903-F95157307B00729094C8ECEA0A48C439&pos=13&price=54.05&productid=5926903&sid=316737&type=offer,0,/prix/5926903/ryobi-rc18118c.html
97,12017,Ryobi Chargeur de voiture 18V OnePlus Li­thium-ion 1.8A RC18118C,54.87,EUR,false,Rueducommerce.fr (Marketplace),/go/3262804779046273607.html?categoryId=8535&offerKey=cd1dd5a34810facd2d1b21f5a5fbfa0c&offerListId=5926903-F95157307B00729094C8ECEA0A48C439&pos=14&price=54.87&productid=5926903&sid=25482&type=offer,0,/prix/5926903/ryobi-rc18118c.html
98,12017,Ryobi Chargeur de voiture 18V OnePlus Li­thium-ion 1.8A RC18118C,56.57,EUR,false,Rueducommerce.fr (Marketplace),/go/3226436018401970923.html?categoryId=8535&offerKey=b577b4c45735acdf799cfafe5ad88877&offerListId=5926903-F95157307B00729094C8ECEA0A48C439&pos=15&price=56.57&productid=5926903&sid=25482&type=offer,0,/prix/5926903/ryobi-rc18118c.html
99,12039,"
document.getElementById(""result-0-offerinfo"").title = document.getElementById(""result-0-offerinfo"").innerHTML = idealoApp.getContents('q@D49 _e_bbdc___ !@?46FD6 |F=E: UBF@Ejt2DJUBF@Ej !$| g_ p 2G64 r@77C6E 6E b u6F:==6D p3C2D:G6D');
",49.9,EUR,false,Amazon.fr,/go/7323875025.html?categoryId=3706&offerKey=eeac598653d8b554742afca1548cb138&offerListId=602926-ED18EF20334FAE69FD41868D6C6EAA20&pos=1&price=49.90&productid=602926&sid=12003&type=offer,0,/prix/602926/bosch-psm-80-a.html
100,12039,"Ponceuse mul­ti­fonc­tion Bosch PSM 80 A, 80 W",56.28,EUR,false,Rakuten.com FR,/go/983555324.html?categoryId=3706&offerKey=2484f6333d05fe6a416aedae62d9ecc2&offerListId=602926-ED18EF20334FAE69FD41868D6C6EAA20&pos=2&price=56.28&productid=602926&sid=26246&type=offer,0,/prix/602926/bosch-psm-80-a.html
101,12039,Mul­ti­schlei­fer PSM 80 A - Werkzeug (divers),57.06,EUR,false,Rakuten.com FR,/go/3220425493442469434.html?categoryId=3706&offerKey=cef50ac5cce5c57a59816131aa27b33f&offerListId=602926-ED18EF20334FAE69FD41868D6C6EAA20&pos=3&price=57.06&productid=602926&sid=26246&type=offer,0,/prix/602926/bosch-psm-80-a.html
102,12039,"Bosch Ponceuse mul­ti­fonc­tion ""PSM 80 A"" 80 W",58.63,EUR,false,Rueducommerce.fr (Marketplace),/go/3213755999150152264.html?categoryId=3706&offerKey=6a907af059c38cbb91df5b17219258e4&offerListId=602926-ED18EF20334FAE69FD41868D6C6EAA20&pos=4&price=58.63&productid=602926&sid=25482&type=offer,0,/prix/602926/bosch-psm-80-a.html
103,12039,"Bosch Ponceuse mul­ti­fonc­tion ""PSM 80 A"" 80 W",60.56,EUR,false,Rueducommerce.fr (Marketplace),/go/3214620874760001264.html?categoryId=3706&offerKey=80f4eede6c060a9237a12f6e45f7c9a4&offerListId=602926-ED18EF20334FAE69FD41868D6C6EAA20&pos=5&price=60.56&productid=602926&sid=25482&type=offer,0,/prix/602926/bosch-psm-80-a.html
104,12039,"
document.getElementById(""result-5-offerinfo"").title = document.getElementById(""result-5-offerinfo"").innerHTML = idealoApp.getContents('q@D49 _e_bbdc___ !@?46FD6 |F=E: UBF@Ejt2DJUBF@Ej !$| g_ p 2G64 r@77C6E 6E b u6F:==6D p3C2D:G6D');
",60.88,EUR,false,PATNER  IBERIA,/go/3221977166375820798.html?categoryId=3706&offerKey=825bb07655838623e953f9eee9023139&offerListId=602926-ED18EF20334FAE69FD41868D6C6EAA20&pos=6&price=60.88&productid=602926&sid=24573&type=offer,0,/prix/602926/bosch-psm-80-a.html
105,12039,Ponceuse mul­ti­fonc­tion PSM80A,61.12,EUR,false,Ubaldi.com (Marketplace),/go/3221509514769470550.html?categoryId=3706&offerKey=b66eedb18a848652f5df06df83cb8848&offerListId=602926-ED18EF20334FAE69FD41868D6C6EAA20&pos=7&price=61.12&productid=602926&sid=316737&type=offer,0,/prix/602926/bosch-psm-80-a.html
106,12039,"Bosch Ponceuse mul­ti­fonc­tion ""PSM 80 A"" 80 W",62.4,EUR,false,Rueducommerce.fr (Marketplace),/go/3213755878079471115.html?categoryId=3706&offerKey=938078b7acde504436285b6f4fc076e7&offerListId=602926-ED18EF20334FAE69FD41868D6C6EAA20&pos=8&price=62.40&productid=602926&sid=25482&type=offer,0,/prix/602926/bosch-psm-80-a.html
107,12039,"
document.getElementById(""result-8-offerinfo"").title = document.getElementById(""result-8-offerinfo"").innerHTML = idealoApp.getContents('q~$rw !$|g_p _e_bbdc___ {tUD9Jj\'xUD9JjvpUD9Jj%#xrt ~#qx%p{t !p{|p#t !~%t}+p g_ (p%%');
",62.47,EUR,false,dagimarket,/go/3252516820533381121.html?categoryId=3706&offerKey=0c94631dfbd6981b5932c2119bb430b3&offerListId=602926-ED18EF20334FAE69FD41868D6C6EAA20&pos=9&price=62.47&productid=602926&sid=24572&type=offer,0,/prix/602926/bosch-psm-80-a.html
108,12039,"Bosch Ponceuse mul­ti­fonc­tion ""PSM 80 A"" 80 W",67.64,EUR,false,Rueducommerce.fr (Marketplace),/go/3213755815309618558.html?categoryId=3706&offerKey=b9a08df13f17d32dbf366129a494fd10&offerListId=602926-ED18EF20334FAE69FD41868D6C6EAA20&pos=10&price=67.64&productid=602926&sid=25482&type=offer,0,/prix/602926/bosch-psm-80-a.html
109,12039,Bosch PSM 80 A (0.603.354.000),73.11,EUR,false,ManoMano.fr,/go/8818215279.html?categoryId=3706&offerKey=cd0181db9776986aee8ec76f7194929c&offerListId=602926-ED18EF20334FAE69FD41868D6C6EAA20&pos=11&price=73.11&productid=602926&sid=291209&type=offer,0,/prix/602926/bosch-psm-80-a.html
110,12039,"Bosch Ponceuse mul­ti­fonc­tion ""PSM 80 A"" 80 W",74.65,EUR,false,Rueducommerce.fr (Marketplace),/go/3260992790076588360.html?categoryId=3706&offerKey=0d9e9f7eb2c165a95d21729c5dedbca3&offerListId=602926-ED18EF20334FAE69FD41868D6C6EAA20&pos=12&price=74.65&productid=602926&sid=25482&type=offer,0,/prix/602926/bosch-psm-80-a.html
111,12039,"Bosch Ponceuse mul­ti­fonc­tion ""PSM 80 A"" 80 W",80.26,EUR,false,Rueducommerce.fr (Marketplace),/go/3213756327624977546.html?categoryId=3706&offerKey=f2e66c5aa4274fb73286af80c7f33f4f&offerListId=602926-ED18EF20334FAE69FD41868D6C6EAA20&pos=13&price=80.26&productid=602926&sid=25482&type=offer,0,/prix/602926/bosch-psm-80-a.html
