,index_data,product_name,product_price,currency,voucher,shop_name,url_origin,url_image,id_page
0,9188,"Sikacryl+, Mastic acrylique spécial fissures pour finitions et joints en intérieur et extérieur, 300ml, Chêne",3.99,EUR,false,Amazon.fr,/go/3152477964885568483.html?price=3.99&sid=12003&type=oc_offer,0,/type/7612894426144.html
1,9188,SIKA Mastic - Spécial fissure et joint de menuiserie et maçonnerie - Chêne - 300 mL,3.99,EUR,false,Cdiscount.com,/go/3166983210273877000.html?price=3.99&sid=29061&type=oc_offer,0,/type/7612894426144.html
2,9188,SIKA Mastic - Spécial fissure et joint de menuiserie et maçonnerie - Chene - 300 mL,5.1,EUR,false,Rakuten.com FR,/go/3163592692374451108.html?price=5.10&sid=26246&type=oc_offer,0,/type/7612894426144.html
3,9188,"Sikacryl+, Mastic acrylique spécial fissures pour finitions et joints en intérieur et extérieur, 300ml, Chêne",5.37,EUR,false,espace-bricolage,/go/3211116588990205999.html?price=5.37&sid=24573&type=oc_offer,0,/type/7612894426144.html
4,9188,Mastic acrylique SIKA Sikacryl Plus - Chêne - 300ml,5.6,EUR,false,ManoMano.fr,/go/3188711276115137760.html?price=5.60&sid=291209&type=oc_offer,0,/type/7612894426144.html
5,9188,"Pistolet à colle, colle Sika Sika mastic - spécial fissure et joint de menuiserie et maçonnerie - chene - 300 ml",12.36,EUR,false,Darty.com (Marketplace),/go/3208673872142406631.html?price=12.36&sid=316364&type=oc_offer,0,/type/7612894426144.html
6,9190,"Sikaflex Façade, Mastic-colle souple pour joints en façade et petits collages extérieurs, 300ml, Ton pierre",9.22,EUR,false,espace-bricolage,/go/3214920627343331776.html?price=9.22&sid=24573&type=oc_offer,0,/type/7612894977592.html
7,9190,SIKA - Mastic-colle souple pour joints de façade - Ton Pierre - 380 g,11.9,EUR,false,Rakuten.com FR,/go/3163592692393325477.html?price=11.90&sid=26246&type=oc_offer,0,/type/7612894977592.html
8,9190,"Sikaflex Façade, Mastic-colle souple pour joints en façade et petits collages extérieurs, 300ml, Ton pierre",12.05,EUR,false,Amazon.fr,/go/3173014494429321381.html?price=12.05&sid=12003&type=oc_offer,0,/type/7612894977592.html
9,9190,Mastic-colle élastique SIKA Sikaflex Façade - Ton pierre - 300ml,12.14,EUR,false,ManoMano.fr,/go/3181278176248603435.html?price=12.14&sid=291209&type=oc_offer,0,/type/7612894977592.html
10,9190,"Pistolet à colle, colle Sika Sika - mastic-colle souple pour joints de façade - ton pierre - 380 g",12.69,EUR,false,Darty.com (Marketplace),/go/3208673874587695980.html?price=12.69&sid=316364&type=oc_offer,0,/type/7612894977592.html
11,9195,"Sika Stop Tout en Un, Traitement algicide, fongicide et désincrustant, 5L, Transparent",18.38,EUR,false,espace-bricolage,/go/3211250615608937373.html?price=18.38&sid=24573&type=oc_offer,0,/type/7612895347370.html
12,9195,SIKA Traitement anti-mousse et désincrustant de façade - 5 L,19.4,EUR,false,Rakuten.com FR,/go/3163192343400560579.html?price=19.40&sid=26246&type=oc_offer,0,/type/7612895347370.html
13,9195,"Sika Stop Tout en Un, Traitement algicide, fongicide et désincrustant, 5L, Transparent",21.5,EUR,false,Amazon.fr,/go/3160544907706251537.html?price=21.50&sid=12003&type=oc_offer,0,/type/7612895347370.html
14,9195,Traitement curatif et désincrustant SIKA SikaStop Tout en 1 - 5L,22.3,EUR,false,ManoMano.fr,/go/3188711074067127154.html?price=22.30&sid=291209&type=oc_offer,0,/type/7612895347370.html
15,9195,"Pistolet à colle, colle Sika Sika traitement anti-mousse et désincrustant de façade - 5 l",26.07,EUR,false,Darty.com (Marketplace),/go/3208673871299358419.html?price=26.07&sid=316364&type=oc_offer,0,/type/7612895347370.html
16,9201,"Sikaflex Façade, Mastic-colle souple pour joints en façade et petits collages extérieurs, 300ml, Ton pierre",9.22,EUR,false,espace-bricolage,/go/3214920627343331776.html?price=9.22&sid=24573&type=oc_offer,0,/type/7612894977592.html
17,9201,SIKA - Mastic-colle souple pour joints de façade - Ton Pierre - 380 g,11.9,EUR,false,Rakuten.com FR,/go/3163592692393325477.html?price=11.90&sid=26246&type=oc_offer,0,/type/7612894977592.html
18,9201,"Sikaflex Façade, Mastic-colle souple pour joints en façade et petits collages extérieurs, 300ml, Ton pierre",12.05,EUR,false,Amazon.fr,/go/3173014494429321381.html?price=12.05&sid=12003&type=oc_offer,0,/type/7612894977592.html
19,9201,Mastic-colle élastique SIKA Sikaflex Façade - Ton pierre - 300ml,12.14,EUR,false,ManoMano.fr,/go/3181278176248603435.html?price=12.14&sid=291209&type=oc_offer,0,/type/7612894977592.html
20,9201,"Pistolet à colle, colle Sika Sika - mastic-colle souple pour joints de façade - ton pierre - 380 g",12.69,EUR,false,Darty.com (Marketplace),/go/3208673874587695980.html?price=12.69&sid=316364&type=oc_offer,0,/type/7612894977592.html
21,9204,SIKA Mastic-colle Multi-usages - Blanc - 380 g,6.5,EUR,false,Rakuten.com FR (Occasion),/go/3220577395369061152.html?price=6.50&sid=277809&type=oc_offer,0,/type/3240240003004.html
22,9204,"Sikaflex 11 FC+, Mastic-colle multi-usages et multi-supports, 300ml, Blanc",7.5,EUR,false,Amazon.fr,/go/7324163003.html?price=7.50&sid=12003&type=oc_offer,0,/type/3240240003004.html
23,9204,SIKA Mastic-colle Multi-usages - Blanc - 380 g,7.82,EUR,false,Rakuten.com FR,/go/3163592691946630989.html?price=7.82&sid=26246&type=oc_offer,0,/type/3240240003004.html
24,9204,"Sikaflex 11 FC+, Mastic-colle multi-usages et multi-supports, 300ml, Blanc",9.84,EUR,false,espace-bricolage,/go/3240393873387684840.html?price=9.84&sid=24573&type=oc_offer,0,/type/3240240003004.html
25,9204,Mastic colle polyuréthane SIKA Sikaflex 11 FC Plus - Blanc - 380g,10.22,EUR,false,ManoMano.fr,/go/3188711263804855484.html?price=10.22&sid=291209&type=oc_offer,0,/type/3240240003004.html
26,9204,"Pistolet à colle, colle Sika Sika mastic-colle multi-usages - blanc - 380 g",12.28,EUR,false,Darty.com (Marketplace),/go/3208673872308088609.html?price=12.28&sid=316364&type=oc_offer,0,/type/3240240003004.html
27,9204,"Sikaflex 11 FC+, Mastic-colle multi-usages et multi-supports, 300ml, Blanc",12.99,EUR,false,,/go/3245510365265526902.html?price=12.99&sid=24573&type=oc_offer,0,/type/3240240003004.html
28,9204,Sika Sikaflex 11 Fc professionnel blanc,20.82,EUR,false,Rueducommerce.fr (Marketplace),/go/3213756364908138687.html?price=20.82&sid=25482&type=oc_offer,0,/type/3240240003004.html
29,9205,"Sikaflex 11 FC+, Mastic-colle multi-usages et multi-supports, 300ml, Beige",9.76,EUR,false,espace-bricolage,/go/3211115843381370057.html?price=9.76&sid=24573&type=oc_offer,0,/type/7612894067910.html
30,9205,SIKA Mastic-colle Multi-usages - Beige - 380 g,10.0,EUR,false,Rakuten.com FR,/go/3163592691556550012.html?price=10.00&sid=26246&type=oc_offer,0,/type/7612894067910.html
31,9205,"Sikaflex 11 FC+, Mastic-colle multi-usages et multi-supports, 300ml, Beige",10.22,EUR,false,Amazon.fr,/go/7309746654.html?price=10.22&sid=12003&type=oc_offer,0,/type/7612894067910.html
32,9205,Mastic colle polyuréthane SIKA Sikaflex 11 FC Plus - Beige - 380g,10.22,EUR,false,ManoMano.fr,/go/3188711196840697688.html?price=10.22&sid=291209&type=oc_offer,0,/type/7612894067910.html
33,9205,"Pistolet à colle, colle Sika Sika mastic-colle multi-usages - beige - 380 g",11.1,EUR,false,Darty.com (Marketplace),/go/3208673871915924094.html?price=11.10&sid=316364&type=oc_offer,0,/type/7612894067910.html
34,9283,SIKA - Mastic pour joints de couverture - 310 ml,6.35,EUR,false,Rakuten.com FR,/go/3163592691613184906.html?price=6.35&sid=26246&type=oc_offer,0,/type/3240240010460.html
35,9283,Mastic butyl SIKA Mastic Couverture - Gris - 310ml,7.34,EUR,false,ManoMano.fr,/go/3188711222604217120.html?price=7.34&sid=291209&type=oc_offer,0,/type/3240240010460.html
36,9283,"Sika Mastic Couverture, Mastic Butyle pour joints et raccord d'éléments de couverture, 310ml, Gris",7.34,EUR,false,espace-bricolage,/go/3226914174793680938.html?price=7.34&sid=24573&type=oc_offer,0,/type/3240240010460.html
37,9283,"Sika Mastic Couverture, Mastic Butyle pour joints et raccord d'éléments de couverture, 310ml, Gris",9.05,EUR,false,Amazon.fr,/go/7343776336.html?price=9.05&sid=12003&type=oc_offer,0,/type/3240240010460.html
38,9283,"Pistolet à colle, colle Sika Sika - mastic pour joints de couverture - 310 ml",9.05,EUR,false,Darty.com (Marketplace),/go/3208673872528283864.html?price=9.05&sid=316364&type=oc_offer,0,/type/3240240010460.html
39,9391,"Sika Multiseal, Bande d'étanchéité autocollante résistante à la déchirure, 150mm x 3m, Aluminium",13.1,EUR,false,Amazon.fr,/go/7356381673.html?price=13.10&sid=12003&type=oc_offer,0,/type/7612894579772.html
40,9391,SIKA - Bande d'étanchéité autocollante a froid -Aluminium - 3m x 150 mm,13.5,EUR,false,Rakuten.com FR,/go/3168608834360974534.html?price=13.50&sid=26246&type=oc_offer,0,/type/7612894579772.html
41,9391,"Sika Multiseal, Bande d'étanchéité autocollante résistante à la déchirure, 150mm x 3m, Aluminium",13.69,EUR,false,espace-bricolage,/go/3228952522481729992.html?price=13.69&sid=24573&type=oc_offer,0,/type/7612894579772.html
42,9391,"Pistolet à colle, colle Sika Sika - bande d'étanchéité autocollante a froid -aluminium - 3m x 150 mm",14.39,EUR,false,Darty.com (Marketplace),/go/3208673893441079468.html?price=14.39&sid=316364&type=oc_offer,0,/type/7612894579772.html
43,9391,Bande d'étanchéité bitumineuse SIKA SikaMultiSeal - Alu - 150mm x 3m,15.9,EUR,false,ManoMano.fr,/go/3188711175741249419.html?price=15.90&sid=291209&type=oc_offer,0,/type/7612894579772.html
44,9391,Bande d'étanchéité bitumineuse SIKA SikaMultiSeal - Alu - 150mm x 3m,19.07,EUR,false,Ubaldi.com (Marketplace),/go/3222693904272858592.html?price=19.07&sid=316737&type=oc_offer,0,/type/7612894579772.html
45,9391,Sika Bande d'étanchéité autocollante a froid -aluminium - 3m x 150 mm,20.55,EUR,false,Rueducommerce.fr (Marketplace),/go/3269189518026080281.html?price=20.55&sid=25482&type=oc_offer,0,/type/7612894579772.html
46,9391,Sika Bande d'étanchéité autocollante a froid -aluminium - 3m x 150 mm,25.36,EUR,false,Rueducommerce.fr (Marketplace),/go/3251946852313991735.html?price=25.36&sid=25482&type=oc_offer,0,/type/7612894579772.html
47,9391,Sika Bande d'étanchéité autocollante a froid -aluminium - 3m x 150 mm,27.23,EUR,false,Rueducommerce.fr (Marketplace),/go/3267513047047995464.html?price=27.23&sid=25482&type=oc_offer,0,/type/7612894579772.html
48,9407,Pistolet SIKA Easy-gun - Adaptable sur toute visseuse - 506160,28.0,EUR,false,Rakuten.com FR (Occasion),/go/3261744009747367460.html?price=28.00&sid=277809&type=oc_offer,0,/type/7612895268613.html
49,9407,Pistolet SIKA Easy-gun - Adaptable sur toute visseuse - 506160,33.9,EUR,false,Rakuten.com FR,/go/3185091752488864680.html?price=33.90&sid=26246&type=oc_offer,0,/type/7612895268613.html
50,9407,Pistolet easy gun pour visseuse perceuse sika,39.9,EUR,false,Alexis-robert-bricolage.com,/go/3222599243151704345.html?price=39.90&sid=288310&type=oc_offer,0,/type/7612895268613.html
51,9407,Pistolet à mastic SIKA EasyGun - Noir,41.44,EUR,false,ManoMano.fr,/go/6691221750.html?price=41.44&sid=291209&type=oc_offer,0,/type/7612895268613.html
52,9407,"Sika Easy Gun, Pistolet à cartouche (colle, mastic, silicone) adaptable sur visseuse et perceuses, ,",47.47,EUR,false,Amazon.fr,/go/3152560360165224779.html?price=47.47&sid=12003&type=oc_offer,0,/type/7612895268613.html
53,9407,"Pistolet à colle, colle Sika Pistolet à mastic sika easygun",55.8,EUR,false,Darty.com (Marketplace),/go/3223133628762423955.html?price=55.80&sid=316364&type=oc_offer,0,/type/7612895268613.html
54,9407,SIKA Pistolet pour cartouche s'adaptant aux perceuses,56.58,EUR,false,Rueducommerce.fr (Marketplace),/go/3213753904978212790.html?price=56.58&sid=25482&type=oc_offer,0,/type/7612895268613.html
55,9407,SIKA Pistolet pour cartouche s'adaptant aux perceuses,56.59,EUR,false,Rueducommerce.fr (Marketplace),/go/3214086966104564416.html?price=56.59&sid=25482&type=oc_offer,0,/type/7612895268613.html
56,9407,Pistolet à mastic SIKA EasyGun,58.79,EUR,false,Ubaldi.com (Marketplace),/go/3221572821675153126.html?price=58.79&sid=316737&type=oc_offer,0,/type/7612895268613.html
57,9407,SIKA Pistolet pour cartouche s'adaptant aux perceuses,61.99,EUR,false,Rueducommerce.fr (Marketplace),/go/3213756508640655497.html?price=61.99&sid=25482&type=oc_offer,0,/type/7612895268613.html
58,9407,Sika Easy Gun Pistolet à cartouche colle mastic silicone adaptable sur visse...,64.63,EUR,false,lecornerfrancais,/go/3267555698461903462.html?price=64.63&sid=24572&type=oc_offer,0,/type/7612895268613.html
59,9518,Désactivant de surface SIKA SikaCem Désactivant 0-1 - Rose - 20L,316.9,EUR,false,Rakuten.com FR,/go/3212626618031810951.html?price=316.90&sid=26246&type=oc_offer,0,/type/7612895367347.html
60,9518,Désactivant de surface SIKA SikaCem Désactivant 0-1 - Rose - 20L,348.87,EUR,false,ManoMano.fr,/go/3212997837438585513.html?price=348.87&sid=291209&type=oc_offer,0,/type/7612895367347.html
61,9518,"SikaCem Désactivant 0-1, Micro-désactivant pour espaces piétonniers et terrassess. Aspect beton sablé, 20L, Rose",348.87,EUR,false,espace-bricolage,/go/3212152626378452845.html?price=348.87&sid=24573&type=oc_offer,0,/type/7612895367347.html
62,9518,Désactivant de surface SIKA SikaCem Désactivant 0-1 - Rose - 20L,348.87,EUR,false,espace-bricolage,/go/3265427185801888784.html?price=348.87&sid=24572&type=oc_offer,0,/type/7612895367347.html
63,9518,Désactivant de surface SIKA SikaCem Désactivant 0-1 - Rose - 20L,348.87,EUR,false,Ubaldi.com (Marketplace),/go/3222693904270762719.html?price=348.87&sid=316737&type=oc_offer,0,/type/7612895367347.html
64,9528,"Sikacryl+, Mastic acrylique spécial fissures pour finitions et joints en intérieur et extérieur, 300ml, Chêne",3.99,EUR,false,Amazon.fr,/go/3152477964885568483.html?price=3.99&sid=12003&type=oc_offer,0,/type/7612894426144.html
65,9528,SIKA Mastic - Spécial fissure et joint de menuiserie et maçonnerie - Chêne - 300 mL,3.99,EUR,false,Cdiscount.com,/go/3166983210273877000.html?price=3.99&sid=29061&type=oc_offer,0,/type/7612894426144.html
66,9528,SIKA Mastic - Spécial fissure et joint de menuiserie et maçonnerie - Chene - 300 mL,5.1,EUR,false,Rakuten.com FR,/go/3163592692374451108.html?price=5.10&sid=26246&type=oc_offer,0,/type/7612894426144.html
67,9528,"Sikacryl+, Mastic acrylique spécial fissures pour finitions et joints en intérieur et extérieur, 300ml, Chêne",5.37,EUR,false,espace-bricolage,/go/3211116588990205999.html?price=5.37&sid=24573&type=oc_offer,0,/type/7612894426144.html
68,9528,Mastic acrylique SIKA Sikacryl Plus - Chêne - 300ml,5.6,EUR,false,ManoMano.fr,/go/3188711276115137760.html?price=5.60&sid=291209&type=oc_offer,0,/type/7612894426144.html
69,9528,"Pistolet à colle, colle Sika Sika mastic - spécial fissure et joint de menuiserie et maçonnerie - chene - 300 ml",12.36,EUR,false,Darty.com (Marketplace),/go/3208673872142406631.html?price=12.36&sid=316364&type=oc_offer,0,/type/7612894426144.html
70,9530,"Sika Multiseal, Bande d'étanchéité autocollante résistante à la déchirure, 100mm x 10m, Gris",21.45,EUR,false,espace-bricolage,/go/3211115843687551112.html?price=21.45&sid=24573&type=oc_offer,0,/type/7612894021929.html
71,9530,"Bande d'étanchéité Sika multiseal gris 100 mm x 10 m, par 3",22.4,EUR,false,Rakuten.com FR,/go/3163348699334062217.html?price=22.40&sid=26246&type=oc_offer,0,/type/7612894021929.html
72,9530,"Pistolet à colle, colle Sika Sika - bande d'étanchéité autocollante a froid - gris - 10 m x 100 mm",24.53,EUR,false,Darty.com (Marketplace),/go/3208673871699907511.html?price=24.53&sid=316364&type=oc_offer,0,/type/7612894021929.html
73,9530,Bande d'étanchéité bitumineuse SIKA SikaMultiSeal - Gris - 100mm x 10m,25.17,EUR,false,ManoMano.fr,/go/3188711107814500053.html?price=25.17&sid=291209&type=oc_offer,0,/type/7612894021929.html
74,9530,Bande d'étanchéité bitumineuse SIKA SikaMultiSeal - Gris - 100mm x 10m,25.33,EUR,false,Ubaldi.com (Marketplace),/go/3222693904289638107.html?price=25.33&sid=316737&type=oc_offer,0,/type/7612894021929.html
75,9530,"Sika Multiseal, Bande d'étanchéité autocollante résistante à la déchirure, 100mm x 10m, Gris",28.7,EUR,false,Amazon.fr,/go/7350478273.html?price=28.70&sid=12003&type=oc_offer,0,/type/7612894021929.html
76,9530,Sika Bande d'étanchéité autocollante a froid - Gris - 10 m x 100 mm,35.53,EUR,false,Rueducommerce.fr (Marketplace),/go/3251945282362935905.html?price=35.53&sid=25482&type=oc_offer,0,/type/7612894021929.html
77,9530,Sika Bande d'étanchéité autocollante a froid - Gris - 10 m x 100 mm,36.46,EUR,false,Rueducommerce.fr (Marketplace),/go/3251937017719686339.html?price=36.46&sid=25482&type=oc_offer,0,/type/7612894021929.html
78,9530,Sika Bande d'étanchéité autocollante a froid - Gris - 10 m x 100 mm,40.18,EUR,false,Rueducommerce.fr (Marketplace),/go/3252117794967257115.html?price=40.18&sid=25482&type=oc_offer,0,/type/7612894021929.html
79,9530,Sika Bande d'étanchéité autocollante a froid - Gris - 10 m x 100 mm,44.81,EUR,false,Rueducommerce.fr (Marketplace),/go/3251936975642429261.html?price=44.81&sid=25482&type=oc_offer,0,/type/7612894021929.html
80,9533,"Sikaflex Crystal Clear, Mastic-colle Transparent multi-usages, 300g, Transparent",6.99,EUR,false,Amazon.fr,/go/3226529508108535929.html?price=6.99&sid=12003&type=oc_offer,0,/type/7612895252513.html
81,9533,SIKA Mastic-colle - Transparent - Multi-usages - 290 g,6.99,EUR,false,Cdiscount.com,/go/3182864285319574094.html?price=6.99&sid=29061&type=oc_offer,0,/type/7612895252513.html
82,9533,Mastic sikaflex multi-usages 100% transparent crystal clear,8.03,EUR,false,Rakuten.com FR,/go/3163592692911322037.html?price=8.03&sid=26246&type=oc_offer,0,/type/7612895252513.html
83,9533,Mastic colle multi-usages Sikaflex Crystal 300g Transparent,8.38,EUR,false,Toolstation.fr,/go/3256158050951629481.html?price=8.38&sid=311283&type=oc_offer,0,/type/7612895252513.html
84,9533,"Sikaflex Crystal Clear, Mastic-colle Transparent multi-usages, 300g, Transparent",9.59,EUR,false,espace-bricolage,/go/3228001588675086480.html?price=9.59&sid=24573&type=oc_offer,0,/type/7612895252513.html
85,9533,Mastic colle multi-usage SIKA Sikaflex Crystal Clear - Transparent - 300ml,10.26,EUR,false,ManoMano.fr,/go/3188711263916004543.html?price=10.26&sid=291209&type=oc_offer,0,/type/7612895252513.html
86,9533,Mastic colle transparent Sikaflex Crystal Clear multi-usage intérieur et extérieur 290ml,11.35,EUR,false,Quincaillerie.pro,/go/3172020801314496652.html?price=11.35&sid=279458&type=oc_offer,0,/type/7612895252513.html
87,9533,"Pistolet à colle, colle Sika Sika mastic-colle - transparent - multi-usages - 290 g",11.53,EUR,false,Darty.com (Marketplace),/go/3208673874826768704.html?price=11.53&sid=316364&type=oc_offer,0,/type/7612895252513.html
88,9533,Colle mastic transparente crystal clear sikaflex 290 ml 300 g sika,11.9,EUR,false,Alexis-robert-bricolage.com,/go/3222599243076217358.html?price=11.90&sid=288310&type=oc_offer,0,/type/7612895252513.html
89,9533,Sika Mastic-colle - Transparent - Multi-usages - 290 g,20.74,EUR,false,Rueducommerce.fr (Marketplace),/go/3268780857933957481.html?price=20.74&sid=25482&type=oc_offer,0,/type/7612895252513.html
90,9538,"SikaCem Désactivant 2-4, Désactivant de surface aspect gravillons lavés pour aménagements urbains et privés, 20L, Bleu",273.97,EUR,false,espace-bricolage,/go/3211823933057673673.html?price=273.97&sid=24573&type=oc_offer,0,/type/7612895380544.html
91,9538,"SikaCem Désactivant 2-4, Désactivant de surface aspect gravillons lavés pour aménagements urbains et privés, 20L, Bleu",283.28,EUR,false,Amazon.fr,/go/3177611096225755032.html?price=283.28&sid=12003&type=oc_offer,0,/type/7612895380544.html
92,9538,Désactivant de surface SIKA SikaCem Désactivant 2-4 - Bleu - 20L,289.9,EUR,false,Rakuten.com FR,/go/3212626618270888277.html?price=289.90&sid=26246&type=oc_offer,0,/type/7612895380544.html
93,9538,Désactivant de surface SIKA SikaCem Désactivant 2-4 - Bleu - 20L,301.41,EUR,false,ManoMano.fr,/go/3212997679810350955.html?price=301.41&sid=291209&type=oc_offer,0,/type/7612895380544.html
94,9538,Désactivant de surface SIKA SikaCem Désactivant 2-4 - Bleu - 20L,348.87,EUR,false,Ubaldi.com (Marketplace),/go/3222693904356741022.html?price=348.87&sid=316737&type=oc_offer,0,/type/7612895380544.html
95,9540,Mastic colle SIKA Sikaflex 11 FC+ Evolution - Marron - 300ml,10.5,EUR,false,Rakuten.com FR,/go/3211171209018347465.html?price=10.50&sid=26246&type=oc_offer,0,/type/7612895412955.html
96,9540,Mastic colle SIKA Sikaflex 11 FC+ Evolution - Marron - 300ml,10.9,EUR,false,espace-bricolage,/go/3211425462043546829.html?price=10.90&sid=24573&type=oc_offer,0,/type/7612895412955.html
97,9540,Mastic colle SIKA Sikaflex 11 FC+ Evolution - Marron - 300ml,14.1,EUR,false,ManoMano.fr,/go/3211407878053178974.html?price=14.10&sid=291209&type=oc_offer,0,/type/7612895412955.html
98,9544,"Sikaflex 291i, Colle-mastic multi-usage spécial marine, 300ml, Blanc",10.9,EUR,false,Amazon.fr,/go/3181383831519233458.html?price=10.90&sid=12003&type=oc_offer,0,/type/7612894815009.html
99,9544,Colle mastic marine SIKA Sikaflex 291i - Blanc - 300ml,11.37,EUR,false,Rakuten.com FR,/go/3211171209181930278.html?price=11.37&sid=26246&type=oc_offer,0,/type/7612894815009.html
100,9544,Colle mastic marine SIKA Sikaflex 291i - Blanc - 300ml,11.7,EUR,false,ManoMano.fr,/go/3211408279982837400.html?price=11.70&sid=291209&type=oc_offer,0,/type/7612894815009.html
101,9544,"Pistolet à colle, colle Sika Colle mastic marine sika sikaflex 291i - blanc - 300ml",13.87,EUR,false,Darty.com (Marketplace),/go/3223133629997655374.html?price=13.87&sid=316364&type=oc_offer,0,/type/7612894815009.html
102,9548,Mastic colle SIKA Sikaflex 11 FC+ Evolution - Gris - 300ml,10.5,EUR,false,Rakuten.com FR,/go/3211171421608749650.html?price=10.50&sid=26246&type=oc_offer,0,/type/7612895412917.html
103,9548,Mastic colle SIKA Sikaflex 11 FC+ Evolution - Gris - 300ml,10.9,EUR,false,ManoMano.fr,/go/3211407976378150839.html?price=10.90&sid=291209&type=oc_offer,0,/type/7612895412917.html
104,9548,Mastic colle SIKA Sikaflex 11 FC+ Evolution - Gris - 300ml,10.9,EUR,false,espace-bricolage,/go/3211425464044229847.html?price=10.90&sid=24573&type=oc_offer,0,/type/7612895412917.html
105,9550,SIKA - Traitement intérieur des murs humides - 0.5L,8.7,EUR,false,Rakuten.com FR,/go/3182933843688566016.html?price=8.70&sid=26246&type=oc_offer,0,/type/3240240014550.html
106,9550,"Imper Mur, Résine pour traitement des murs humides - anti salpêtre, 500ml, Transparent",8.81,EUR,false,espace-bricolage,/go/3211116553875492296.html?price=8.81&sid=24573&type=oc_offer,0,/type/3240240014550.html
107,9550,Résine SIKA Imper mur - 500ml,9.9,EUR,false,ManoMano.fr,/go/3181096910157001052.html?price=9.90&sid=291209&type=oc_offer,0,/type/3240240014550.html
108,9550,"Imper Mur, Résine pour traitement des murs humides - anti salpêtre, 500ml, Transparent",12.41,EUR,false,Amazon.fr,/go/7354365089.html?price=12.41&sid=12003&type=oc_offer,0,/type/3240240014550.html
109,9550,Résine SIKA Imper mur - 500ml,15.13,EUR,false,Ubaldi.com (Marketplace),/go/3222693904549687023.html?price=15.13&sid=316737&type=oc_offer,0,/type/3240240014550.html
110,9550,Produits d'entretien mobilier et surfaces délicates Sika Résine sika imper mur - 500ml,15.18,EUR,false,Darty.com (Marketplace),/go/3223133628563202582.html?price=15.18&sid=316364&type=oc_offer,0,/type/3240240014550.html
111,9553,"Sika Multiseal, Bande d'étanchéité autocollante résistante à la déchirure, 150mm x 10m, Terre cuite",26.27,EUR,false,espace-bricolage,/go/3221953560283454154.html?price=26.27&sid=24573&type=oc_offer,0,/type/7612894036916.html
112,9553,SIKA - Bande d'étanchéité autocollante a froid -Terre Cuite - 10 m x 150 mm,26.9,EUR,false,Rakuten.com FR,/go/3163192768447129970.html?price=26.90&sid=26246&type=oc_offer,0,/type/7612894036916.html
113,9553,Bande d'étanchéité bitumineuse SIKA SikaMultiSeal - Terre Cuite - 150mm x 10m,29.71,EUR,false,ManoMano.fr,/go/3191790226123008917.html?price=29.71&sid=291209&type=oc_offer,0,/type/7612894036916.html
114,9553,"Sika Multiseal, Bande d'étanchéité autocollante résistante à la déchirure, 150mm x 10m, Terre cuite",34.41,EUR,false,Amazon.fr,/go/3185493710922065485.html?price=34.41&sid=12003&type=oc_offer,0,/type/7612894036916.html
115,9553,"Pistolet à colle, colle Sika Bande d'étanchéité bitumineuse sika sikamultiseal - terre cuite - 150mm x 10m",39.18,EUR,false,Darty.com (Marketplace),/go/3223133628561106096.html?price=39.18&sid=316364&type=oc_offer,0,/type/7612894036916.html
116,9553,Bande d'étanchéité bitumineuse SIKA SikaMultiSeal - Terre Cuite - 150mm x 10m,41.06,EUR,false,Ubaldi.com (Marketplace),/go/3246540575500929764.html?price=41.06&sid=316737&type=oc_offer,0,/type/7612894036916.html
117,9553,SIKA Bande d'étanchéité bitumineuse SikaMultiSeal - Terre Cuite - 150mm x 10m,47.09,EUR,false,Rueducommerce.fr (Marketplace),/go/3219187298742572613.html?price=47.09&sid=25482&type=oc_offer,0,/type/7612894036916.html
118,9553,SIKA Bande d'étanchéité bitumineuse SikaMultiSeal - Terre Cuite - 150mm x 10m,47.1,EUR,false,Rueducommerce.fr (Marketplace),/go/3268115803804797950.html?price=47.10&sid=25482&type=oc_offer,0,/type/7612894036916.html
119,9553,SIKA Bande d'étanchéité bitumineuse SikaMultiSeal - Terre Cuite - 150mm x 10m,50.35,EUR,false,Rueducommerce.fr (Marketplace),/go/3219186555851642524.html?price=50.35&sid=25482&type=oc_offer,0,/type/7612894036916.html
120,9553,SIKA Bande d'étanchéité bitumineuse SikaMultiSeal - Terre Cuite - 150mm x 10m,50.86,EUR,false,Rueducommerce.fr (Marketplace),/go/3219186878708201694.html?price=50.86&sid=25482&type=oc_offer,0,/type/7612894036916.html
121,9554,"SikaCem Désactivant 4-6, Désactivant de surface aspect gravillons lavés pour sols extérieurs, 20L, Blanc",225.03,EUR,false,Amazon.fr,/go/3178652644822494128.html?price=225.03&sid=12003&type=oc_offer,0,/type/7612895384634.html
122,9554,"SikaCem Désactivant 4-6, Désactivant de surface aspect gravillons lavés pour sols extérieurs, 20L, Blanc",231.7,EUR,false,espace-bricolage,/go/3211823924545333687.html?price=231.70&sid=24573&type=oc_offer,0,/type/7612895384634.html
123,9554,Désactivant de surface SIKA SikaCem Désactivant 4-6 - Blanc - 20L,245.9,EUR,false,Rakuten.com FR,/go/3212626618342193214.html?price=245.90&sid=26246&type=oc_offer,0,/type/7612895384634.html
124,9554,Désactivant de surface SIKA SikaCem Désactivant 4-6 - Blanc - 20L,259.5,EUR,false,ManoMano.fr,/go/3212997724657956271.html?price=259.50&sid=291209&type=oc_offer,0,/type/7612895384634.html
125,9554,Désactivant de surface SIKA SikaCem Désactivant 4-6 - Blanc - 20L,296.9,EUR,false,Ubaldi.com (Marketplace),/go/3222693904767783237.html?price=296.90&sid=316737&type=oc_offer,0,/type/7612895384634.html
126,9555,SIKA Mastic - Spécial sanitaire anti-moisissure - Blanc - 300 mL,6.7,EUR,false,Rakuten.com FR,/go/3163592691499926906.html?price=6.70&sid=26246&type=oc_offer,0,/type/7612894977172.html
127,9555,"Sika Sanisil, Joint silicone anti-moisissure spécial salle de bain et cuisine, 300ml, Blanc",7.41,EUR,false,espace-bricolage,/go/3240393926229624700.html?price=7.41&sid=24573&type=oc_offer,0,/type/7612894977172.html
128,9555,"Sika Sanisil, Joint silicone anti-moisissure spécial salle de bain et cuisine, 300ml, Blanc",7.6,EUR,false,Amazon.fr,/go/3258483001545197470.html?price=7.60&sid=12003&type=oc_offer,0,/type/7612894977172.html
129,9555,Mastic silicone anti-moisissure SIKA Sanisil - Blanc - 300ml,7.6,EUR,false,ManoMano.fr,/go/3188711225255010927.html?price=7.60&sid=291209&type=oc_offer,0,/type/7612894977172.html
130,9555,"Pistolet à colle, colle Sika Sika mastic - spécial sanitaire anti-moisissure - blanc - 300 ml",17.69,EUR,false,Darty.com (Marketplace),/go/3208673874562527500.html?price=17.69&sid=316364&type=oc_offer,0,/type/7612894977172.html
131,9555,Sika Mastic - Spécial sanitaire anti-moisissure - Blanc - 300 mL,22.28,EUR,false,Rueducommerce.fr (Marketplace),/go/3268780858332416448.html?price=22.28&sid=25482&type=oc_offer,0,/type/7612894977172.html
132,9555,Sika Mastic - Spécial sanitaire anti-moisissure - Blanc - 300 mL,22.31,EUR,false,Rueducommerce.fr (Marketplace),/go/3266428875227269988.html?price=22.31&sid=25482&type=oc_offer,0,/type/7612894977172.html
133,9560,"Sikaflex 11 FC+, Mastic-colle multi-usages et multi-supports, 300ml, Marron",6.99,EUR,false,Amazon.fr,/go/7343506474.html?price=6.99&sid=12003&type=oc_offer,0,/type/3240240003431.html
134,9560,SIKA Mastic-colle Multi-usages - Marron - 380 g,6.99,EUR,false,Cdiscount.com,/go/3247344942586004644.html?price=6.99&sid=29061&type=oc_offer,0,/type/3240240003431.html
135,9560,Mastic colle SIKAFLEX 11 C 300ml marron,8.33,EUR,false,Rakuten.com FR,/go/3163592691753684797.html?price=8.33&sid=26246&type=oc_offer,0,/type/3240240003431.html
136,9560,"Sikaflex 11 FC+, Mastic-colle multi-usages et multi-supports, 300ml, Marron",9.8,EUR,false,espace-bricolage,/go/3216472726875158435.html?price=9.80&sid=24573&type=oc_offer,0,/type/3240240003431.html
137,9560,SIKA Mastic-colle Multi-usages - Marron - 380 g,10.26,EUR,false,ManoMano.fr,/go/3188711194712089187.html?price=10.26&sid=291209&type=oc_offer,0,/type/3240240003431.html
138,9560,"Pistolet à colle, colle Sika Sika mastic-colle multi-usages - marron - 380 g",11.63,EUR,false,Darty.com (Marketplace),/go/3208673872398261713.html?price=11.63&sid=316364&type=oc_offer,0,/type/3240240003431.html
139,9560,"Sikaflex 11 FC+, Mastic-colle multi-usages et multi-supports, 300ml, Marron",14.12,EUR,false,,/go/3245803071736908434.html?price=14.12&sid=24573&type=oc_offer,0,/type/3240240003431.html
140,9560,Sika Mastic colle Sikaflex 11 C 300ml marron,20.74,EUR,false,Rueducommerce.fr (Marketplace),/go/3268780754114445864.html?price=20.74&sid=25482&type=oc_offer,0,/type/3240240003431.html
141,9561,"SikaCem Désactivant 4-6, Désactivant de surface aspect gravillons lavés pour sols extérieurs, 5L, Blanc",54.99,EUR,false,Amazon.fr,/go/3176661279267886513.html?price=54.99&sid=12003&type=oc_offer,0,/type/7612895385419.html
142,9561,SIKACEM Désactivant de surface 4-6 aspect gravillons lavés - 5 L,54.99,EUR,false,Cdiscount.com,/go/3214028987514750022.html?price=54.99&sid=29061&type=oc_offer,0,/type/7612895385419.html
143,9561,Désactivant de surface SIKA SikaCem Désactivant 4-6 - Blanc - 5L,64.02,EUR,false,Rakuten.com FR,/go/3212626617956304421.html?price=64.02&sid=26246&type=oc_offer,0,/type/7612895385419.html
144,9561,"SikaCem Désactivant 4-6, Désactivant de surface aspect gravillons lavés pour sols extérieurs, 5L, Blanc",65.65,EUR,false,espace-bricolage,/go/3211823924142679930.html?price=65.65&sid=24573&type=oc_offer,0,/type/7612895385419.html
145,9561,Produits d'entretien mobilier et surfaces délicates Sika Désactivant de surface sika sikacem désactivant 4-6 - blanc - 5l,67.44,EUR,false,Darty.com (Marketplace),/go/3223133628766619616.html?price=67.44&sid=316364&type=oc_offer,0,/type/7612895385419.html
146,9561,Désactivant de surface SIKA SikaCem Désactivant 4-6 - Blanc - 5L,69.55,EUR,false,ManoMano.fr,/go/3212997511325164582.html?price=69.55&sid=291209&type=oc_offer,0,/type/7612895385419.html
147,9561,Désactivant de surface SIKA SikaCem Désactivant 4-6 - Blanc - 5L,75.17,EUR,false,Ubaldi.com (Marketplace),/go/3222693904318992278.html?price=75.17&sid=316737&type=oc_offer,0,/type/7612895385419.html
148,9565,SIKA Mastic - Spécial fissure et joint de menuiserie et maçonnerie - Acajou - 300 mL,3.99,EUR,false,Cdiscount.com,/go/3166983210305334281.html?price=3.99&sid=29061&type=oc_offer,0,/type/7612894426274.html
149,9565,SIKA Mastic - Spécial fissure et joint de menuiserie et maçonnerie - Acajou - 300 mL,5.1,EUR,false,Rakuten.com FR,/go/3163592691707556749.html?price=5.10&sid=26246&type=oc_offer,0,/type/7612894426274.html
150,9565,"Sikacryl+, Mastic acrylique spécial fissures pour finitions et joints en intérieur et extérieur, 300ml, Acajou",5.6,EUR,false,espace-bricolage,/go/3211100929635921164.html?price=5.60&sid=24573&type=oc_offer,0,/type/7612894426274.html
151,9565,Mastic acrylique SIKA Sikacryl Plus - Acajou - 300ml,7.84,EUR,false,ManoMano.fr,/go/3188711297726297036.html?price=7.84&sid=291209&type=oc_offer,0,/type/7612894426274.html
152,9565,"Pistolet à colle, colle Sika Sika mastic - spécial fissure et joint de menuiserie et maçonnerie - acajou - 300 ml",11.22,EUR,false,Darty.com (Marketplace),/go/3208673872161281003.html?price=11.22&sid=316364&type=oc_offer,0,/type/7612894426274.html
153,9565,"Sikacryl+, Mastic acrylique spécial fissures pour finitions et joints en intérieur et extérieur, 300ml, Acajou",184.58,EUR,false,Amazon.fr,/go/3187712896264049825.html?price=184.58&sid=12003&type=oc_offer,0,/type/7612894426274.html
154,9601,"Fixateur pour mur, Durcisseur de surface, 5L, Blanc",53.57,EUR,false,espace-bricolage,/go/3211115809550119090.html?price=53.57&sid=24573&type=oc_offer,0,/type/7612894203318.html
155,9601,"Fixateur pour mur, Durcisseur de surface, 5L, Blanc",57.51,EUR,false,Amazon.fr,/go/3167464953265272758.html?price=57.51&sid=12003&type=oc_offer,0,/type/7612894203318.html
156,9601,Fixateur pour mur SIKA - 5L - Blanc,57.51,EUR,false,ManoMano.fr,/go/3191253015908590643.html?price=57.51&sid=291209&type=oc_offer,0,/type/7612894203318.html
157,9601,SIKA - Durcisseur de surface pour mur poreux ou dégradés -5L,64.99,EUR,false,Rakuten.com FR,/go/3163192343434110531.html?price=64.99&sid=26246&type=oc_offer,0,/type/7612894203318.html
158,9601,"Pistolet à colle, colle Sika Sika - durcisseur de surface pour mur poreux ou dégradés -5l",64.99,EUR,false,Darty.com (Marketplace),/go/3208673872320663552.html?price=64.99&sid=316364&type=oc_offer,0,/type/7612894203318.html
159,9601,Fixateur pour mur SIKA - 5L,68.62,EUR,false,espace-bricolage,/go/3246178748847884400.html?price=68.62&sid=24572&type=oc_offer,0,/type/7612894203318.html
160,9601,Fixateur pour mur SIKA - 5L,73.91,EUR,false,Ubaldi.com (Marketplace),/go/3222693904553870806.html?price=73.91&sid=316737&type=oc_offer,0,/type/7612894203318.html
161,9606,"Sika Multiseal, Bande d'étanchéité autocollante résistante à la déchirure, 200mm x 10m, Terre cuite",29.65,EUR,false,Amazon.fr,/go/7357840778.html?price=29.65&sid=12003&type=oc_offer,0,/type/7612894358483.html
162,9606,SIKA - Bande d'étanchéité autocollante a froid -Terre Cuite - 10 m x 200 mm,33.28,EUR,false,Rakuten.com FR,/go/3163592691627861860.html?price=33.28&sid=26246&type=oc_offer,0,/type/7612894358483.html
163,9606,"Pistolet à colle, colle Sika Sika - bande d'étanchéité autocollante a froid -terre cuite - 10 m x 200 mm",33.78,EUR,false,Darty.com (Marketplace),/go/3208673875332176287.html?price=33.78&sid=316364&type=oc_offer,0,/type/7612894358483.html
164,9606,"Sika Multiseal, Bande d'étanchéité autocollante résistante à la déchirure, 200mm x 10m, Terre cuite",36.61,EUR,false,espace-bricolage,/go/3229790762321315255.html?price=36.61&sid=24573&type=oc_offer,0,/type/7612894358483.html
165,9606,Sika Bande d'étanchéité autocollante a froid -terre Cuite - 10 m x 200 mm,36.66,EUR,false,Rueducommerce.fr (Marketplace),/go/3265205733339170729.html?price=36.66&sid=25482&type=oc_offer,0,/type/7612894358483.html
166,9606,Sika Bande d'étanchéité autocollante a froid -terre Cuite - 10 m x 200 mm,37.47,EUR,false,Rueducommerce.fr (Marketplace),/go/3251937016306204861.html?price=37.47&sid=25482&type=oc_offer,0,/type/7612894358483.html
167,9606,Bande d'étanchéité bitumineuse SIKA SikaMultiSeal - Terre Cuite - 200mm x 10m,38.14,EUR,false,Ubaldi.com (Marketplace),/go/3222693904467895029.html?price=38.14&sid=316737&type=oc_offer,0,/type/7612894358483.html
168,9606,Bande d'étanchéité bitumineuse SIKA SikaMultiSeal - Terre Cuite - 200mm x 10m,39.51,EUR,false,ManoMano.fr,/go/3188711073142277522.html?price=39.51&sid=291209&type=oc_offer,0,/type/7612894358483.html
169,9606,Sika Bande d'étanchéité autocollante a froid -terre Cuite - 10 m x 200 mm,41.18,EUR,false,Rueducommerce.fr (Marketplace),/go/3253253312874545415.html?price=41.18&sid=25482&type=oc_offer,0,/type/7612894358483.html
170,9606,Sika Bande d'étanchéité autocollante a froid -terre Cuite - 10 m x 200 mm,48.25,EUR,false,Rueducommerce.fr (Marketplace),/go/3251937006632043605.html?price=48.25&sid=25482&type=oc_offer,0,/type/7612894358483.html
171,9610,"Sikacryl+, Mastic acrylique spécial fissures pour finitions et joints en intérieur et extérieur, Lot de 3 cartouches 300ml, Blanc",12.21,EUR,false,espace-bricolage,/go/3211128370481869531.html?price=12.21&sid=24573&type=oc_offer,0,/type/7612894502077.html
172,9610,Mastic acrylique SIKA Sikacryl Plus - Blanc - Lot de 3 cartouches 300ml,12.9,EUR,false,Rakuten.com FR,/go/3211171208796056618.html?price=12.90&sid=26246&type=oc_offer,0,/type/7612894502077.html
173,9610,"Sikacryl+, Mastic acrylique spécial fissures pour finitions et joints en intérieur et extérieur, Lot de 3 cartouches 300ml, Blanc",13.9,EUR,false,Amazon.fr,/go/3169777293742576693.html?price=13.90&sid=12003&type=oc_offer,0,/type/7612894502077.html
174,9610,Mastic acrylique SIKA Sikacryl Plus - Blanc - Lot de 3 cartouches 300ml,14.9,EUR,false,ManoMano.fr,/go/3211408017440375985.html?price=14.90&sid=291209&type=oc_offer,0,/type/7612894502077.html
175,9610,"Pistolet à colle, colle Sika Mastic acrylique sika sikacryl plus - blanc - lot de 3 cartouches 300ml",19.17,EUR,false,Darty.com (Marketplace),/go/3223133629796327124.html?price=19.17&sid=316364&type=oc_offer,0,/type/7612894502077.html
176,9614,SIKA - Bande d'étanchéité autocollante a froid -Terre Cuite - 3m x 225 mm,19.9,EUR,false,Rakuten.com FR,/go/3163592691856447357.html?price=19.90&sid=26246&type=oc_offer,0,/type/7612894022001.html
177,9614,"Sika Multiseal, Bande d'étanchéité autocollante résistante à la déchirure, 225mm x 3m, Terre cuite",20.94,EUR,false,espace-bricolage,/go/3221934572482602973.html?price=20.94&sid=24573&type=oc_offer,0,/type/7612894022001.html
178,9614,"Pistolet à colle, colle Sika Sika - bande d'étanchéité autocollante a froid -terre cuite - 3m x 225 mm",23.4,EUR,false,Darty.com (Marketplace),/go/3208673871878165448.html?price=23.40&sid=316364&type=oc_offer,0,/type/7612894022001.html
179,9614,Bande d'étanchéité bitumineuse SIKA SikaMultiSeal - Terre Cuite - 225mm x 3m,24.28,EUR,false,ManoMano.fr,/go/3188711082273280785.html?price=24.28&sid=291209&type=oc_offer,0,/type/7612894022001.html
180,9614,"Sika Multiseal, Bande d'étanchéité autocollante résistante à la déchirure, 225mm x 3m, Terre cuite",26.64,EUR,false,Amazon.fr,/go/7313381822.html?price=26.64&sid=12003&type=oc_offer,0,/type/7612894022001.html
181,9614,Sika Bande d'étanchéité autocollante a froid -terre Cuite - 3m x 225 mm,32.39,EUR,false,Rueducommerce.fr (Marketplace),/go/3251937016289428654.html?price=32.39&sid=25482&type=oc_offer,0,/type/7612894022001.html
182,9614,Sika Bande d'étanchéité autocollante a froid -terre Cuite - 3m x 225 mm,32.46,EUR,false,Rueducommerce.fr (Marketplace),/go/3251937029381947676.html?price=32.46&sid=25482&type=oc_offer,0,/type/7612894022001.html
183,9614,Bande d'étanchéité bitumineuse SIKA SikaMultiSeal - Terre Cuite - 225mm x 3m,33.23,EUR,false,Ubaldi.com (Marketplace),/go/3222693904394490992.html?price=33.23&sid=316737&type=oc_offer,0,/type/7612894022001.html
184,9614,Sika Bande d'étanchéité autocollante a froid -terre Cuite - 3m x 225 mm,37.81,EUR,false,Rueducommerce.fr (Marketplace),/go/3258641593088870784.html?price=37.81&sid=25482&type=oc_offer,0,/type/7612894022001.html
185,9614,Sika Bande d'étanchéité autocollante a froid -terre Cuite - 3m x 225 mm,65.48,EUR,false,Rueducommerce.fr (Marketplace),/go/3251936969141257985.html?price=65.48&sid=25482&type=oc_offer,0,/type/7612894022001.html
186,9616,SIKA - Durcisseur de surface pour mur poreux ou dégradés -2L,25.4,EUR,false,Rakuten.com FR,/go/3163592692185696917.html?price=25.40&sid=26246&type=oc_offer,0,/type/7612894203288.html
187,9616,"Fixateur pour mur, Durcisseur de surface, 2L, Blanc",29.11,EUR,false,espace-bricolage,/go/3262740872044741883.html?price=29.11&sid=24573&type=oc_offer,0,/type/7612894203288.html
188,9616,Fixateur pour mur SIKA - 2L,29.11,EUR,false,Ubaldi.com (Marketplace),/go/3222693904071526473.html?price=29.11&sid=316737&type=oc_offer,0,/type/7612894203288.html
189,9616,Fixateur pour mur SIKA - 2L - Blanc,33.77,EUR,false,ManoMano.fr,/go/3191253110970396224.html?price=33.77&sid=291209&type=oc_offer,0,/type/7612894203288.html
190,9645,Pistolet GP pour cartouche,5.5,EUR,false,Amazon.fr,/go/3267064458389750246.html?price=5.50&sid=12003&type=oc_offer,0,/type/3240240010026.html
191,9645,Sika - pistolet plastique pour cartouche - 300 ml,15.68,EUR,false,Rakuten.com FR,/go/3219517797275010636.html?price=15.68&sid=26246&type=oc_offer,0,/type/3240240010026.html
192,9645,Sika Pistolet plastique pour cartouche - 300 ml,22.56,EUR,false,Rueducommerce.fr (Marketplace),/go/3254657249399800073.html?price=22.56&sid=25482&type=oc_offer,0,/type/3240240010026.html
