,index_data,product_name,product_price,currency,voucher,shop_name,url_origin,url_image,id_page
0,15073,Stihl MSE 210 C-BQ Tron­çon­neuse électrique - 2100W - 35cm,333.99,EUR,false,Fixami.fr,/go/3235107136226724364.html?categoryId=19144&offerKey=0a4acf9b6d242402d0fa51c7cc83653f&offerListId=4226968-28FBA93D25BFE575D0E0D9D35C345D99&pos=1&price=333.99&productid=4226968&sid=306120&type=offer,0,/prix/4226968/stihl-mse-210-c-bq.html
1,15085,"
document.getElementById(""result-0-offerinfo"").title = document.getElementById(""result-0-offerinfo"").innerHTML = idealoApp.getContents('|F=UD9JjE:\\rFEUD9JjE6C st(p{% $2?D u:= `g\' a]_p9 {:\\x@? $2?D r92C3@?D Z ba p4UD9Jj46DUD9JjD@:C6D r@77C6E %\\$%pz \\ sr$bddsa');
",313.0,EUR,false,Amazon.fr,/go/7307279741.html?categoryId=27733&offerKey=4b7ab60ce370e69ef9b507e9afd2bd18&offerListId=4361605-9818B3E32EAEF6370C20898B58454B88&pos=1&price=313.00&productid=4361605&sid=12003&type=offer,0,/prix/4361605/dewalt-dcs355d2.html
2,15085,Outil mul­ti­fonc­tion DeWalt DCS355D2,313.0,EUR,false,Rotopino.fr,/go/3189951181088626567.html?categoryId=27733&offerKey=a59cd6d011b0e3e7156fea7fd6f333f4&offerListId=4361605-9818B3E32EAEF6370C20898B58454B88&pos=2&price=313.00&productid=4361605&sid=287166&type=offer,0,/prix/4361605/dewalt-dcs355d2.html
3,15085,DeWalt DCS355D2 set outil mul­ti-usage à batterie 18V XR (2x batterie 2.0Ah) dans TSTAK + Accessoire 35 pièces - moteur sans charbon,313.99,EUR,false,Fixami.fr,/go/5060348161.html?categoryId=27733&offerKey=6cfc4d2a7beddc5e6a8a4d158a81627a&offerListId=4361605-9818B3E32EAEF6370C20898B58454B88&pos=3&price=313.99&productid=4361605&sid=306120&type=offer,0,/prix/4361605/dewalt-dcs355d2.html
4,15085,Mul­ti-Cut­ter DEWALT Sans Fil 18V 2.0Ah Li-Ion Sans Charbons + 32 Ac­ces­soires Coffret T-STAK - DCS355D2,333.89,EUR,false,ManoMano.fr,/go/6465084780.html?categoryId=27733&offerKey=f6c7bf408a7aa3d6ed7b4f102201e8ac&offerListId=4361605-9818B3E32EAEF6370C20898B58454B88&pos=4&price=333.89&productid=4361605&sid=291209&type=offer,0,/prix/4361605/dewalt-dcs355d2.html
5,15085,Mul­ti-cut­ter 18V Li-ion 2Ah / Moteur sans charbon - DCS355D2,333.89,EUR,false,Rakuten.com FR,/go/2600410528.html?categoryId=27733&offerKey=94a799b5f3373f35e75c1f3639c9acc4&offerListId=4361605-9818B3E32EAEF6370C20898B58454B88&pos=5&price=333.89&productid=4361605&sid=26246&type=offer,0,/prix/4361605/dewalt-dcs355d2.html
6,15085,Ponceuse à bande Dewalt Dewalt - découpeur ponceur mul­ti­fonc­tion 18v 2ah li-ion (sans charbon) - dcs355d2,333.9,EUR,false,Darty.com (Marketplace),/go/3219855477345098225.html?categoryId=27733&offerKey=07ccf4275305599cd993e54a7777a383&offerListId=4361605-9818B3E32EAEF6370C20898B58454B88&pos=6&price=333.90&productid=4361605&sid=316364&type=offer,0,/prix/4361605/dewalt-dcs355d2.html
7,15085,Dewalt DCS355D2 Mul­ti-cut­ter outil mul­ti­fonc­tion sans charbon 18V,333.9,EUR,false,Rueducommerce.fr (Marketplace),/go/3264631862653355871.html?categoryId=27733&offerKey=72c34f95c8556f0dd1668214ce05e1f7&offerListId=4361605-9818B3E32EAEF6370C20898B58454B88&pos=7&price=333.90&productid=4361605&sid=25482&type=offer,0,/prix/4361605/dewalt-dcs355d2.html
8,15085,"DeWalt DCS355D2 mul­ti-ou­tils sans fil 18 V Li­thium-Ion (Li-Ion) Noir, Jaune, Outil de multi fonction",334.0,EUR,false,Alternate.fr,/go/3262322987228987458.html?categoryId=27733&offerKey=70c6106df185fa3904a17a6565fd90b7&offerListId=4361605-9818B3E32EAEF6370C20898B58454B88&pos=8&price=334.00&productid=4361605&sid=291809&type=offer,0,/prix/4361605/dewalt-dcs355d2.html
9,15085,"
document.getElementById(""result-8-offerinfo"").title = document.getElementById(""result-8-offerinfo"").innerHTML = idealoApp.getContents('|F=UD9JjE:\\rFEUD9JjE6C st(p{% $2?D u:= `g\' a]_p9 {:\\x@? $2?D r92C3@?D Z ba p4UD9Jj46DUD9JjD@:C6D r@77C6E %\\$%pz \\ sr$bddsa');
",363.74,EUR,false,SVH Handels-GmbH,/go/3263556165465800715.html?categoryId=27733&offerKey=d3fc2da7eff3666d7c4490b488472ae9&offerListId=4361605-9818B3E32EAEF6370C20898B58454B88&pos=9&price=363.74&productid=4361605&sid=24573&type=offer,0,/prix/4361605/dewalt-dcs355d2.html
10,15085,Dewalt DCS355D2 Mul­ti-cut­ter outil mul­ti­fonc­tion sans charbon 18V,372.56,EUR,false,Rueducommerce.fr (Marketplace),/go/3215745655251155140.html?categoryId=27733&offerKey=e59a94bae509df027d8b050e3fab5152&offerListId=4361605-9818B3E32EAEF6370C20898B58454B88&pos=10&price=372.56&productid=4361605&sid=25482&type=offer,0,/prix/4361605/dewalt-dcs355d2.html
11,15085,Dewalt DCS355D2 Mul­ti-cut­ter outil mul­ti­fonc­tion sans charbon 18V,373.65,EUR,false,Rueducommerce.fr (Marketplace),/go/3246138875361363064.html?categoryId=27733&offerKey=8085f3890e8956e785c4ea997a08acf0&offerListId=4361605-9818B3E32EAEF6370C20898B58454B88&pos=11&price=373.65&productid=4361605&sid=25482&type=offer,0,/prix/4361605/dewalt-dcs355d2.html
12,15085,mul­ti­fonc­tion DeWalt DCS355D2 18V,375.6,EUR,false,Ubaldi.com (Marketplace),/go/3221509589478412884.html?categoryId=27733&offerKey=0127a7ea5ac37cbc4f7079e4104334f1&offerListId=4361605-9818B3E32EAEF6370C20898B58454B88&pos=12&price=375.60&productid=4361605&sid=316737&type=offer,0,/prix/4361605/dewalt-dcs355d2.html
13,15085,Dewalt DCS355D2 Mul­ti-cut­ter outil mul­ti­fonc­tion sans charbon 18V,376.21,EUR,false,Rueducommerce.fr (Marketplace),/go/3214442811529102869.html?categoryId=27733&offerKey=7eb6cb28f54752fc4eab6b050751e2ed&offerListId=4361605-9818B3E32EAEF6370C20898B58454B88&pos=13&price=376.21&productid=4361605&sid=25482&type=offer,0,/prix/4361605/dewalt-dcs355d2.html
14,15085,Multi Cutter découpeur ponceur mul­ti­fonc­tions Dewalt 18 Volts 2Ah Li-Ion Brushless 32 ac­ces­soires coffret T-STAK DCS355D2,379.18,EUR,false,Master-outillage.com,/go/3155431917736695398.html?categoryId=27733&offerKey=27abee45fc5f5dbe67a3819e9e32a612&offerListId=4361605-9818B3E32EAEF6370C20898B58454B88&pos=14&price=379.18&productid=4361605&sid=282706&type=offer,0,/prix/4361605/dewalt-dcs355d2.html
15,15085,Mul­ti-cut­ter 18V Li-ion / Moteur sans charbon,379.18,EUR,false,Comptoirdespros.com,/go/3256890996195067515.html?categoryId=27733&offerKey=7f87092b0835bc7842b851935b474b24&offerListId=4361605-9818B3E32EAEF6370C20898B58454B88&pos=15&price=379.18&productid=4361605&sid=283959&type=offer,0,/prix/4361605/dewalt-dcs355d2.html
16,15111,"PERCEUSE VISSEUSE LI-ION 10,8V 4AH DF332DSMJ MAKITA DESTOCKAGE",220.0,EUR,false,ManoMano.fr,/go/3190165875011357646.html?categoryId=3687&offerKey=2cbe44b5138d56f67cc5f02b038c3503&offerListId=5129841-8F37B02C1B3951A986D55A5F5F07A660&pos=1&price=220.00&productid=5129841&sid=291209&type=offer,0,/prix/5129841/makita-df332dsmj.html
17,15111,"Makita DF332DSMJ Perceuse visseuse à batteries 10.8V Li-Ion set (2x batterie 4,0ah) dans MAKPAC - moteur sans charbon",220.99,EUR,false,Fixami.fr,/go/7611341620.html?categoryId=3687&offerKey=c6201763a10dc08b3bd4d5423176c299&offerListId=5129841-8F37B02C1B3951A986D55A5F5F07A660&pos=2&price=220.99&productid=5129841&sid=306120&type=offer,0,/prix/5129841/makita-df332dsmj.html
18,15111,"
document.getElementById(""result-2-offerinfo"").title = document.getElementById(""result-2-offerinfo"").innerHTML = idealoApp.getContents('|2\<:E2 !6C46FD6 q2EE6C:6 subbas$|y ) a c[_ p9 r92C86FC 56 q2EE6C:6 52?D |2\<A24');
",221.34,EUR,false,chbaki,/go/3243795520488997027.html?categoryId=3687&offerKey=39013cb3752adad407d6122d8e4f9659&offerListId=5129841-8F37B02C1B3951A986D55A5F5F07A660&pos=3&price=221.34&productid=5129841&sid=24572&type=offer,0,/prix/5129841/makita-df332dsmj.html
19,15111,Coffret perceuse visseuse 12V CXT Li-Ion 4Ah ø10mm + 2 batteries MAKITA DF332DSMJ,247.8,EUR,false,Debonix.fr,/go/3258363251286606872.html?categoryId=3687&offerKey=45adc5d748f8f1e1db22c161dc6f7521&offerListId=5129841-8F37B02C1B3951A986D55A5F5F07A660&pos=4&price=247.80&productid=5129841&sid=277777&type=offer,0,/prix/5129841/makita-df332dsmj.html
20,15111,Perceuse visseuse Makita DF332DSMJ Li-Ion 10.8V 4.0Ah,251.98,EUR,false,Rakuten.com FR,/go/6861339359.html?categoryId=3687&offerKey=5c1e06188d5a8d929004aaf3d8abad0b&offerListId=5129841-8F37B02C1B3951A986D55A5F5F07A660&pos=5&price=251.98&productid=5129841&sid=26246&type=offer,0,/prix/5129841/makita-df332dsmj.html
21,15111,"Perceuse visseuse Makita 10,8 Volts sans fil CXT Li-Ion 4 Ah BL Motor + Coffret MacPac Ø 10 mm DF332DSMJ",256.63,EUR,false,Master-outillage.com,/go/3155423459461310892.html?categoryId=3687&offerKey=8cceb85ad8301af4cc43e181626ba3a1&offerListId=5129841-8F37B02C1B3951A986D55A5F5F07A660&pos=6&price=256.63&productid=5129841&sid=282706&type=offer,0,/prix/5129841/makita-df332dsmj.html
22,15111,"Perceuse Visseuse 10,8V 4Ah Df332Dsmj Makita |",269.73,EUR,false,Clickoutil.com,/go/3221886897049576644.html?categoryId=3687&offerKey=bb42bd27bde1b063c3b558753e7399f0&offerListId=5129841-8F37B02C1B3951A986D55A5F5F07A660&pos=7&price=269.73&productid=5129841&sid=289388&type=offer,0,/prix/5129841/makita-df332dsmj.html
23,15111,"Tournevis pour perceuse à batterie Makita DF332DSMJ, 10,8V, 2x4,0Ah Nouveau",280.25,EUR,false,Heiz24.de (FR),/go/3259186341365154448.html?categoryId=3687&offerKey=da9dd043f59bb061f83eaff21e1afc0d&offerListId=5129841-8F37B02C1B3951A986D55A5F5F07A660&pos=8&price=280.25&productid=5129841&sid=287343&type=offer,0,/prix/5129841/makita-df332dsmj.html
24,15111,"Makita Perceuse visseuse 10,8 V/4,0 Ah - DF332DSMJ",281.9,EUR,false,Mytoolstore.fr,/go/3229324298900473778.html?categoryId=3687&offerKey=18072f7249d35914439ad020bc08785f&offerListId=5129841-8F37B02C1B3951A986D55A5F5F07A660&pos=9&price=281.90&productid=5129841&sid=29224&type=offer,0,/prix/5129841/makita-df332dsmj.html
25,15111,Perceuse visseuse 12 V CXT Li-Ion 4 Ah Ø 10 mm,283.45,EUR,false,Comptoirdespros.com,/go/3226800680993819067.html?categoryId=3687&offerKey=b0673602ed7589b02641da382b63e642&offerListId=5129841-8F37B02C1B3951A986D55A5F5F07A660&pos=10&price=283.45&productid=5129841&sid=283959&type=offer,0,/prix/5129841/makita-df332dsmj.html
26,15111,"Perceuse visseuse MAKITA 10,8 V Li-Ion 4 Ah COMPACT BRUSHLESS CXT Ø 10 mm - DF332DSMJ",288.29,EUR,false,Bati-avenue.com,/go/3174964825528738865.html?categoryId=3687&offerKey=105c3c07347c6501e94fdebec14664f0&offerListId=5129841-8F37B02C1B3951A986D55A5F5F07A660&pos=11&price=288.29&productid=5129841&sid=283034&type=offer,0,/prix/5129841/makita-df332dsmj.html
27,15111,"Makita Perceuse visseuse 10,8 V Li-Ion 4 Ah Compact Brushless Cxt Ø 10 mm - Df332DSMJ",288.29,EUR,false,Rueducommerce.fr (Marketplace),/go/3249402889191293804.html?categoryId=3687&offerKey=5690fff5444630fe11098b469f33a1ce&offerListId=5129841-8F37B02C1B3951A986D55A5F5F07A660&pos=12&price=288.29&productid=5129841&sid=25482&type=offer,0,/prix/5129841/makita-df332dsmj.html
28,15111,"
document.getElementById(""result-12-offerinfo"").title = document.getElementById(""result-12-offerinfo"").innerHTML = idealoApp.getContents('!6CUD9Jj46FD6\\G:DUD9JjD6FD6 D2?D 7:= subbas$|y \\ `_g \' \\ c_ p9 \\ a 32EE6C:6D 6E 492C86FC |2\<A24[ 3=6F[ subbas$|y ad_([ `_]g\'');
",296.07,EUR,false,Solera Telecom AG,/go/3258037218723236201.html?categoryId=3687&offerKey=a4c12b94c12855eda7a0e36c3f0fa28d&offerListId=5129841-8F37B02C1B3951A986D55A5F5F07A660&pos=13&price=296.07&productid=5129841&sid=24573&type=offer,0,/prix/5129841/makita-df332dsmj.html
29,15111,Makita perceuse visseuse 10.8v 4ah - df332dsmj,301.32,EUR,false,Guedo-outillage.fr,/go/6856365822.html?categoryId=3687&offerKey=b71f26da1edc35840c1a4e9f2488f52f&offerListId=5129841-8F37B02C1B3951A986D55A5F5F07A660&pos=14&price=301.32&productid=5129841&sid=69278&type=offer,0,/prix/5129841/makita-df332dsmj.html
30,15111,"Makita Perceuse visseuse 10,8 V Li-Ion 4 Ah Compact Brushless Cxt Ø 10 mm - Df332DSMJ",322.21,EUR,false,Rueducommerce.fr (Marketplace),/go/3214442244148827939.html?categoryId=3687&offerKey=756b62bb3f0d357330945d1d8f82b3ae&offerListId=5129841-8F37B02C1B3951A986D55A5F5F07A660&pos=15&price=322.21&productid=5129841&sid=25482&type=offer,0,/prix/5129841/makita-df332dsmj.html
31,15148,Résine GTS pro Soloplast 500g avec durcisseur,16.0,EUR,false,Rakuten.com FR,/go/5562756307.html?price=16.00&sid=26246&type=oc_offer,0,/type/3168761001753.html
32,15148,Résine de coulée pour inclusion type gts 500g soloplast,16.3,EUR,false,Alexis-robert-bricolage.com,/go/3222599223321040937.html?price=16.30&sid=288310&type=oc_offer,0,/type/3168761001753.html
33,15148,Résine GTS pro Soloplast 500g avec durcisseur,17.65,EUR,false,ManoMano.fr,/go/6437974113.html?price=17.65&sid=291209&type=oc_offer,0,/type/3168761001753.html
34,15148,"SOLOPLAST 127944 Résine type gts pro, Transparent",17.65,EUR,false,espace-bricolage,/go/3177069920598895986.html?price=17.65&sid=24573&type=oc_offer,0,/type/3168761001753.html
35,15148,Résine GTS pro Soloplast 500g avec durcisseur,17.65,EUR,false,Ubaldi.com (Marketplace),/go/3222693905457743385.html?price=17.65&sid=316737&type=oc_offer,0,/type/3168761001753.html
36,15148,"Pistolet à colle, colle Soloplast Résine gts pro soloplast 500g avec durcisseur",17.65,EUR,false,Darty.com (Marketplace),/go/3238317119793793717.html?price=17.65&sid=316364&type=oc_offer,0,/type/3168761001753.html
37,15190,"Makita TD110DSMJ clé pneu­ma­tique Noir, Turquoise, Percuteuse",154.9,EUR,false,Alternate.fr,/go/3188928512633343440.html?categoryId=22699&offerKey=cc709c3a8fa9e343e00736de5e9d3ab5&offerListId=4882561-E6F63EDD4A262FAD80E68ABFEBAF5769&pos=1&price=154.90&productid=4882561&sid=291809&type=offer,0,/prix/4882561/makita-td110dsmj.html
38,15190,"Makita TD110DSMJ Visseuse à chocs à batteries 10.8V Li-Ion set (2x batterie 4,0Ah) dans MAKPAC",160.99,EUR,false,Fixami.fr,/go/3235106664797438180.html?categoryId=22699&offerKey=f69070773af05e85274aa4f469cffe8b&offerListId=4882561-E6F63EDD4A262FAD80E68ABFEBAF5769&pos=2&price=160.99&productid=4882561&sid=306120&type=offer,0,/prix/4882561/makita-td110dsmj.html
39,15190,"Visseuse à chocs Makita sans fil 10,8 Volts Li-Ion 4 Ah CXT 110 Nm Makita TD110DSMJ",182.04,EUR,false,Master-outillage.com,/go/3155423457437559203.html?categoryId=22699&offerKey=092838826c2779aeec33f19c356e5cae&offerListId=4882561-E6F63EDD4A262FAD80E68ABFEBAF5769&pos=3&price=182.04&productid=4882561&sid=282706&type=offer,0,/prix/4882561/makita-td110dsmj.html
40,15190,Visseuse à chocs 12 V CXT Li-Ion 4 Ah 110 Nm,185.5,EUR,false,Comptoirdespros.com,/go/3226800687903934832.html?categoryId=22699&offerKey=7fe19000ab923bf252be6303895f0b4b&offerListId=4882561-E6F63EDD4A262FAD80E68ABFEBAF5769&pos=4&price=185.50&productid=4882561&sid=283959&type=offer,0,/prix/4882561/makita-td110dsmj.html
41,15190,Visseuse à chocs 10.8 V Li-ion 4 Ah CXT 110 Nm MAKITA - TD110DSMJ,187.68,EUR,false,Maxoutil.com,/go/3205050972342598168.html?categoryId=22699&offerKey=eb74472e93a9cfb621878599c9c3c431&offerListId=4882561-E6F63EDD4A262FAD80E68ABFEBAF5769&pos=5&price=187.68&productid=4882561&sid=254364&type=offer,0,/prix/4882561/makita-td110dsmj.html
42,15190,Visseuse À Chocs Cxt 110Nm Td110Dsmj Makita |,191.33,EUR,false,Clickoutil.com,/go/3221886895873066156.html?categoryId=22699&offerKey=b98004ad05d0b51bdb851612776d89c4&offerListId=4882561-E6F63EDD4A262FAD80E68ABFEBAF5769&pos=6&price=191.33&productid=4882561&sid=289388&type=offer,0,/prix/4882561/makita-td110dsmj.html
43,15190,Makita Visseuse à chocs TD110DSMJ Li-Ion 10.8V 4.0Ah,196.01,EUR,false,Rueducommerce.fr (Marketplace),/go/3213752597884183599.html?categoryId=22699&offerKey=b453d220b25fcffa9fa7490310cf7c49&offerListId=4882561-E6F63EDD4A262FAD80E68ABFEBAF5769&pos=7&price=196.01&productid=4882561&sid=25482&type=offer,0,/prix/4882561/makita-td110dsmj.html
44,15190,Makita Visseuse à chocs TD110DSMJ Li-Ion 10.8V 4.0Ah,200.99,EUR,false,Rueducommerce.fr (Marketplace),/go/3235856476618621889.html?categoryId=22699&offerKey=10e8294488413a735ba06598e99d5ea0&offerListId=4882561-E6F63EDD4A262FAD80E68ABFEBAF5769&pos=8&price=200.99&productid=4882561&sid=25482&type=offer,0,/prix/4882561/makita-td110dsmj.html
45,15190,"
document.getElementById(""result-8-offerinfo"").title = document.getElementById(""result-8-offerinfo"").innerHTML = idealoApp.getContents('|2\<:E2 %s_``_s*`y \':DD6FD6 U28C2G6j !6C4FDD:@? D2?D u:=[ `_[g \'[ c p9[ r@77C6E |2\<A24 2G64 a q2EE6C:6D 6E ` r92C86FC[ `_]g G@=ED\'');
",201.41,EUR,false,SEDIVA FR,/go/3264237275736705622.html?categoryId=22699&offerKey=b7b9143f0fb91bae00c8c3af987dde37&offerListId=4882561-E6F63EDD4A262FAD80E68ABFEBAF5769&pos=9&price=201.41&productid=4882561&sid=24573&type=offer,0,/prix/4882561/makita-td110dsmj.html
46,15190,Makita Visseuse à chocs TD110DSMJ Li-Ion 10.8V 4.0Ah,203.38,EUR,false,Rueducommerce.fr (Marketplace),/go/3251030956919752013.html?categoryId=22699&offerKey=ee0cbaccb613747439ed868b04c8a595&offerListId=4882561-E6F63EDD4A262FAD80E68ABFEBAF5769&pos=10&price=203.38&productid=4882561&sid=25482&type=offer,0,/prix/4882561/makita-td110dsmj.html
47,15190,"
document.getElementById(""result-10-offerinfo"").title = document.getElementById(""result-10-offerinfo"").innerHTML = idealoApp.getContents('|2\<:E2 %s_``_s*`y \':DD6FD6 U28C2G6j !6C4FDD:@? D2?D u:=[ `_[g \'[ c p9[ r@77C6E |2\<A24 2G64 a q2EE6C:6D 6E ` r92C86FC[ `_]g G@=ED\'');
",203.44,EUR,false,Amazon.fr,/go/3256036290444919108.html?categoryId=22699&offerKey=eae7a8db4b082b7be3017a0e00d09880&offerListId=4882561-E6F63EDD4A262FAD80E68ABFEBAF5769&pos=11&price=203.44&productid=4882561&sid=12003&type=offer,0,/prix/4882561/makita-td110dsmj.html
48,15190,"Visseuse à chocs MAKITA 10,8 V Li-Ion 4 Ah CXT 110 Nm + coffret - TD110DSMJ",204.49,EUR,false,Bati-avenue.com,/go/3174964798293023707.html?categoryId=22699&offerKey=c0c59c7a22dcaa63d57d92f254649494&offerListId=4882561-E6F63EDD4A262FAD80E68ABFEBAF5769&pos=12&price=204.49&productid=4882561&sid=283034&type=offer,0,/prix/4882561/makita-td110dsmj.html
49,15190,Makita Visseuse à chocs TD110DSMJ Li-Ion 10.8V 4.0Ah,204.49,EUR,false,Rueducommerce.fr (Marketplace),/go/3249402887939294489.html?categoryId=22699&offerKey=2f0c57e28b4d3f5ad1c45af915aea4d6&offerListId=4882561-E6F63EDD4A262FAD80E68ABFEBAF5769&pos=13&price=204.49&productid=4882561&sid=25482&type=offer,0,/prix/4882561/makita-td110dsmj.html
50,15190,Makita TD110DSMJ Blau/ Schwarz Ak­ku-Schlag­schrau­ber,206.87,EUR,false,Rakuten.com FR,/go/5238983128.html?categoryId=22699&offerKey=dda5ea55d73fa563f454d1e4e1962567&offerListId=4882561-E6F63EDD4A262FAD80E68ABFEBAF5769&pos=14&price=206.87&productid=4882561&sid=26246&type=offer,0,/prix/4882561/makita-td110dsmj.html
51,15190,Makita Visseuse à chocs TD110DSMJ Li-Ion 10.8V 4.0Ah,207.77,EUR,false,Rueducommerce.fr (Marketplace),/go/3249946288843653743.html?categoryId=22699&offerKey=ffbd29f6c0f78b89e11b72102c65b8ba&offerListId=4882561-E6F63EDD4A262FAD80E68ABFEBAF5769&pos=15&price=207.77&productid=4882561&sid=25482&type=offer,0,/prix/4882561/makita-td110dsmj.html
52,15205,FARTOOLS ONE - S 16C Scie à chan­tour­ner 85W 400mm - 113254,84.99,EUR,false,Cdiscount.com,/go/9507169523.html?categoryId=22656&offerKey=950e3d462b85b727e00148746697cd4a&offerListId=2590304-2C5BEDC57785675D5FCBDB74751500D2&pos=1&price=84.99&productid=2590304&sid=29061&type=offer,0,/prix/2590304/far-tools-s-16.html
53,15205,FARTOOLS ONE - Scie à chan­tour­ner 85 W,92.86,EUR,false,Rakuten.com FR,/go/1892197783.html?categoryId=22656&offerKey=fd1ce88be3f4b091e998db9797128b11&offerListId=2590304-2C5BEDC57785675D5FCBDB74751500D2&pos=2&price=92.86&productid=2590304&sid=26246&type=offer,0,/prix/2590304/far-tools-s-16.html
54,15205,FARTOOLS Scie a chan­tour­ner 120W 405mm,103.39,EUR,false,ManoMano.fr,/go/6520656120.html?categoryId=22656&offerKey=e1194f631bed97d0dc66e383e68bdbb4&offerListId=2590304-2C5BEDC57785675D5FCBDB74751500D2&pos=3&price=103.39&productid=2590304&sid=291209&type=offer,0,/prix/2590304/far-tools-s-16.html
55,15205,"
document.getElementById(""result-3-offerinfo"").title = document.getElementById(""result-3-offerinfo"").innerHTML = idealoApp.getContents('u2CE@@=D ~?6 ``badc $4:6 U28C2G6j 492?UD9JjE@FCUD9Jj?6C `a_ (');
",103.59,EUR,false,ZOOM ICI,/go/3265652199130137671.html?categoryId=22656&offerKey=724eb3ffaf07e72142e713af51737ca1&offerListId=2590304-2C5BEDC57785675D5FCBDB74751500D2&pos=4&price=103.59&productid=2590304&sid=24573&type=offer,0,/prix/2590304/far-tools-s-16.html
56,15205,Fartools Scie à chan­tour­ner 405 mm S 16C 120 W 230 V - 113254,114.43,EUR,false,Rueducommerce.fr (Marketplace),/go/3223351151460091083.html?categoryId=22656&offerKey=3235ac7ddd083aa7a03f9acfd4706206&offerListId=2590304-2C5BEDC57785675D5FCBDB74751500D2&pos=5&price=114.43&productid=2590304&sid=25482&type=offer,0,/prix/2590304/far-tools-s-16.html
57,15205,Fartools Scie à chan­tour­ner 405 mm S 16C 120 W 230 V - 113254,116.11,EUR,false,Rueducommerce.fr (Marketplace),/go/3221169723829916781.html?categoryId=22656&offerKey=d844eeb54ee20b045e4c5532fad44fef&offerListId=2590304-2C5BEDC57785675D5FCBDB74751500D2&pos=6&price=116.11&productid=2590304&sid=25482&type=offer,0,/prix/2590304/far-tools-s-16.html
58,15205,"
document.getElementById(""result-6-offerinfo"").title = document.getElementById(""result-6-offerinfo"").innerHTML = idealoApp.getContents('up#%~~{$ ~}t $ `e $rxt Up8C2G6j rwp}UD9Jj%~\&#UD9Jj}t# gd (');
",122.39,EUR,false,asdiscountsarl,/go/3265628250031786189.html?categoryId=22656&offerKey=4515449658c973c947625e6c205ef6d1&offerListId=2590304-2C5BEDC57785675D5FCBDB74751500D2&pos=7&price=122.39&productid=2590304&sid=24572&type=offer,0,/prix/2590304/far-tools-s-16.html
59,15218,Défonceuse MAKITA 900W - Coffret Mak-Pac - RP0900XJ,209.88,EUR,false,Maxoutil.com,/go/6765735088.html?price=209.88&sid=254364&type=oc_offer,0,/type/88381641333.html
60,15218,Défonceuse MAKITA 900W - Coffret Mak-Pac - RP0900XJ,209.88,EUR,false,ManoMano.fr,/go/3235666785250314083.html?price=209.88&sid=291209&type=oc_offer,0,/type/88381641333.html
61,15218,Défonceuse 900W queue de 8mm livrée en coffret Mak-Pac MAKITA RP0900XJ,209.88,EUR,false,Rakuten.com FR,/go/3260104321383008663.html?price=209.88&sid=26246&type=oc_offer,0,/type/88381641333.html
62,15218,Makita Défonceuse 900W queue de 8mm livrée en coffret Mak-Pac RP0900XJ,209.88,EUR,false,Rueducommerce.fr (Marketplace),/go/3214620885738596898.html?price=209.88&sid=25482&type=oc_offer,0,/type/88381641333.html
63,15218,MAKITA - Défonceuse 8 mm 900W en coffret MAKPAK - RP0900XJ,209.9,EUR,false,Sobrico.com,/go/3268104994141767885.html?price=209.90&sid=318013&type=oc_offer,0,/type/88381641333.html
64,15218,Défonceuse Makita 900 Watt diamètre 8 mm modèle RP0900XJ,212.23,EUR,false,Master-outillage.com,/go/3155423455369769686.html?price=212.23&sid=282706&type=oc_offer,0,/type/88381641333.html
65,15218,Défonceuse 900 W Ø 8 mm 27000tr/min en coffret MAKITA RP0900XJ,214.8,EUR,false,Debonix.fr,/go/3259986496754549847.html?price=214.80&sid=277777&type=oc_offer,0,/type/88381641333.html
66,15218,Défonceuse 900 W Ø 8 mm,214.8,EUR,false,Comptoirdespros.com,/go/3226800685506889572.html?price=214.80&sid=283959&type=oc_offer,0,/type/88381641333.html
67,15218,Makita Défonceuse 900W queue de 8mm livrée en coffret Mak-Pac RP0900XJ,214.8,EUR,false,Rueducommerce.fr (Marketplace),/go/3260498502255379234.html?price=214.80&sid=25482&type=oc_offer,0,/type/88381641333.html
68,15218,Défonceuse 900w Ø8mm rp0900xj makita,220.4,EUR,false,Alexis-robert-bricolage.com,/go/3222599237525054900.html?price=220.40&sid=288310&type=oc_offer,0,/type/88381641333.html
69,15218,Défonceuse 900W D8Mm Mak-Pac Rp0900Xj Makita |,223.07,EUR,false,Clickoutil.com,/go/3221886890279964334.html?price=223.07&sid=289388&type=oc_offer,0,/type/88381641333.html
70,15218,Makita défonceuse 900 w Ø 8 mm coffret mak-pac - rp0900xj,226.5,EUR,false,Guedo-outillage.fr,/go/5987152430.html?price=226.50&sid=69278&type=oc_offer,0,/type/88381641333.html
71,15218,Makita Défonceuse 900W queue de 8mm livrée en coffret Mak-Pac RP0900XJ,226.5,EUR,false,Rueducommerce.fr (Marketplace),/go/3264979316215122201.html?price=226.50&sid=25482&type=oc_offer,0,/type/88381641333.html
72,15218,Défonceuse 900 W Ø 8 mm avec coffret MAK-PAC MAKITA- RP0900XJ,238.42,EUR,false,Bati-avenue.com,/go/3174964762580630247.html?price=238.42&sid=283034&type=oc_offer,0,/type/88381641333.html
73,15218,Makita Défonceuse 900W queue de 8mm livrée en coffret Mak-Pac RP0900XJ,238.42,EUR,false,Rueducommerce.fr (Marketplace),/go/3249402885707924712.html?price=238.42&sid=25482&type=oc_offer,0,/type/88381641333.html
74,15233,Meuleuse d'angle AEG BEWS18-230BL-0,325.0,EUR,false,Rotopino.fr,/go/3268653935686058924.html?categoryId=3706&offerKey=4e51cd417a5a0f8f0047a3705a42198e&offerListId=6437775-2AA02E3DD4F02A05E675E9EF55B31AF1&pos=1&price=325.00&productid=6437775&sid=287166&type=offer,0,/prix/6437775/aeg-bews18-230bl-0-solo.html
75,15233,AEG BEWS18-0 Meuleuse d'angle Accu 18 V Li-Ion - 230mm - carbone sans balais,325.99,EUR,false,Fixami.fr,/go/3258781650271603113.html?categoryId=3706&offerKey=5722087478d86f2320fee8dd35051252&offerListId=6437775-2AA02E3DD4F02A05E675E9EF55B31AF1&pos=2&price=325.99&productid=6437775&sid=306120&type=offer,0,/prix/6437775/aeg-bews18-230bl-0-solo.html
76,15233,Meuleuse brushless AEG 18V 230mm sans batterie ni chargeur BEWS18-230BL-0,349.48,EUR,false,Ubaldi.com (Marketplace),/go/3221509478419537929.html?categoryId=3706&offerKey=666f33ee7f06ab6a090b6fc33b4cb06c&offerListId=6437775-2AA02E3DD4F02A05E675E9EF55B31AF1&pos=3&price=349.48&productid=6437775&sid=316737&type=offer,0,/prix/6437775/aeg-bews18-230bl-0-solo.html
77,15233,Meuleuse brushless AEG 18V 230mm sans batterie ni chargeur BEWS18-230BL-0,349.9,EUR,false,Rakuten.com FR,/go/3220785293512677980.html?categoryId=3706&offerKey=9c04e8739b33cc06a4ab8a34ef401ae3&offerListId=6437775-2AA02E3DD4F02A05E675E9EF55B31AF1&pos=4&price=349.90&productid=6437775&sid=26246&type=offer,0,/prix/6437775/aeg-bews18-230bl-0-solo.html
78,15233,Meuleuse Aeg Meuleuse brushless aeg 18v 230mm sans batterie ni chargeur bews18-230bl-0,349.9,EUR,false,Darty.com (Marketplace),/go/3223133626709317562.html?categoryId=3706&offerKey=b6fc66b1125d5cd3a2b0638c41373e07&offerListId=6437775-2AA02E3DD4F02A05E675E9EF55B31AF1&pos=5&price=349.90&productid=6437775&sid=316364&type=offer,0,/prix/6437775/aeg-bews18-230bl-0-solo.html
79,15233,Aeg Meuleuse brushless 18V 230mm sans batterie ni chargeur BEWS18-230BL-0,349.9,EUR,false,Rueducommerce.fr (Marketplace),/go/3221169296254182363.html?categoryId=3706&offerKey=65000f771b178fa4218b86b40b0ec82a&offerListId=6437775-2AA02E3DD4F02A05E675E9EF55B31AF1&pos=6&price=349.90&productid=6437775&sid=25482&type=offer,0,/prix/6437775/aeg-bews18-230bl-0-solo.html
80,15233,Meuleuse brushless AEG 18V 230mm sans batterie ni chargeur BEWS18-230BL-0,365.1,EUR,false,ManoMano.fr,/go/3220804256768464328.html?categoryId=3706&offerKey=cdbbb27b3c658d5e779e9772efbeb3ec&offerListId=6437775-2AA02E3DD4F02A05E675E9EF55B31AF1&pos=7&price=365.10&productid=6437775&sid=291209&type=offer,0,/prix/6437775/aeg-bews18-230bl-0-solo.html
81,15235,Bosch GSB 18V-60 C Pro­fes­sio­nal 2x 5Ah Batterie + GAL1880CV + L-BOXX,329.95,EUR,false,Passiontec.fr,/go/8410140656.html?categoryId=3687&offerKey=3a09910406adb9295e06f41b0521444e&offerListId=5471376-EAC04829BC8A264C8916A6FFBF02CB47&pos=1&price=329.95&productid=5471376&sid=308891&type=offer,0,/prix/5471376/bosch-gsb-18v-60c-06019g2100.html
82,15235,Bosch GSB 18V-60 C Perceuse visseuse à percussion à batteries 18V Li-Ion (2x batteries 5.0Ah) dans coffret L-Boxx,329.99,EUR,false,Fixami.fr,/go/3235106741240727076.html?categoryId=3687&offerKey=b14f20467d946115a6a7f08ebc111927&offerListId=5471376-EAC04829BC8A264C8916A6FFBF02CB47&pos=2&price=329.99&productid=5471376&sid=306120&type=offer,0,/prix/5471376/bosch-gsb-18v-60c-06019g2100.html
83,15235,"
document.getElementById(""result-2-offerinfo"").title = document.getElementById(""result-2-offerinfo"").innerHTML = idealoApp.getContents('q@D49 !C@UD9Jj76DUD9JjD:@UD9Jj?2= r92C86FC C2A:56 vp{ `gg_ r\' `e__p__qgv[ {\\q~)) `be `e__p__`##[ `^a 42=286 {\\q~)) A@FC @FE:=[ r92C86FC C2A:56j a 32EE6C:6D vqp `g\' d]_p9');
",346.61,EUR,false,Schwemmer &amp; Dorn,/go/3268350675727155803.html?categoryId=3687&offerKey=842f888f2fd1dda2fd77dc5bdc1534e5&offerListId=5471376-EAC04829BC8A264C8916A6FFBF02CB47&pos=3&price=346.61&productid=5471376&sid=24573&type=offer,0,/prix/5471376/bosch-gsb-18v-60c-06019g2100.html
84,15235,"
document.getElementById(""result-3-offerinfo"").title = document.getElementById(""result-3-offerinfo"").innerHTML = idealoApp.getContents('q@D49 !C@UD9Jj76DUD9JjD:@UD9Jj?2= r92C86FC C2A:56 vp{ `gg_ r\' `e__p__qgv[ {\\q~)) `be `e__p__`##[ `^a 42=286 {\\q~)) A@FC @FE:=[ r92C86FC C2A:56j a 32EE6C:6D vqp `g\' d]_p9');
",357.4,EUR,false,Amazon.fr,/go/9325463428.html?categoryId=3687&offerKey=de78e1ccfa933d6029dda134c9609d61&offerListId=5471376-EAC04829BC8A264C8916A6FFBF02CB47&pos=4&price=357.40&productid=5471376&sid=12003&type=offer,0,/prix/5471376/bosch-gsb-18v-60c-06019g2100.html
85,15235,Per­ceuse-Vis­seuse À Percussion Gsb 18 V-60 C Click & Go - Coffret Lboxx | - 06019G2103-2,398.0,EUR,false,Clickoutil.com,/go/3261315080427408142.html?categoryId=3687&offerKey=17c203338857eec0f8da4d36eb7e4fbd&offerListId=5471376-EAC04829BC8A264C8916A6FFBF02CB47&pos=5&price=398.00&productid=5471376&sid=289388&type=offer,0,/prix/5471376/bosch-gsb-18v-60c-06019g2100.html
86,15235,Per­ceuses-vis­seuses à percussion sans fil Bosch PRO GSB 18V-60 C Pro­fes­sio­nal 06019G2100,405.36,EUR,false,Master-outillage.com,/go/3155423455776606666.html?categoryId=3687&offerKey=15f262064f8268418e8b7078337c8d92&offerListId=5471376-EAC04829BC8A264C8916A6FFBF02CB47&pos=6&price=405.36&productid=5471376&sid=282706&type=offer,0,/prix/5471376/bosch-gsb-18v-60c-06019g2100.html
87,15235,Perceuse visseuse GSB18V-60C,406.04,EUR,false,Rakuten.com FR,/go/9028088430.html?categoryId=3687&offerKey=501f8e2c77334bd63d96bad58de3f8d2&offerListId=5471376-EAC04829BC8A264C8916A6FFBF02CB47&pos=7&price=406.04&productid=5471376&sid=26246&type=offer,0,/prix/5471376/bosch-gsb-18v-60c-06019g2100.html
88,15235,Per­ceuse-vis­seuse à percussion sans fil GSB 18V-60 C Pro­fes­sio­nal,413.11,EUR,false,Comptoirdespros.com,/go/3226800632851596808.html?categoryId=3687&offerKey=fd5f1b7c2ead9bdbe55d359d0990cc58&offerListId=5471376-EAC04829BC8A264C8916A6FFBF02CB47&pos=8&price=413.11&productid=5471376&sid=283959&type=offer,0,/prix/5471376/bosch-gsb-18v-60c-06019g2100.html
89,15235,Bosch GSB 18V-60 C Pro­fes­sio­nal,423.23,EUR,false,ManoMano.fr,/go/3193781947975342700.html?categoryId=3687&offerKey=0dbb3c43317fe5540e7f8e0e7917970a&offerListId=5471376-EAC04829BC8A264C8916A6FFBF02CB47&pos=9&price=423.23&productid=5471376&sid=291209&type=offer,0,/prix/5471376/bosch-gsb-18v-60c-06019g2100.html
90,15235,Perceuse Bosch Bosch - perceuse visseuse à percussion à batterie 18v connec­table 5ah - gsb18v-60c,423.32,EUR,false,Darty.com (Marketplace),/go/3208673855279212077.html?categoryId=3687&offerKey=169a6497b45d3c1ee588ff3ef21a010d&offerListId=5471376-EAC04829BC8A264C8916A6FFBF02CB47&pos=10&price=423.32&productid=5471376&sid=316364&type=offer,0,/prix/5471376/bosch-gsb-18v-60c-06019g2100.html
91,15235,Bosch perceuse visseuse percu 18v connec­table gsb18v-60c - 06019g2100,424.87,EUR,false,Rueducommerce.fr (Marketplace),/go/3246730940682076983.html?categoryId=3687&offerKey=76a41ab37630066b256d41eefdd14a49&offerListId=5471376-EAC04829BC8A264C8916A6FFBF02CB47&pos=11&price=424.87&productid=5471376&sid=25482&type=offer,0,/prix/5471376/bosch-gsb-18v-60c-06019g2100.html
92,15235,Bosch Per­ceuses-vis­seuses à percussion sans fil GSB 18V-60 C - 06019G2100,430.3,EUR,false,Mytoolstore.fr,/go/3229324297524742570.html?categoryId=3687&offerKey=bc00af2cbbd84bc3e6daff1673a3e999&offerListId=5471376-EAC04829BC8A264C8916A6FFBF02CB47&pos=12&price=430.30&productid=5471376&sid=29224&type=offer,0,/prix/5471376/bosch-gsb-18v-60c-06019g2100.html
93,15235,Bosch perceuse visseuse percu 18v connec­table gsb18v-60c - 06019g2100,434.85,EUR,false,Rueducommerce.fr (Marketplace),/go/3236973266193090773.html?categoryId=3687&offerKey=acddd95eb0c9f253ee17a37d4eb3b8d3&offerListId=5471376-EAC04829BC8A264C8916A6FFBF02CB47&pos=13&price=434.85&productid=5471376&sid=25482&type=offer,0,/prix/5471376/bosch-gsb-18v-60c-06019g2100.html
94,15235,Bosch perceuse visseuse percu 18v connec­table gsb18v-60c - 06019g2100,479.88,EUR,false,Guedo-outillage.fr,/go/8176061052.html?categoryId=3687&offerKey=3f56255b41e90f73658398b2489f2ab1&offerListId=5471376-EAC04829BC8A264C8916A6FFBF02CB47&pos=14&price=479.88&productid=5471376&sid=69278&type=offer,0,/prix/5471376/bosch-gsb-18v-60c-06019g2100.html
95,15235,"
document.getElementById(""result-14-offerinfo"").title = document.getElementById(""result-14-offerinfo"").innerHTML = idealoApp.getContents('q~$rw \\ E@FC?6G:D A6C46FD6 A6CUD9Jj4FDUD9JjD:@?D 2 32EE6C:6 v$q `g\'\\e_ r \\ _e_`hva`__');
",502.55,EUR,false,patneriberia4u,/go/3244219364993401046.html?categoryId=3687&offerKey=9f25db768c230b5c76607f0df3ef3b93&offerListId=5471376-EAC04829BC8A264C8916A6FFBF02CB47&pos=15&price=502.55&productid=5471376&sid=24572&type=offer,0,/prix/5471376/bosch-gsb-18v-60c-06019g2100.html
96,15258,Outil mul­ti-fonc­tions 4 en 1 moteur à dos SCHEPPACH - 1.8CV - 5904805903,224.88,EUR,false,Maxoutil.com,/go/3191106605682791319.html?categoryId=31643&offerKey=6a9c73129105b5414aa5248b925acf39&offerListId=6087488-8C6927475D2547CB28B262540A9AECAB&pos=1&price=224.88&productid=6087488&sid=254364&type=offer,0,/prix/6087488/scheppach-mfh5300-4bp.html
97,15258,"
document.getElementById(""result-1-offerinfo"").title = document.getElementById(""result-1-offerinfo"").innerHTML = idealoApp.getContents('$496AA249 c6?` q6?UD9JjK:?\\|F=UD9JjE:UD9JjE@@= |79db__\\c3A `[gAD %2:==6\\w2:6^ r:D62FI^ u2FI ^');
",234.89,EUR,false,maschinenwelt,/go/3264992596086228575.html?categoryId=31643&offerKey=7ebf013c11b40dd74a655ebec1a4e628&offerListId=6087488-8C6927475D2547CB28B262540A9AECAB&pos=2&price=234.89&productid=6087488&sid=24572&type=offer,0,/prix/6087488/scheppach-mfh5300-4bp.html
98,15258,Scheppach MFH5300-4BP Machine à essence 4 en 1 - Porte-sac à dos,269.99,EUR,false,Fixami.fr,/go/3255882706107499729.html?categoryId=31643&offerKey=61dfdb6a3e16d0a853e74439611d42bb&offerListId=6087488-8C6927475D2547CB28B262540A9AECAB&pos=3&price=269.99&productid=6087488&sid=306120&type=offer,0,/prix/6087488/scheppach-mfh5300-4bp.html
99,15258,"Scheppach - Ou­til-mul­ti­fonc­tions (moteur Dorsal) 4en1 thermique 2 temps 51,7 cm3 - mfh5300-4bp",279.0,EUR,false,ManoMano.fr,/go/3265794256853271243.html?categoryId=31643&offerKey=26125972f4ae5d50a920738eb9969dab&offerListId=6087488-8C6927475D2547CB28B262540A9AECAB&pos=4&price=279.00&productid=6087488&sid=291209&type=offer,0,/prix/6087488/scheppach-mfh5300-4bp.html
100,15258,"Scheppach - Ou­til-mul­ti­fonc­tions (moteur Dorsal) 4en1 thermique 2 temps 51,7 cm3 - mfh5300-4bp",298.53,EUR,false,Rakuten.com FR,/go/3267564561804296771.html?categoryId=31643&offerKey=cdea4ddd0edfcfcddc7b7a94615117ef&offerListId=6087488-8C6927475D2547CB28B262540A9AECAB&pos=5&price=298.53&productid=6087488&sid=26246&type=offer,0,/prix/6087488/scheppach-mfh5300-4bp.html
101,15259,"
document.getElementById(""result-0-offerinfo"").title = document.getElementById(""result-0-offerinfo"").innerHTML = idealoApp.getContents('|2CE62F A6CUD9Jj7@UD9JjC2UD9JjE6FC sadbabz');
",344.58,EUR,false,Amazon.fr,/go/8516409262.html?categoryId=15397&offerKey=d8d62db7412c089cc365d78d2d90d1b4&offerListId=2088422-DAE406B277E4AEF6BD20709D21C59EF8&pos=1&price=344.58&productid=2088422&sid=12003&type=offer,0,/prix/2088422/dewalt-d25323k.html
102,15259,Dewalt D25323K Per­fo­ra­teur-bu­ri­neur 26 mm Sds-plus à faible vibration 395W 2.8J,354.01,EUR,false,Rueducommerce.fr (Marketplace),/go/3265386730332621746.html?categoryId=15397&offerKey=e9898be37a5324820f9340c3836027cf&offerListId=2088422-DAE406B277E4AEF6BD20709D21C59EF8&pos=2&price=354.01&productid=2088422&sid=25482&type=offer,0,/prix/2088422/dewalt-d25323k.html
103,15259,Marteau per­fo­ra­teur combiné D 25323 K - 800 W,378.51,EUR,false,Rakuten.com FR,/go/3254052476034221993.html?categoryId=15397&offerKey=5b6e7444bb53b0375b9ffca59c37fee5&offerListId=2088422-DAE406B277E4AEF6BD20709D21C59EF8&pos=3&price=378.51&productid=2088422&sid=26246&type=offer,0,/prix/2088422/dewalt-d25323k.html
104,15259,"
document.getElementById(""result-3-offerinfo"").title = document.getElementById(""result-3-offerinfo"").innerHTML = idealoApp.getContents('s6H2=E s adbab z |2CE62F 56 r@\>UD9Jj3:UD9Jj?2:UD9JjD@?');
",380.0,EUR,false,siltec-technik,/go/3268425833728967332.html?categoryId=15397&offerKey=b4397ad81eabc1f8c80af1e1f81d6acf&offerListId=2088422-DAE406B277E4AEF6BD20709D21C59EF8&pos=4&price=380.00&productid=2088422&sid=24572&type=offer,0,/prix/2088422/dewalt-d25323k.html
105,15259,Dewalt D25323K Per­fo­ra­teur-bu­ri­neur 26 mm Sds-plus à faible vibration 395W 2.8J,383.67,EUR,false,Rueducommerce.fr (Marketplace),/go/3265386730122905267.html?categoryId=15397&offerKey=f239ed9f47e9ceb68bfe2d9a0375a62b&offerListId=2088422-DAE406B277E4AEF6BD20709D21C59EF8&pos=5&price=383.67&productid=2088422&sid=25482&type=offer,0,/prix/2088422/dewalt-d25323k.html
106,15259,"Per­fo­ra­teur, burineur Dewalt Dewalt - per­fo­ra­teur-bu­ri­neur 3 modes (faible vibration) sds-plus 26mm 2,8j - d25323k",383.99,EUR,false,Darty.com (Marketplace),/go/3258425458634523529.html?categoryId=15397&offerKey=ed2d241db3582672303a5579173d322e&offerListId=2088422-DAE406B277E4AEF6BD20709D21C59EF8&pos=6&price=383.99&productid=2088422&sid=316364&type=offer,0,/prix/2088422/dewalt-d25323k.html
107,15259,"DeWalt - Per­fo­ra­teur-bu­ri­neur 3 modes (faible vibration) SDS-Plus 26mm 2,8J - D25323K",384.0,EUR,false,ManoMano.fr,/go/3256334250554689914.html?categoryId=15397&offerKey=cddd32cd2473f8d6dc8ad85ee3187bd6&offerListId=2088422-DAE406B277E4AEF6BD20709D21C59EF8&pos=7&price=384.00&productid=2088422&sid=291209&type=offer,0,/prix/2088422/dewalt-d25323k.html
108,15259,Dewalt D25323K Per­fo­ra­teur-bu­ri­neur 26 mm Sds-plus à faible vibration 395W 2.8J,384.0,EUR,false,Rueducommerce.fr (Marketplace),/go/3268603352730042670.html?categoryId=15397&offerKey=e71f66689a1e8f6172d9b5f88a40a3a4&offerListId=2088422-DAE406B277E4AEF6BD20709D21C59EF8&pos=8&price=384.00&productid=2088422&sid=25482&type=offer,0,/prix/2088422/dewalt-d25323k.html
109,15259,Per­fo­ra­teur burineur SDS+ 395W 2.8J - DEWALT D25323K-QS,418.45,EUR,false,ManoMano.fr,/go/3260327112965360571.html?categoryId=15397&offerKey=6f5ed7068716ce1422bc78fbf2cf3e19&offerListId=2088422-DAE406B277E4AEF6BD20709D21C59EF8&pos=9&price=418.45&productid=2088422&sid=291209&type=offer,0,/prix/2088422/dewalt-d25323k.html
110,15259,Dewalt D25323K Per­fo­ra­teur-bu­ri­neur 26 mm Sds-plus à faible vibration 395W 2.8J,422.29,EUR,false,Rueducommerce.fr (Marketplace),/go/3259414262033942146.html?categoryId=15397&offerKey=b69d14ba5bc45ffa48ba1319412d59f1&offerListId=2088422-DAE406B277E4AEF6BD20709D21C59EF8&pos=10&price=422.29&productid=2088422&sid=25482&type=offer,0,/prix/2088422/dewalt-d25323k.html
111,15259,"Per­fo­ra­teur burineur Dewalt 3 modes SDS Plus 26mm poignée en L avec coffret, malette de transport D25323K",632.4,EUR,false,Master-outillage.com,/go/3155431873600036612.html?categoryId=15397&offerKey=0d113fdc7483ee3dbfb8d8bd40d62adb&offerListId=2088422-DAE406B277E4AEF6BD20709D21C59EF8&pos=11&price=632.40&productid=2088422&sid=282706&type=offer,0,/prix/2088422/dewalt-d25323k.html
112,15279,"Perceuse visseuse à percussion Makita sans fil 10,8 Volts Li-Ion 4 Ah CXT diamètre 10mm + kit d'ac­ces­soires Makita HP331DSMJ",167.83,EUR,false,Master-outillage.com,/go/3155423457372542839.html?categoryId=3687&offerKey=4c6046e9281b02b73f47db54e6dcde1e&offerListId=4882480-80B67C6222CB35DAC45C2ED27C47A0AA&pos=1&price=167.83&productid=4882480&sid=282706&type=offer,0,/prix/4882480/makita-hp331dsmj.html
113,15279,"Makita HP331DSMJ Perceuse visseuse à percussion à batteries 10,8V Li-Ion set (2x batterie 4,0Ah) dans MAKPAC",167.99,EUR,false,Fixami.fr,/go/3235106694130304106.html?categoryId=3687&offerKey=fde8a60388a3c051fa31bf617dcc2e8e&offerListId=4882480-80B67C6222CB35DAC45C2ED27C47A0AA&pos=2&price=167.99&productid=4882480&sid=306120&type=offer,0,/prix/4882480/makita-hp331dsmj.html
114,15279,"Perceuse Visseuse À Percussion 10,8V 4Ah + Kit D'ac­ces­soires Hp331Dsmj Makita |",176.4,EUR,false,Clickoutil.com,/go/3221886895835322948.html?categoryId=3687&offerKey=8e42d130923375c349acba62125da7fa&offerListId=4882480-80B67C6222CB35DAC45C2ED27C47A0AA&pos=3&price=176.40&productid=4882480&sid=289388&type=offer,0,/prix/4882480/makita-hp331dsmj.html
115,15279,"Makita Perceuse visseuse à percussion HP331DSMJ 10,8V Li-Ion CXT 2x4Ah",206.24,EUR,false,Rueducommerce.fr (Marketplace),/go/3214441683410228522.html?categoryId=3687&offerKey=62392472bc446ce1ce2519d16d275505&offerListId=4882480-80B67C6222CB35DAC45C2ED27C47A0AA&pos=4&price=206.24&productid=4882480&sid=25482&type=offer,0,/prix/4882480/makita-hp331dsmj.html
116,15279,Perceuse visseuse à percussion 12 V CXT Li-Ion 4 Ah Ø 10 mm,206.59,EUR,false,Comptoirdespros.com,/go/3226800682627499368.html?categoryId=3687&offerKey=73c6590f112b98716dc30acfa66c9710&offerListId=4882480-80B67C6222CB35DAC45C2ED27C47A0AA&pos=5&price=206.59&productid=4882480&sid=283959&type=offer,0,/prix/4882480/makita-hp331dsmj.html
117,15279,"Perceuse visseuse à percussion 12 V CXT Li-Ion 4 Ah Ø 10 mm MAKITA - 2 batteries, chargeur, coffret - HP331DSMJ",328.49,EUR,false,Maxoutil.com,/go/3256020826475987344.html?categoryId=3687&offerKey=ef16ebfe96e77e71807fc8a04d1b7b6f&offerListId=4882480-80B67C6222CB35DAC45C2ED27C47A0AA&pos=6&price=328.49&productid=4882480&sid=254364&type=offer,0,/prix/4882480/makita-hp331dsmj.html
118,15295,TCK Tron­çon­neuse 4 fonctions Garden Looper GL25-2,149.9,EUR,false,Capitools.com,/go/3217633877522648726.html?categoryId=19144&offerKey=e26b8befa89d3ca273bd62eb22e219ce&offerListId=3732532-2A4BD98FB7F631247BCA327921D6D29B&pos=1&price=149.90&productid=3732532&sid=297739&type=offer,0,/prix/3732532/tck-garden-garden-lopper-gl25.html
119,15295,Elagueuse thermique multi fonctions 25 cc - GL25-2,187.46,EUR,false,Bricommerce.com,/go/7756770535.html?categoryId=19144&offerKey=9acb5ca7ee572aa23a1909ae0d474cc8&offerListId=3732532-2A4BD98FB7F631247BCA327921D6D29B&pos=2&price=187.46&productid=3732532&sid=62171&type=offer,0,/prix/3732532/tck-garden-garden-lopper-gl25.html
120,15299,Nilfisk Dynamic 140 bars Nettoyeur haute pression (inclus Nettoyeur de terrasse Patio & Brosse rotative),379.9,EUR,false,Amazon.fr,/go/3190971828197664184.html?price=379.90&sid=12003&type=oc_offer,0,/type/5703887131793.html
121,15299,Nilfisk Dynamic 140 bars Nettoyeur haute pression (inclus Nettoyeur de terrasse Patio & Brosse rotative),420.68,EUR,false,P4 Solutions,/go/3255425080242473193.html?price=420.68&sid=24573&type=oc_offer,0,/type/5703887131793.html
