,index_data,product_name,product_price,currency,voucher,shop_name,url_origin,url_image,id_page
0,12334,"Perceuse visseuse Makita sans fil 10,8 Volts Li-Ion 4 Ah CXT Ø diamètre 10mm Makita DF331DSMJ",185.59,EUR,false,Master-outillage.com,/go/3155423459408880976.html?categoryId=3687&offerKey=a8f95ce0bd045b21750c944ca90ad823&offerListId=4855856-4282570AC4C6147ECBB0EB04780D90FE&pos=1&price=185.59&productid=4855856&sid=282706&type=offer,0,/prix/4855856/makita-df331dsmj.html
1,12334,"
document.getElementById(""result-1-offerinfo"").title = document.getElementById(""result-1-offerinfo"").innerHTML = idealoApp.getContents('|2\<:E2 !6CUD9Jj46FD6\\G:DUD9JjD6FD6 D2?D u:= W`_[ g \'[ c[ _ p9[ 6? r@77C6E |2\<A24 2G64 a q2EE6C:6D 6E 492C86FCX[ subb`s$|y');
",189.51,EUR,false,Solera Telecom AG,/go/3259388774146114872.html?categoryId=3687&offerKey=7f61d7ca2cc9c1de28b9e9baa7a76767&offerListId=4855856-4282570AC4C6147ECBB0EB04780D90FE&pos=2&price=189.51&productid=4855856&sid=24573&type=offer,0,/prix/4855856/makita-df331dsmj.html
2,12334,"Perceuse Visseuse Cxt 10,8V 4Ah Ø10Mm Df331Dsmj Makita |",195.07,EUR,false,Clickoutil.com,/go/3221886895835322947.html?categoryId=3687&offerKey=ccbfe2d0b94e7678dbfb561ac8f874d8&offerListId=4855856-4282570AC4C6147ECBB0EB04780D90FE&pos=3&price=195.07&productid=4855856&sid=289388&type=offer,0,/prix/4855856/makita-df331dsmj.html
3,12334,"Makita DF331DSMJ Perceuse visseuse à batteries 10.8V Li-Ion set (2x batterie 4,0Ah) dans MAKPAC",195.99,EUR,false,Fixami.fr,/go/3235106655280565091.html?categoryId=3687&offerKey=97b1f480198738921b974153cdf07fe8&offerListId=4855856-4282570AC4C6147ECBB0EB04780D90FE&pos=4&price=195.99&productid=4855856&sid=306120&type=offer,0,/prix/4855856/makita-df331dsmj.html
4,12334,Perceuse visseuse 12 V CXT Li-Ion 4 Ah Ø 10 mm,197.2,EUR,false,Comptoirdespros.com,/go/3226800679215433990.html?categoryId=3687&offerKey=7d5a64316886b24257dc68fbf9a0a687&offerListId=4855856-4282570AC4C6147ECBB0EB04780D90FE&pos=5&price=197.20&productid=4855856&sid=283959&type=offer,0,/prix/4855856/makita-df331dsmj.html
5,12334,"Makita Perceuse visseuse 10,8V 4Ah CXT Ø10mm DF331DSMJ",198.11,EUR,false,Rueducommerce.fr (Marketplace),/go/3213757199994070633.html?categoryId=3687&offerKey=6b36b1506766892e492ff23cc85f5215&offerListId=4855856-4282570AC4C6147ECBB0EB04780D90FE&pos=6&price=198.11&productid=4855856&sid=25482&type=offer,0,/prix/4855856/makita-df331dsmj.html
6,12334,"Makita Perceuse visseuse 10,8 V Li-Ion 4 Ah CXT Ø 10 mm - DF331DSMJ",203.9,EUR,false,ManoMano.fr,/go/6242122156.html?categoryId=3687&offerKey=3a9baf8d604c0ca245092acb22ded265&offerListId=4855856-4282570AC4C6147ECBB0EB04780D90FE&pos=7&price=203.90&productid=4855856&sid=291209&type=offer,0,/prix/4855856/makita-df331dsmj.html
7,12334,"Makita Perceuse visseuse 10,8 V Li-Ion 4 Ah CXT Ø 10 mm - DF331DSMJ",203.9,EUR,false,Mytoolstore.fr,/go/3229324292892133870.html?categoryId=3687&offerKey=7ec19fafbe471d05adf7c9ebf0e93b9d&offerListId=4855856-4282570AC4C6147ECBB0EB04780D90FE&pos=8&price=203.90&productid=4855856&sid=29224&type=offer,0,/prix/4855856/makita-df331dsmj.html
8,12334,"Perceuse visseuse 10,8 V Li-Ion 4 Ah CXT Ø 10 mm MAKITA - DF331DSMJ",208.49,EUR,false,Bati-avenue.com,/go/3174964796839700391.html?categoryId=3687&offerKey=b91b264d57900208312c3e56e4e9c4d6&offerListId=4855856-4282570AC4C6147ECBB0EB04780D90FE&pos=9&price=208.49&productid=4855856&sid=283034&type=offer,0,/prix/4855856/makita-df331dsmj.html
9,12334,"Makita Perceuse visseuse 10,8V 4Ah CXT Ø10mm DF331DSMJ",208.49,EUR,false,Rueducommerce.fr (Marketplace),/go/3249402884055370344.html?categoryId=3687&offerKey=1ade97a7b6606d1f529037e4c14e6ef2&offerListId=4855856-4282570AC4C6147ECBB0EB04780D90FE&pos=10&price=208.49&productid=4855856&sid=25482&type=offer,0,/prix/4855856/makita-df331dsmj.html
10,12334,Makita DF331DSMJ - Schwarz - Grün - Silber (DF331DSMJ),213.37,EUR,false,Rakuten.com FR,/go/5229345850.html?categoryId=3687&offerKey=a560c3f93d4bb1a05f5f41dbf8766613&offerListId=4855856-4282570AC4C6147ECBB0EB04780D90FE&pos=11&price=213.37&productid=4855856&sid=26246&type=offer,0,/prix/4855856/makita-df331dsmj.html
11,12334,"
document.getElementById(""result-11-offerinfo"").title = document.getElementById(""result-11-offerinfo"").innerHTML = idealoApp.getContents('|2\<:E2 !6CUD9Jj46FD6\\G:DUD9JjD6FD6 D2?D u:= W`_[ g \'[ c[ _ p9[ 6? r@77C6E |2\<A24 2G64 a q2EE6C:6D 6E 492C86FCX[ subb`s$|y');
",214.92,EUR,false,Amazon.fr,/go/3180281874828238036.html?categoryId=3687&offerKey=fe7dbf1488f1cb5a1d6d553aabe820d3&offerListId=4855856-4282570AC4C6147ECBB0EB04780D90FE&pos=12&price=214.92&productid=4855856&sid=12003&type=offer,0,/prix/4855856/makita-df331dsmj.html
12,12334,Makita perceuse visseuse 10.8v 4.0ah - df331dsmj,214.92,EUR,false,Guedo-outillage.fr,/go/5986132936.html?categoryId=3687&offerKey=7449c664d09e8db38342ba96312d3e81&offerListId=4855856-4282570AC4C6147ECBB0EB04780D90FE&pos=13&price=214.92&productid=4855856&sid=69278&type=offer,0,/prix/4855856/makita-df331dsmj.html
13,12334,"Makita Perceuse visseuse 10,8V 4Ah CXT Ø10mm DF331DSMJ",228.0,EUR,false,Rueducommerce.fr (Marketplace),/go/3214442115312396334.html?categoryId=3687&offerKey=f3d147aad76f03f75e96166f7cad0ee2&offerListId=4855856-4282570AC4C6147ECBB0EB04780D90FE&pos=14&price=228.00&productid=4855856&sid=25482&type=offer,0,/prix/4855856/makita-df331dsmj.html
14,12334,"Makita Perceuse visseuse 10,8V 4Ah CXT Ø10mm DF331DSMJ",251.93,EUR,false,Rueducommerce.fr (Marketplace),/go/3213755647749261094.html?categoryId=3687&offerKey=d86d7e0d785af51aef589a64769e99d6&offerListId=4855856-4282570AC4C6147ECBB0EB04780D90FE&pos=15&price=251.93&productid=4855856&sid=25482&type=offer,0,/prix/4855856/makita-df331dsmj.html
15,12353,Makita Marteau piqueur hexagonal 30mm 17Kg HM1400,1129.01,EUR,false,Rueducommerce.fr (Marketplace),/go/3245467582146281677.html?categoryId=18308&offerKey=2aa4d51bfbe6d9e67438c605f15d49da&offerListId=466496-FD30CC3FA71E9425620475B8BF1B8A7F&pos=1&price=1129.01&productid=466496&sid=25482&type=offer,0,/prix/466496/makita-hm1400.html
16,12353,Marteau piqueur hexagonal Makita HM1400 30 mm,1146.5,EUR,false,Quincaillerie.pro,/go/3180722725150800387.html?categoryId=18308&offerKey=9e2c93598481f83d9d9d2c436a7122bd&offerListId=466496-FD30CC3FA71E9425620475B8BF1B8A7F&pos=2&price=1146.50&productid=466496&sid=279458&type=offer,0,/prix/466496/makita-hm1400.html
17,12353,"
document.getElementById(""result-2-offerinfo"").title = document.getElementById(""result-2-offerinfo"").innerHTML = idealoApp.getContents('|2\<:E2 w| `c__ |2CUD9JjE62F\\A:UD9JjBF6FC');
",1154.33,EUR,false,Amazon.fr,/go/7318179025.html?categoryId=18308&offerKey=ff6ba7e782879fce8119ff70b1b60a03&offerListId=466496-FD30CC3FA71E9425620475B8BF1B8A7F&pos=3&price=1154.33&productid=466496&sid=12003&type=offer,0,/prix/466496/makita-hm1400.html
18,12353,Makita Marteau piqueur hexagonal 30mm 17Kg HM1400,1154.33,EUR,false,Rueducommerce.fr (Marketplace),/go/3213754253115925535.html?categoryId=18308&offerKey=06b9468060d45b4a6e4f69c327d13032&offerListId=466496-FD30CC3FA71E9425620475B8BF1B8A7F&pos=4&price=1154.33&productid=466496&sid=25482&type=offer,0,/prix/466496/makita-hm1400.html
19,12353,Makita Mar­teau-pi­queur Hexagonal 30 Mm 1240 W,1155.53,EUR,false,Bricum.com (FR),/go/3239103104670501418.html?categoryId=18308&offerKey=14fcdc9c1638de22eecd69eb4f5332a3&offerListId=466496-FD30CC3FA71E9425620475B8BF1B8A7F&pos=5&price=1155.53&productid=466496&sid=313235&type=offer,0,/prix/466496/makita-hm1400.html
20,12353,Mar­teau-Pi­queur Makita Hexagonal 30 mm 1240 Watt modèle HM1400,1197.91,EUR,false,Master-outillage.com,/go/3155423450896540480.html?categoryId=18308&offerKey=3135f9156f82f36334fc4072ca642c29&offerListId=466496-FD30CC3FA71E9425620475B8BF1B8A7F&pos=6&price=1197.91&productid=466496&sid=282706&type=offer,0,/prix/466496/makita-hm1400.html
21,12353,Marteau piqueure Makita HM1400 30 mm Sechskant,1204.52,EUR,false,Ubaldi.com (Marketplace),/go/3221509590185152090.html?categoryId=18308&offerKey=143e1e51597c1f550479e6086a574a09&offerListId=466496-FD30CC3FA71E9425620475B8BF1B8A7F&pos=7&price=1204.52&productid=466496&sid=316737&type=offer,0,/prix/466496/makita-hm1400.html
22,12353,Mar­teau-pi­queur Hexagonal 30 mm 1240 W,1205.48,EUR,false,Comptoirdespros.com,/go/3226800681337750775.html?categoryId=18308&offerKey=e09d67f7d4456281709e774068e89a63&offerListId=466496-FD30CC3FA71E9425620475B8BF1B8A7F&pos=8&price=1205.48&productid=466496&sid=283959&type=offer,0,/prix/466496/makita-hm1400.html
23,12353,"
document.getElementById(""result-8-offerinfo"").title = document.getElementById(""result-8-offerinfo"").innerHTML = idealoApp.getContents('|2\<:E2 w| `c__ |2CUD9JjE62F\\A:UD9JjBF6FC');
",1214.11,EUR,false,Monsieur Plus,/go/3253635635103140653.html?categoryId=18308&offerKey=78efe68e7736be19e5fbbfb0e01c6d51&offerListId=466496-FD30CC3FA71E9425620475B8BF1B8A7F&pos=9&price=1214.11&productid=466496&sid=24573&type=offer,0,/prix/466496/makita-hm1400.html
24,12353,Marteau de démolition Makita HM1400,1252.35,EUR,false,Rakuten.com FR,/go/5124456961.html?categoryId=18308&offerKey=ebb7fb1707401dbf9853ae1e69233ad2&offerListId=466496-FD30CC3FA71E9425620475B8BF1B8A7F&pos=10&price=1252.35&productid=466496&sid=26246&type=offer,0,/prix/466496/makita-hm1400.html
25,12353,Burineur Hexagonal 30Mm 1240W Hm1400 Makita |,1259.07,EUR,false,Clickoutil.com,/go/3221886892687499226.html?categoryId=18308&offerKey=33e6a3559c433e5a0a5e9b713955ff41&offerListId=466496-FD30CC3FA71E9425620475B8BF1B8A7F&pos=11&price=1259.07&productid=466496&sid=289388&type=offer,0,/prix/466496/makita-hm1400.html
26,12353,"MAKITA Dé­mo­lis­seur 1240W Hexagonal 30mm 31,7 Joules - HM1400",1315.0,EUR,false,ManoMano.fr,/go/3221326247260853292.html?categoryId=18308&offerKey=bcc1165720326d1352351da10ad7e39f&offerListId=466496-FD30CC3FA71E9425620475B8BF1B8A7F&pos=12&price=1315.00&productid=466496&sid=291209&type=offer,0,/prix/466496/makita-hm1400.html
27,12353,"Makita dé­mo­lis­seur 1240w hexagonal 30mm 31,7 joules - hm1400",1315.0,EUR,false,Guedo-outillage.fr,/go/5981245421.html?categoryId=18308&offerKey=63a6a8ab4995e4e266385b343a060fd9&offerListId=466496-FD30CC3FA71E9425620475B8BF1B8A7F&pos=13&price=1315.00&productid=466496&sid=69278&type=offer,0,/prix/466496/makita-hm1400.html
28,12353,Mar­teau-pi­queur Hexagonal 30 mm 1240 W MAKITA- HM1400,1345.63,EUR,false,Bati-avenue.com,/go/3246695477474757535.html?categoryId=18308&offerKey=2760eb84370eec9d0b13843097e69645&offerListId=466496-FD30CC3FA71E9425620475B8BF1B8A7F&pos=14&price=1345.63&productid=466496&sid=283034&type=offer,0,/prix/466496/makita-hm1400.html
29,12353,Makita Marteau piqueur hexagonal 30mm 17Kg HM1400,1345.63,EUR,false,Rueducommerce.fr (Marketplace),/go/3249402891292640195.html?categoryId=18308&offerKey=fd4b704036f6ec5b5d0f6a2758e4e3f9&offerListId=466496-FD30CC3FA71E9425620475B8BF1B8A7F&pos=15&price=1345.63&productid=466496&sid=25482&type=offer,0,/prix/466496/makita-hm1400.html
30,12392,Bosch GSR 18V-60 C Perceuse visseuse à batteries 18V Li-Ion (2x batterie 2.0Ah à induction) dans L-Boxx,309.99,EUR,false,Fixami.fr,/go/3235106745883821772.html?categoryId=3687&offerKey=ac97ffed3f94edbaa3a7f0a9f8c4fca8&offerListId=5500058-2BEB00E2640204486620B44FE2936719&pos=1&price=309.99&productid=5500058&sid=306120&type=offer,0,/prix/5500058/bosch-gsr-18-v-60-c-professional-06019g1105.html
31,12392,Bosch GSR 18V-60 C Pro­fes­sio­nal,359.63,EUR,false,ManoMano.fr,/go/3149895257766769398.html?categoryId=3687&offerKey=dbc21a5a061b150aafe8e8cf28be06d1&offerListId=5500058-2BEB00E2640204486620B44FE2936719&pos=2&price=359.63&productid=5500058&sid=291209&type=offer,0,/prix/5500058/bosch-gsr-18-v-60-c-professional-06019g1105.html
32,12392,Per­ceuse-vis­seuse sans fil Bosch PRO GSR 18V-60 C Pro­fes­sio­nal 06019G1105,360.0,EUR,false,Master-outillage.com,/go/3155423450114295714.html?categoryId=3687&offerKey=22dbb311d004fd252c238c6480dc53ad&offerListId=5500058-2BEB00E2640204486620B44FE2936719&pos=3&price=360.00&productid=5500058&sid=282706&type=offer,0,/prix/5500058/bosch-gsr-18-v-60-c-professional-06019g1105.html
33,12392,Per­ceuse-vis­seuse sans fil GSR 18V-60 C,360.0,EUR,false,Comptoirdespros.com,/go/3226800631152904782.html?categoryId=3687&offerKey=bf37f42ba398e23f6a9e27d71eaac3e6&offerListId=5500058-2BEB00E2640204486620B44FE2936719&pos=4&price=360.00&productid=5500058&sid=283959&type=offer,0,/prix/5500058/bosch-gsr-18-v-60-c-professional-06019g1105.html
34,12392,Bosch Per­ceuse-vis­seuse sans fil GSR 18V-60 C - 06019G1105,360.69,EUR,false,Rueducommerce.fr (Marketplace),/go/3253253194190424170.html?categoryId=3687&offerKey=1a3ece5e8a2af52ffbe078872bc0169e&offerListId=5500058-2BEB00E2640204486620B44FE2936719&pos=5&price=360.69&productid=5500058&sid=25482&type=offer,0,/prix/5500058/bosch-gsr-18-v-60-c-professional-06019g1105.html
35,12392,Bosch Per­ceuse-vis­seuse sans fil GSR 18V-60 C - 06019G1105,371.67,EUR,false,Rakuten.com FR,/go/3188516534735605539.html?categoryId=3687&offerKey=23ffdb43d4e94caa748aeb456e7dd0ef&offerListId=5500058-2BEB00E2640204486620B44FE2936719&pos=6&price=371.67&productid=5500058&sid=26246&type=offer,0,/prix/5500058/bosch-gsr-18-v-60-c-professional-06019g1105.html
36,12392,"
document.getElementById(""result-6-offerinfo"").title = document.getElementById(""result-6-offerinfo"").innerHTML = idealoApp.getContents('q@D49 !C@UD9Jj76DUD9JjD:@UD9Jj?2= v$# `g \' e_ r !6CUD9Jj46FD6\\G:DUD9JjD6FD6 D2?D 7:=[ a I a[_ pw q2EE6C:6 {:\\x@?[ |2I:\>F\> e_ }\>[ `b \>\> |2?5C:? 56 \>U624FE6jE2= A=6:? 52?D 4@77C6E {\\q@II[ ` A:U68C2G6j46[ _e_`h 8``_d');
",380.02,EUR,false,Amazon.fr,/go/3231363140528636526.html?categoryId=3687&offerKey=7181bdb0ae54f0a13406332f5e39f9b2&offerListId=5500058-2BEB00E2640204486620B44FE2936719&pos=7&price=380.02&productid=5500058&sid=12003&type=offer,0,/prix/5500058/bosch-gsr-18-v-60-c-professional-06019g1105.html
37,12392,"
document.getElementById(""result-7-offerinfo"").title = document.getElementById(""result-7-offerinfo"").innerHTML = idealoApp.getContents('q@D49 !C@UD9Jj76DUD9JjD:@UD9Jj?2= v$# `g \' e_ r !6CUD9Jj46FD6\\G:DUD9JjD6FD6 D2?D 7:=[ a I a[_ pw q2EE6C:6 {:\\x@?[ |2I:\>F\> e_ }\>[ `b \>\> |2?5C:? 56 \>U624FE6jE2= A=6:? 52?D 4@77C6E {\\q@II[ ` A:U68C2G6j46[ _e_`h 8``_d');
",380.02,EUR,false,RUBART,/go/3251619560299693905.html?categoryId=3687&offerKey=20cd4f00b2c5479d15990753e234d61d&offerListId=5500058-2BEB00E2640204486620B44FE2936719&pos=8&price=380.02&productid=5500058&sid=24573&type=offer,0,/prix/5500058/bosch-gsr-18-v-60-c-professional-06019g1105.html
38,12392,"Tournevis pour perceuse à piles Bosch GSR 18V-60 C avec 2x 2,0Ah batteries et chargeur neufs",434.44,EUR,false,Heiz24.de (FR),/go/3259187168593052876.html?categoryId=3687&offerKey=466245112758f107b9bd9b3df5a28858&offerListId=5500058-2BEB00E2640204486620B44FE2936719&pos=9&price=434.44&productid=5500058&sid=287343&type=offer,0,/prix/5500058/bosch-gsr-18-v-60-c-professional-06019g1105.html
39,12392,Bosch Per­ceuse-vis­seuse sans fil GSR 18V-60 C - 06019G1105,728.9,EUR,false,Mytoolstore.fr,/go/3253116279417995466.html?categoryId=3687&offerKey=f9934d4b88c646154fcd56ed6823935a&offerListId=5500058-2BEB00E2640204486620B44FE2936719&pos=10&price=728.90&productid=5500058&sid=29224&type=offer,0,/prix/5500058/bosch-gsr-18-v-60-c-professional-06019g1105.html
40,12459,Stihl Taille-haies Ã batterie HSA 56 Pack complet 45210113510,223.9,EUR,false,ManoMano.fr,/go/3260693521012622630.html?categoryId=11274&offerKey=0e749b73e2b16004458c7daccaff3365&offerListId=5412102-A587A98F844F50718839FD1D87AE2A9F&pos=1&price=223.90&productid=5412102&sid=291209&type=offer,0,/prix/5412102/stihl-hsa-56-45210113510.html
41,12459,"
document.getElementById(""result-1-offerinfo"").title = document.getElementById(""result-1-offerinfo"").innerHTML = idealoApp.getContents('$E:9= %2:==6\\w2:6 D2?D u:= r:D62FI de Z q2EE6C:6 p\< `_ Z p= r92C86FC `_`');
",314.99,EUR,false,w-mtools-de,/go/3261774216933934797.html?categoryId=11274&offerKey=a06039804b0dc21b78f167e4dd8f192f&offerListId=5412102-A587A98F844F50718839FD1D87AE2A9F&pos=2&price=314.99&productid=5412102&sid=24572&type=offer,0,/prix/5412102/stihl-hsa-56-45210113510.html
42,12465,"
document.getElementById(""result-0-offerinfo"").title = document.getElementById(""result-0-offerinfo"").innerHTML = idealoApp.getContents('ptv c__abhdbfb`fg r92C86FC[ `g \'[ |F=UD9JjE:UD9Jj4@UD9Jj=@C6');
",39.99,EUR,false,Amazon.fr,/go/7303942056.html?categoryId=8535&offerKey=b7b9bb9998d3fe80c2c063633c46114f&offerListId=3184455-FAEDC996EDC0A67BB5615213CCAC8D8C&pos=1&price=39.99&productid=3184455&sid=12003&type=offer,0,/prix/3184455/aeg-bl1218.html
43,12465,"AEG Chargeur BL1218 - 12 / 14,4 / 18 V - 4 Ah Li-ION - Système GBS",44.99,EUR,false,Cdiscount.com,/go/3200075722978755952.html?categoryId=8535&offerKey=c3170ce6091ad805231d39b39e0697a5&offerListId=3184455-FAEDC996EDC0A67BB5615213CCAC8D8C&pos=2&price=44.99&productid=3184455&sid=29061&type=offer,0,/prix/3184455/aeg-bl1218.html
44,12465,"
document.getElementById(""result-2-offerinfo"").title = document.getElementById(""result-2-offerinfo"").innerHTML = idealoApp.getContents('#J@3: ptv 492C86FC');
",45.5,EUR,false,espace-bricolage,/go/3236306954427041703.html?categoryId=8535&offerKey=63de52b1e1b9cef5254c69ca0aaa1681&offerListId=3184455-FAEDC996EDC0A67BB5615213CCAC8D8C&pos=3&price=45.50&productid=3184455&sid=24573&type=offer,0,/prix/3184455/aeg-bl1218.html
45,12465,Aeg Chargeur 12-18V Li-ion 30min BL 1218,45.5,EUR,false,Rueducommerce.fr (Marketplace),/go/3213754476676519162.html?categoryId=8535&offerKey=c450fbebc14103db2603c71a71d0fa84&offerListId=3184455-FAEDC996EDC0A67BB5615213CCAC8D8C&pos=4&price=45.50&productid=3184455&sid=25482&type=offer,0,/prix/3184455/aeg-bl1218.html
46,12465,Chargeur Gbs 12/14.4/18 V - Aeg - Bl1218,45.9,EUR,false,Rakuten.com FR,/go/3155563570888970475.html?categoryId=8535&offerKey=7bfb3119336536f75cde3aff4e528247&offerListId=3184455-FAEDC996EDC0A67BB5615213CCAC8D8C&pos=5&price=45.90&productid=3184455&sid=26246&type=offer,0,/prix/3184455/aeg-bl1218.html
47,12465,AEG BL1218 Chargeur 12V - 18V,51.59,EUR,false,Fixami.fr,/go/3235106651694433136.html?categoryId=8535&offerKey=2b6ebec92223a69f11464dcb77bdf0cf&offerListId=3184455-FAEDC996EDC0A67BB5615213CCAC8D8C&pos=6&price=51.59&productid=3184455&sid=306120&type=offer,0,/prix/3184455/aeg-bl1218.html
48,12465,Chargeur AEG 12-18V Li-ion 30min BL 1218,52.19,EUR,false,Ubaldi.com (Marketplace),/go/3221509299972868648.html?categoryId=8535&offerKey=05115ddf01f4abc50ceef42bfd6f3958&offerListId=3184455-FAEDC996EDC0A67BB5615213CCAC8D8C&pos=7&price=52.19&productid=3184455&sid=316737&type=offer,0,/prix/3184455/aeg-bl1218.html
49,12465,Batterie et chargeur Aeg Chargeur aeg 12-18v li-ion 30min bl 1218,52.19,EUR,false,Darty.com (Marketplace),/go/3223133625209852303.html?categoryId=8535&offerKey=ab14e222d7b27f88f8852b271646f679&offerListId=3184455-FAEDC996EDC0A67BB5615213CCAC8D8C&pos=8&price=52.19&productid=3184455&sid=316364&type=offer,0,/prix/3184455/aeg-bl1218.html
50,12465,Aeg Chargeur 12-18V Li-ion 30min BL 1218,52.19,EUR,false,Rueducommerce.fr (Marketplace),/go/3226436266685890686.html?categoryId=8535&offerKey=0746f428f4372052e8b3c712716a2ea5&offerListId=3184455-FAEDC996EDC0A67BB5615213CCAC8D8C&pos=9&price=52.19&productid=3184455&sid=25482&type=offer,0,/prix/3184455/aeg-bl1218.html
51,12465,Aeg Chargeur 12-18V Li-ion 30min BL 1218,65.05,EUR,false,Rueducommerce.fr (Marketplace),/go/3222981440979338582.html?categoryId=8535&offerKey=35abc0f194bebc518757158ffcecc64d&offerListId=3184455-FAEDC996EDC0A67BB5615213CCAC8D8C&pos=10&price=65.05&productid=3184455&sid=25482&type=offer,0,/prix/3184455/aeg-bl1218.html
52,12465,Aeg Chargeur 12-18V Li-ion 30min BL 1218,66.71,EUR,false,Rueducommerce.fr (Marketplace),/go/3213756842190572391.html?categoryId=8535&offerKey=59dadfd46f34d818706fc5f4f954f049&offerListId=3184455-FAEDC996EDC0A67BB5615213CCAC8D8C&pos=11&price=66.71&productid=3184455&sid=25482&type=offer,0,/prix/3184455/aeg-bl1218.html
53,12465,"
document.getElementById(""result-11-offerinfo"").title = document.getElementById(""result-11-offerinfo"").innerHTML = idealoApp.getContents('rwp#vt\&# vq$ `a^`c]c^`g \' \\ ptv \\ q{`a`g');
",68.57,EUR,false,asdiscountsarl,/go/3261993223328893602.html?categoryId=8535&offerKey=897b5c265826aa3bfceb69a310fecbea&offerListId=3184455-FAEDC996EDC0A67BB5615213CCAC8D8C&pos=12&price=68.57&productid=3184455&sid=24572&type=offer,0,/prix/3184455/aeg-bl1218.html
54,12465,Chargeur 12-18V AEG BL 1218,70.0,EUR,false,Rotopino.fr,/go/3176246296115684343.html?categoryId=8535&offerKey=866f117e021c8c94b018fdf662f92d4d&offerListId=3184455-FAEDC996EDC0A67BB5615213CCAC8D8C&pos=13&price=70.00&productid=3184455&sid=287166&type=offer,0,/prix/3184455/aeg-bl1218.html
55,12465,"AEG Chargeur BL1218 - 12 / 14,4 / 18 V - 4 Ah Li-ION - Systeme GBS",77.25,EUR,false,ManoMano.fr,/go/7239455820.html?categoryId=8535&offerKey=4c95dbf86733352338d310baf019f5ad&offerListId=3184455-FAEDC996EDC0A67BB5615213CCAC8D8C&pos=14&price=77.25&productid=3184455&sid=291209&type=offer,0,/prix/3184455/aeg-bl1218.html
56,12465,Aeg Chargeur 12-18V Li-ion 30min BL 1218,77.26,EUR,false,Rueducommerce.fr (Marketplace),/go/3223149654696790298.html?categoryId=8535&offerKey=690c6f33c55cc5c2bf9abd732e21c672&offerListId=3184455-FAEDC996EDC0A67BB5615213CCAC8D8C&pos=15&price=77.26&productid=3184455&sid=25482&type=offer,0,/prix/3184455/aeg-bl1218.html
57,12471,"Makita Dtp141rmj Visseuse À Chocs Hybride À Batteries Lxt 18v Litio 4,0ah Bl Makpac",412.97,EUR,false,Bricum.com (FR),/go/3224041802975684081.html?categoryId=3687&offerKey=8c64fbfe4376d589f41ca92a2d9b7a23&offerListId=4610726-18AC171CF71B7BCDFBC31A36E61A43AA&pos=1&price=412.97&productid=4610726&sid=313235&type=offer,0,/prix/4610726/makita-dtp141rmj.html
58,12471,"
document.getElementById(""result-1-offerinfo"").title = document.getElementById(""result-1-offerinfo"").innerHTML = idealoApp.getContents('\':DD6FD6 BF25C@ D2?D 7:= `g \'[ s%!`c`#|y[ `g G@=ED\'');
",437.27,EUR,false,SVH Handels-GmbH,/go/3242383025022960013.html?categoryId=3687&offerKey=b4ce3edf8d1eb9257c4f600fe1a6f0b5&offerListId=4610726-18AC171CF71B7BCDFBC31A36E61A43AA&pos=2&price=437.27&productid=4610726&sid=24573&type=offer,0,/prix/4610726/makita-dtp141rmj.html
59,12471,Makita DTP141RMJ Visseuse à chocs hybride 18V Li-Ion set (2x batterie 4.0Ah) dans MAKPAC,447.99,EUR,false,Fixami.fr,/go/3235106643693800205.html?categoryId=3687&offerKey=2876db1c00ee1e6d963e2ae64f797c24&offerListId=4610726-18AC171CF71B7BCDFBC31A36E61A43AA&pos=3&price=447.99&productid=4610726&sid=306120&type=offer,0,/prix/4610726/makita-dtp141rmj.html
60,12471,"
document.getElementById(""result-3-offerinfo"").title = document.getElementById(""result-3-offerinfo"").innerHTML = idealoApp.getContents('\':DD6FD6 BF25C@ D2?D 7:= `g \'[ s%!`c`#|y[ `g G@=ED\'');
",448.42,EUR,false,Amazon.fr,/go/7319167717.html?categoryId=3687&offerKey=8503286a0a27abb2d698eafcde5ffedf&offerListId=4610726-18AC171CF71B7BCDFBC31A36E61A43AA&pos=4&price=448.42&productid=4610726&sid=12003&type=offer,0,/prix/4610726/makita-dtp141rmj.html
61,12471,Perceuse visseuse Makita 4 fonctions 18 Volts Li-Ion 4 Ah modèle DTP141RMJ,448.42,EUR,false,Master-outillage.com,/go/3155423455598355370.html?categoryId=3687&offerKey=d726428ba1889974f051b0996933967e&offerListId=4610726-18AC171CF71B7BCDFBC31A36E61A43AA&pos=5&price=448.42&productid=4610726&sid=282706&type=offer,0,/prix/4610726/makita-dtp141rmj.html
62,12471,Perceuse visseuse 4 fonctions 18 V Li-Ion 4 Ah,458.32,EUR,false,Comptoirdespros.com,/go/3226800683246157942.html?categoryId=3687&offerKey=efbb8931c56569a19133fd92cc82469f&offerListId=4610726-18AC171CF71B7BCDFBC31A36E61A43AA&pos=6&price=458.32&productid=4610726&sid=283959&type=offer,0,/prix/4610726/makita-dtp141rmj.html
63,12471,Perceuse visseuse MAKITA 18V 4.0AH Li-Ion - DTP141RMJ,492.5,EUR,false,Maxoutil.com,/go/3803027505.html?categoryId=3687&offerKey=d80c89dda6e2b1ae8939eebe43a73fa9&offerListId=4610726-18AC171CF71B7BCDFBC31A36E61A43AA&pos=7&price=492.50&productid=4610726&sid=254364&type=offer,0,/prix/4610726/makita-dtp141rmj.html
64,12471,Makita - Visseuse à chocs 4 fonctions 18 V Li-Ion 4 Ah - DTP141RMJ,499.0,EUR,false,ManoMano.fr,/go/3161911651687478142.html?categoryId=3687&offerKey=b77faf54fbe342e0623fe1fec4df0e96&offerListId=4610726-18AC171CF71B7BCDFBC31A36E61A43AA&pos=8&price=499.00&productid=4610726&sid=291209&type=offer,0,/prix/4610726/makita-dtp141rmj.html
65,12471,Makita Perceuse visseuse 18V 4.0AH Li-Ion - DTP141RMJ,506.31,EUR,false,Rueducommerce.fr (Marketplace),/go/3213754495909499283.html?categoryId=3687&offerKey=b5176d4f42ba5570a7039b0e2202c6f4&offerListId=4610726-18AC171CF71B7BCDFBC31A36E61A43AA&pos=9&price=506.31&productid=4610726&sid=25482&type=offer,0,/prix/4610726/makita-dtp141rmj.html
66,12471,Makita Perceuse visseuse 18V 4.0AH Li-Ion - DTP141RMJ,509.69,EUR,false,Rueducommerce.fr (Marketplace),/go/3213754673573925770.html?categoryId=3687&offerKey=49e7f050813e28fbdd3e4f9f209bc75a&offerListId=4610726-18AC171CF71B7BCDFBC31A36E61A43AA&pos=10&price=509.69&productid=4610726&sid=25482&type=offer,0,/prix/4610726/makita-dtp141rmj.html
67,12471,Perceuse à percussion Makita DTP141RMJ 18V,531.85,EUR,false,Ubaldi.com (Marketplace),/go/3221509589727976189.html?categoryId=3687&offerKey=fa23561b8373a43aefc96ff49bffb84e&offerListId=4610726-18AC171CF71B7BCDFBC31A36E61A43AA&pos=11&price=531.85&productid=4610726&sid=316737&type=offer,0,/prix/4610726/makita-dtp141rmj.html
68,12471,TOURNEVIS PER­CUS.4MODE 18V4AX2,541.11,EUR,false,Rakuten.com FR,/go/5067509730.html?categoryId=3687&offerKey=5a5471f643a54087756a1d2210233b1e&offerListId=4610726-18AC171CF71B7BCDFBC31A36E61A43AA&pos=12&price=541.11&productid=4610726&sid=26246&type=offer,0,/prix/4610726/makita-dtp141rmj.html
69,12471,"Perceuse, visseuse Makita Perceuse visseuse makita dtp141rmj 18v li-ion 4.0ah",542.92,EUR,false,Darty.com (Marketplace),/go/3223311310963870143.html?categoryId=3687&offerKey=4482463bbda7224ab59f453c06310f5e&offerListId=4610726-18AC171CF71B7BCDFBC31A36E61A43AA&pos=13&price=542.92&productid=4610726&sid=316364&type=offer,0,/prix/4610726/makita-dtp141rmj.html
70,12471,Makita Perceuse visseuse 4 fonctions 18 V Li-Ion 4 Ah - DTP141RMJ,569.8,EUR,false,Mytoolstore.fr,/go/3229324295635208406.html?categoryId=3687&offerKey=a3e19c86edae8c041c92253f86992925&offerListId=4610726-18AC171CF71B7BCDFBC31A36E61A43AA&pos=14&price=569.80&productid=4610726&sid=29224&type=offer,0,/prix/4610726/makita-dtp141rmj.html
71,12471,"
document.getElementById(""result-14-offerinfo"").title = document.getElementById(""result-14-offerinfo"").innerHTML = idealoApp.getContents('!6C46FD6 G:DD6FD6 |2\<:E2 s%!`c`#|y `g\' {:\\x@? c]_p9');
",598.8,EUR,false,espace-bricolage,/go/3245267210047849789.html?categoryId=3687&offerKey=a9a1cd2396035812d6990444a75a9399&offerListId=4610726-18AC171CF71B7BCDFBC31A36E61A43AA&pos=15&price=598.80&productid=4610726&sid=24572&type=offer,0,/prix/4610726/makita-dtp141rmj.html
