,index_data,product_name,product_price,currency,voucher,shop_name,url_origin,url_image,id_page
0,3628,Spray Bitume Colmat'Pro Express Blanc 300ml - Blanc,15.95,EUR,false,ManoMano.fr,/go/6679474795.html?price=15.95&sid=291209&type=oc_offer,0,/type/4003073926730.html
1,3628,Spray Bitume Colmat'Pro Express Blanc 300ml - Blanc,19.95,EUR,false,Taspasmieux.fr,/go/3223854404411071362.html?price=19.95&sid=292648&type=oc_offer,0,/type/4003073926730.html
2,3642,Coude horizontal 90° minigaine 40x100mm 11023977,5.38,EUR,false,Kelelek.com,/go/3169648718869703743.html?price=5.38&sid=285842&type=oc_offer,0,/type/3542280239772.html
3,3642,Coude horizontal 90° Minigaine pour conduits rigides PVC - 40 x 100mm,6.05,EUR,false,ManoMano.fr,/go/3248041686785327188.html?price=6.05&sid=291209&type=oc_offer,0,/type/3542280239772.html
4,4193,"
document.getElementById(""result-0-offerinfo"").title = document.getElementById(""result-0-offerinfo"").innerHTML = idealoApp.getContents('s6=@?89: pr fd');
",92.03,EUR,false,Amazon.fr,/go/8677299977.html?categoryId=21318&offerKey=dfa687edcec4abf889cac1252fce34ca&offerListId=3592036-D9ECBF26A17711AF4C5A7012A44FE6E9&pos=1&price=92.03&productid=3592036&sid=12003&type=offer,0,/prix/3592036/de-longhi-ac-75.html
5,4193,DELONGHI AC75 Pu­ri­fi­ca­teur,92.03,EUR,false,Cdiscount.com,/go/3166982217207394816.html?categoryId=21318&offerKey=69c2eeb5e4245a58841f059ed635998d&offerListId=3592036-D9ECBF26A17711AF4C5A7012A44FE6E9&pos=2&price=92.03&productid=3592036&sid=29061&type=offer,0,/prix/3592036/de-longhi-ac-75.html
6,4193,Pu­ri­fi­ca­teur Delonghi AC 75,92.03,EUR,false,Mistergooddeal.com,/go/3220432333966419233.html?categoryId=21318&offerKey=4aea8c1368b3ce6d1bc67600e1c690ed&offerListId=3592036-D9ECBF26A17711AF4C5A7012A44FE6E9&pos=3&price=92.03&productid=3592036&sid=25778&type=offer,0,/prix/3592036/de-longhi-ac-75.html
7,4193,Pu­ri­fi­ca­teur d’air Delonghi AC 75 35 W Blanc Blanc,98.5,EUR,false,Fnac.com (Marketplace),/go/3252362887085163798.html?categoryId=21318&offerKey=0314dcc8541d6f84e8f251d2a2098283&offerListId=3592036-D9ECBF26A17711AF4C5A7012A44FE6E9&pos=4&price=98.50&productid=3592036&sid=307622&type=offer,0,/prix/3592036/de-longhi-ac-75.html
8,4193,Pu­ri­fi­ca­teur dair Delonghi AC 75 35 W Blanc,99.0,EUR,false,Fnac.com,/go/3225485093453695244.html?categoryId=21318&offerKey=7dacf74e19ef3fd9080cb5ccb4f26086&offerListId=3592036-D9ECBF26A17711AF4C5A7012A44FE6E9&pos=5&price=99.00&productid=3592036&sid=25536&type=offer,0,/prix/3592036/de-longhi-ac-75.html
9,4193,Pu­ri­fi­ca­teur Delonghi AC 75,99.0,EUR,false,Darty.com,/go/3220316557886358444.html?categoryId=21318&offerKey=f48ba7f6c13a4ea78191f30a5ac99fbb&offerListId=3592036-D9ECBF26A17711AF4C5A7012A44FE6E9&pos=6&price=99.00&productid=3592036&sid=285509&type=offer,0,/prix/3592036/de-longhi-ac-75.html
10,4193,De'Longhi AC 75 - Épurateur d'air,105.31,EUR,false,Rakuten.com FR,/go/4244763727.html?categoryId=21318&offerKey=28d8bbd968754993c20f29a0bd6bd8d4&offerListId=3592036-D9ECBF26A17711AF4C5A7012A44FE6E9&pos=7&price=105.31&productid=3592036&sid=26246&type=offer,0,/prix/3592036/de-longhi-ac-75.html
11,4193,"
document.getElementById(""result-7-offerinfo"").title = document.getElementById(""result-7-offerinfo"").innerHTML = idealoApp.getContents('s6=@?89: pr fd');
",115.13,EUR,false,ZOOM ICI,/go/3226189225634300001.html?categoryId=21318&offerKey=f4ffc225df3da627611c9c92b9e3cdcf&offerListId=3592036-D9ECBF26A17711AF4C5A7012A44FE6E9&pos=8&price=115.13&productid=3592036&sid=24573&type=offer,0,/prix/3592036/de-longhi-ac-75.html
12,4193,Pu­ri­fi­ca­teur dair DeLonghi 0137.101010 25 m² 35 W blanc,195.0,EUR,false,Conrad.fr,/go/3254686058656301297.html?categoryId=21318&offerKey=292d3130d8e539859bcaad90c1df448b&offerListId=3592036-D9ECBF26A17711AF4C5A7012A44FE6E9&pos=9&price=195.00&productid=3592036&sid=286907&type=offer,0,/prix/3592036/de-longhi-ac-75.html
13,4446,"
document.getElementById(""result-0-offerinfo"").title = document.getElementById(""result-0-offerinfo"").innerHTML = idealoApp.getContents('%649EC@?:4 x?5FDEC:6D #J@3: ~?6 !=FD !6C46FD6 U28C2G6j 2?8=6 5C@:E `g \'');
",71.36,EUR,false,Amazon.fr,/go/7318982259.html?categoryId=22699&offerKey=387b853ca6e51b291260d4ed90611dcb&offerListId=5445381-55AA71FFCC93437C0ABAEC0CB27A3D67&pos=1&price=71.36&productid=5445381&sid=12003&type=offer,0,/prix/5445381/ryobi-one-plus-5133001167.html
14,4446,"
document.getElementById(""result-1-offerinfo"").title = document.getElementById(""result-1-offerinfo"").innerHTML = idealoApp.getContents('%649EC@?:4 x?5FDEC:6D #J@3: ~?6 !=FD !6C46FD6 U28C2G6j 2?8=6 5C@:E `g \'');
",77.5,EUR,false,Indoostrial,/go/3252390371707062379.html?categoryId=22699&offerKey=0f9663c32ba35d20dbe76835b50bab60&offerListId=5445381-55AA71FFCC93437C0ABAEC0CB27A3D67&pos=2&price=77.50&productid=5445381&sid=24573&type=offer,0,/prix/5445381/ryobi-one-plus-5133001167.html
15,4446,"
document.getElementById(""result-2-offerinfo"").title = document.getElementById(""result-2-offerinfo"").innerHTML = idealoApp.getContents('%649EC@?:4 x?5FDEC:6D #J@3: ~?6 !=FD !6C46FD6 U28C2G6j 2?8=6 5C@:E `g \'');
",93.86,EUR,false,lesboutiques,/go/3265242717910730338.html?categoryId=22699&offerKey=22c0b3601105d05648d00995e30d5df9&offerListId=5445381-55AA71FFCC93437C0ABAEC0CB27A3D67&pos=3&price=93.86&productid=5445381&sid=24572&type=offer,0,/prix/5445381/ryobi-one-plus-5133001167.html
16,4472,"
document.getElementById(""result-0-offerinfo"").title = document.getElementById(""result-0-offerinfo"").innerHTML = idealoApp.getContents('#J@3: cghaa`_`chec_ %@FC6E U28C2G6j q2?56^U28C2G6j s:DBF6[ bf_ ([ |F=UD9JjE:UD9Jj4@UD9Jj=@C6');
",163.0,EUR,false,Amazon.fr,/go/3185173285992139367.html?categoryId=3706&offerKey=eb99c342ef37cc1aa7422b193a8564cd&offerListId=5882955-A9F664719D3819FBC8B930273C0E5328&pos=1&price=163.00&productid=5882955&sid=12003&type=offer,0,/prix/5882955/ryobi-rbgl650g.html
17,4472,Touret à meuler Ryobi Touret à bande 370w ryobi rbgl650g,183.66,EUR,false,Darty.com (Marketplace),/go/3253892367398208729.html?categoryId=3706&offerKey=954233f053a28ff6a7fb1dad3ce2ebd7&offerListId=5882955-A9F664719D3819FBC8B930273C0E5328&pos=2&price=183.66&productid=5882955&sid=316364&type=offer,0,/prix/5882955/ryobi-rbgl650g.html
18,4472,Ryobi Touret à bande et à disque sta­tion­naire 370W - 150mm RBGL650G,190.78,EUR,false,Rueducommerce.fr (Marketplace),/go/3247090488074832550.html?categoryId=3706&offerKey=031218a840fd469924c1c84830983120&offerListId=5882955-A9F664719D3819FBC8B930273C0E5328&pos=3&price=190.78&productid=5882955&sid=25482&type=offer,0,/prix/5882955/ryobi-rbgl650g.html
19,4473,"Sika Maxtack Ultra Clear, Colle de fixation à prise rapide transparente après séchage, 300ml, Transparent",7.49,EUR,false,Amazon.fr,/go/3172679230475478655.html?price=7.49&sid=12003&type=oc_offer,0,/type/7612895359540.html
20,4473,SIKA - Mastic colle multi-usages transparent - 350 g,7.49,EUR,false,Cdiscount.com,/go/3169710235799523448.html?price=7.49&sid=29061&type=oc_offer,0,/type/7612895359540.html
21,4473,SIKA - Mastic colle multi-usages transparent - 350 g,10.86,EUR,false,ManoMano.fr,/go/3188711222266568633.html?price=10.86&sid=291209&type=oc_offer,0,/type/7612895359540.html
22,4473,"Pistolet à colle, colle Sika Sika - mastic colle multi-usages transparent - 350 g",12.06,EUR,false,Darty.com (Marketplace),/go/3208673874891780430.html?price=12.06&sid=316364&type=oc_offer,0,/type/7612895359540.html
23,4473,"Sika Maxtack Ultra Clear, Colle de fixation à prise rapide transparente après séchage, 300ml, Transparent",19.7,EUR,false,AS-Discount,/go/3256953875537592753.html?price=19.70&sid=24573&type=oc_offer,0,/type/7612895359540.html
24,4478,"Décapeur, lisseur, raclette. Kit rénovation pour joints de mastic",6.99,EUR,false,Amazon.fr,/go/7321906204.html?price=6.99&sid=12003&type=oc_offer,0,/type/7612895054018.html
25,4478,SIKA - Décapeur lisseur pour joint de mastic,6.99,EUR,false,Cdiscount.com,/go/3168786089645186049.html?price=6.99&sid=29061&type=oc_offer,0,/type/7612895054018.html
26,4478,SIKA - Décapeur lisseur pour joint de mastic,7.02,EUR,false,Rakuten.com FR (Occasion),/go/3240456378682182378.html?price=7.02&sid=277809&type=oc_offer,0,/type/7612895054018.html
27,4478,SIKA - Décapeur lisseur pour joint de mastic,8.9,EUR,false,ManoMano.fr,/go/3191253170437227856.html?price=8.90&sid=291209&type=oc_offer,0,/type/7612895054018.html
28,4478,"Pistolet à colle, colle Sika Sika - décapeur lisseur pour joint de mastic",11.43,EUR,false,Darty.com (Marketplace),/go/3208673874625444722.html?price=11.43&sid=316364&type=oc_offer,0,/type/7612895054018.html
29,4478,Kit de rénovation pour joint SIKA Sika Décapeur-Lisseur,17.96,EUR,false,Ubaldi.com (Marketplace),/go/3225706865365093335.html?price=17.96&sid=316737&type=oc_offer,0,/type/7612895054018.html
30,4481,"
document.getElementById(""result-0-offerinfo"").title = document.getElementById(""result-0-offerinfo"").innerHTML = idealoApp.getContents('#J@3: d`bb__aeb_ #r`geaf r92C86FC A@FC e 32EE6C:6D');
",87.73,EUR,false,espace-bricolage,/go/8086971797.html?categoryId=8535&offerKey=d393fa7fcf8e521aa1f38bfe854cedec&offerListId=5641246-8214DF253698E41A15189BF9C51F6FBF&pos=1&price=87.73&productid=5641246&sid=24573&type=offer,0,/prix/5641246/ryobi-rc18627.html
31,4481,"
document.getElementById(""result-1-offerinfo"").title = document.getElementById(""result-1-offerinfo"").innerHTML = idealoApp.getContents('#J@3: d`bb__aeb_ #r`geaf r92C86FC A@FC e 32EE6C:6D');
",92.49,EUR,false,Amazon.fr,/go/3223065025453228658.html?categoryId=8535&offerKey=ed4cc6ac32071019ce5f08ad407ebf4d&offerListId=5641246-8214DF253698E41A15189BF9C51F6FBF&pos=2&price=92.49&productid=5641246&sid=12003&type=offer,0,/prix/5641246/ryobi-rc18627.html
32,4481,RYOBI Chargeur 18 V 6 ports,92.49,EUR,false,Cdiscount.com,/go/3265154944077924521.html?categoryId=8535&offerKey=25cfec8265f42411b2f0ff90fcc81e66&offerListId=5641246-8214DF253698E41A15189BF9C51F6FBF&pos=3&price=92.49&productid=5641246&sid=29061&type=offer,0,/prix/5641246/ryobi-rc18627.html
33,4481,Chargeur de batterie 6 ports RYOBI 18V Li­thium-ion RC18627,94.99,EUR,false,Rakuten.com FR,/go/8089106191.html?categoryId=8535&offerKey=9fad30d76a572c446eb02bc2c1f46ecd&offerListId=5641246-8214DF253698E41A15189BF9C51F6FBF&pos=4&price=94.99&productid=5641246&sid=26246&type=offer,0,/prix/5641246/ryobi-rc18627.html
34,4481,Chargeur de batterie 6 ports RYOBI 18V OnePlus Li­thium-ion RC18627,102.2,EUR,false,ManoMano.fr,/go/3184181835206767105.html?categoryId=8535&offerKey=f645a8fa6fc3a7d938fab752260681b8&offerListId=5641246-8214DF253698E41A15189BF9C51F6FBF&pos=5&price=102.20&productid=5641246&sid=291209&type=offer,0,/prix/5641246/ryobi-rc18627.html
35,4481,"
document.getElementById(""result-5-offerinfo"").title = document.getElementById(""result-5-offerinfo"").innerHTML = idealoApp.getContents('r92C86FC 56 32EE6C:6 e A@CED #*~qx `g\' ~?6!=FD {:UD9JjE9:F\>\\:@? #r`geaf');
",102.2,EUR,false,espace-bricolage,/go/3243624193931084171.html?categoryId=8535&offerKey=777a79ee80b0fa263c0f0f8a3261baf4&offerListId=5641246-8214DF253698E41A15189BF9C51F6FBF&pos=6&price=102.20&productid=5641246&sid=24572&type=offer,0,/prix/5641246/ryobi-rc18627.html
36,4481,Ryobi Chargeur de batterie 6 ports 18V OnePlus Li­thium-ion RC18627,102.2,EUR,false,Rueducommerce.fr (Marketplace),/go/3213756951850648901.html?categoryId=8535&offerKey=666f3363a2afb9f471aa0a8444e6b306&offerListId=5641246-8214DF253698E41A15189BF9C51F6FBF&pos=7&price=102.20&productid=5641246&sid=25482&type=offer,0,/prix/5641246/ryobi-rc18627.html
37,4481,Batterie et chargeur Ryobi Chargeur de batterie 6 ports ryobi 18v oneplus li­thium-ion rc18627,105.7,EUR,false,Darty.com (Marketplace),/go/3223311312647886230.html?categoryId=8535&offerKey=2dcb067178c40f576604dd00d3f282de&offerListId=5641246-8214DF253698E41A15189BF9C51F6FBF&pos=8&price=105.70&productid=5641246&sid=316364&type=offer,0,/prix/5641246/ryobi-rc18627.html
38,4481,Ryobi RC18627 Chargeur pour 6 batteries One+ 18V,105.99,EUR,false,Fixami.fr,/go/3235107215239021918.html?categoryId=8535&offerKey=71143b97a80444c176ccf2b7a727c195&offerListId=5641246-8214DF253698E41A15189BF9C51F6FBF&pos=9&price=105.99&productid=5641246&sid=306120&type=offer,0,/prix/5641246/ryobi-rc18627.html
39,4481,Ryobi Chargeur de batterie 6 ports 18V OnePlus Li­thium-ion RC18627,105.99,EUR,false,Rueducommerce.fr (Marketplace),/go/3265386730309550581.html?categoryId=8535&offerKey=cd4daa37797658cadc27b9178c746c20&offerListId=5641246-8214DF253698E41A15189BF9C51F6FBF&pos=10&price=105.99&productid=5641246&sid=25482&type=offer,0,/prix/5641246/ryobi-rc18627.html
40,4481,Ryobi Chargeur de batterie 6 ports 18V OnePlus Li­thium-ion RC18627,106.57,EUR,false,Rueducommerce.fr (Marketplace),/go/3226436226850491239.html?categoryId=8535&offerKey=f3020b7e52b4f5427f8e7b54b81c9486&offerListId=5641246-8214DF253698E41A15189BF9C51F6FBF&pos=11&price=106.57&productid=5641246&sid=25482&type=offer,0,/prix/5641246/ryobi-rc18627.html
41,4481,Ryobi Chargeur de batterie 6 ports 18V OnePlus Li­thium-ion RC18627,110.54,EUR,false,Rueducommerce.fr (Marketplace),/go/3219187452711278262.html?categoryId=8535&offerKey=be137e37419fad5180ee25cc935685c1&offerListId=5641246-8214DF253698E41A15189BF9C51F6FBF&pos=12&price=110.54&productid=5641246&sid=25482&type=offer,0,/prix/5641246/ryobi-rc18627.html
42,4481,Chargeur de batterie 6 ports RYOBI 18V OnePlus Li­thium-ion RC18627,113.29,EUR,false,Ubaldi.com (Marketplace),/go/3221509303540125568.html?categoryId=8535&offerKey=75a5164cbaeb7d0e3dfa4233b299925f&offerListId=5641246-8214DF253698E41A15189BF9C51F6FBF&pos=13&price=113.29&productid=5641246&sid=316737&type=offer,0,/prix/5641246/ryobi-rc18627.html
43,4481,Ryobi Chargeur de batterie 6 ports 18V OnePlus Li­thium-ion RC18627,125.89,EUR,false,Rueducommerce.fr (Marketplace),/go/3213754535531001413.html?categoryId=8535&offerKey=1936331f225014a158999ae0624b752b&offerListId=5641246-8214DF253698E41A15189BF9C51F6FBF&pos=14&price=125.89&productid=5641246&sid=25482&type=offer,0,/prix/5641246/ryobi-rc18627.html
44,4481,"Ryobi Chargeur 6 ports 18V - 2,7 A - RC18627",133.6,EUR,false,Mytoolstore.fr,/go/3229324297635891746.html?categoryId=8535&offerKey=292e191993c0a05d4671e6e5bfb1ca68&offerListId=5641246-8214DF253698E41A15189BF9C51F6FBF&pos=15&price=133.60&productid=5641246&sid=29224&type=offer,0,/prix/5641246/ryobi-rc18627.html
45,4539,DESTOCKAGE Scie sauteuse RYOBI 500 WATTS RJS750G + 5 Lames,43.5,EUR,false,Superperfo.fr,/go/3174402749724886097.html?categoryId=22656&offerKey=faa0c8db12e68e7ff1c3b8db0208236a&offerListId=4539194-4564075D6966A1EDB0D0F100EF3AE14C&pos=1&price=43.50&productid=4539194&sid=315080&type=offer,0,/prix/4539194/ryobi-rjs750g.html
46,4539,"
document.getElementById(""result-1-offerinfo"").title = document.getElementById(""result-1-offerinfo"").innerHTML = idealoApp.getContents('#J@3: cghaa`_`agb`f $4:6 $2FE6FD6[ d__ ([ |F=UD9JjE:UD9Jj4@UD9Jj=@C6');
",51.31,EUR,false,espace-bricolage,/go/3180149062250801081.html?categoryId=22656&offerKey=bf0d8a23bf571708025925274d4252a8&offerListId=4539194-4564075D6966A1EDB0D0F100EF3AE14C&pos=2&price=51.31&productid=4539194&sid=24573&type=offer,0,/prix/4539194/ryobi-rjs750g.html
47,4539,Scie sauteuse Ryobi RJS750-G,54.0,EUR,false,Rotopino.fr,/go/6187625149.html?categoryId=22656&offerKey=48498838356c59a8d6141b97f11916fb&offerListId=4539194-4564075D6966A1EDB0D0F100EF3AE14C&pos=3&price=54.00&productid=4539194&sid=287166&type=offer,0,/prix/4539194/ryobi-rjs750g.html
48,4539,"
document.getElementById(""result-3-offerinfo"").title = document.getElementById(""result-3-offerinfo"").innerHTML = idealoApp.getContents('#J@3: cghaa`_`agb`f $4:6 $2FE6FD6[ d__ ([ |F=UD9JjE:UD9Jj4@UD9Jj=@C6');
",54.99,EUR,false,Amazon.fr,/go/3250379017758441810.html?categoryId=22656&offerKey=0bbf0eeff33a594c95dd6cf82e5d17ee&offerListId=4539194-4564075D6966A1EDB0D0F100EF3AE14C&pos=4&price=54.99&productid=4539194&sid=12003&type=offer,0,/prix/4539194/ryobi-rjs750g.html
49,4539,Scie sauteuse électrique RYOBI 500W 75mm bois RJS750-G,56.73,EUR,false,ManoMano.fr,/go/3222977225567509996.html?categoryId=22656&offerKey=43d271fd3735ebf4f0d34a8f16cdc3e6&offerListId=4539194-4564075D6966A1EDB0D0F100EF3AE14C&pos=5&price=56.73&productid=4539194&sid=291209&type=offer,0,/prix/4539194/ryobi-rjs750g.html
50,4539,RYOBI Scie sauteuse compacte 500W,58.8,EUR,false,Rakuten.com FR,/go/4724927588.html?categoryId=22656&offerKey=2560c831550a585ec09f87baadfe794d&offerListId=4539194-4564075D6966A1EDB0D0F100EF3AE14C&pos=6&price=58.80&productid=4539194&sid=26246&type=offer,0,/prix/4539194/ryobi-rjs750g.html
51,4539,Ryobi RJS750-G Scie sauteuse - 500W - poignée en D - variable,59.49,EUR,false,Fixami.fr,/go/3235107209803202854.html?categoryId=22656&offerKey=b87facf44bd881ec171110faa32fd7b6&offerListId=4539194-4564075D6966A1EDB0D0F100EF3AE14C&pos=7&price=59.49&productid=4539194&sid=306120&type=offer,0,/prix/4539194/ryobi-rjs750g.html
52,4539,Scie sauteuse électrique RYOBI 500W 75mm bois RJS750-G,59.57,EUR,false,Ubaldi.com (Marketplace),/go/3221509303902936168.html?categoryId=22656&offerKey=f459422cdac9a93db6eb147a6d1ed381&offerListId=4539194-4564075D6966A1EDB0D0F100EF3AE14C&pos=8&price=59.57&productid=4539194&sid=316737&type=offer,0,/prix/4539194/ryobi-rjs750g.html
53,4539,Ryobi Scie sauteuse électrique 500W 75mm bois RJS750-G,59.99,EUR,false,Rueducommerce.fr (Marketplace),/go/3213753920849452679.html?categoryId=22656&offerKey=50634f153fe11f8c37ccfb25e8b9a3d4&offerListId=4539194-4564075D6966A1EDB0D0F100EF3AE14C&pos=9&price=59.99&productid=4539194&sid=25482&type=offer,0,/prix/4539194/ryobi-rjs750g.html
54,4539,Scie sauteuse électrique RYOBI 500W 75mm bois RJS750-G,69.69,EUR,false,Fnac.com (Marketplace),/go/3252354823445546899.html?categoryId=22656&offerKey=e4682ea7d37a977c98c9406a5c0729ca&offerListId=4539194-4564075D6966A1EDB0D0F100EF3AE14C&pos=10&price=69.69&productid=4539194&sid=307622&type=offer,0,/prix/4539194/ryobi-rjs750g.html
55,4539,Ryobi Scie sauteuse électrique 500W 75mm bois RJS750-G,69.99,EUR,false,Rueducommerce.fr (Marketplace),/go/3267198949770921497.html?categoryId=22656&offerKey=2c1132d0885771a1b45d1a4dfa2e99e5&offerListId=4539194-4564075D6966A1EDB0D0F100EF3AE14C&pos=11&price=69.99&productid=4539194&sid=25482&type=offer,0,/prix/4539194/ryobi-rjs750g.html
56,4545,Fixation canisse Fixcane - lot de 26,11.14,EUR,false,ManoMano.fr,/go/8813248621.html?price=11.14&sid=291209&type=oc_offer,0,/type/8413246013444.html
57,4545,INTERMAS GARDENING Fixation canisse Fixcane - lot de 26,11.37,EUR,false,Home-boulevard.com,/go/2972477374.html?price=11.37&sid=280884&type=oc_offer,0,/type/8413246013444.html
58,4545,INTERMAS GARDENING 147150 Clotures et Occultation Voir Photo,11.58,EUR,false,,/go/3267044957650683619.html?price=11.58&sid=24573&type=oc_offer,0,/type/8413246013444.html
59,4549,Bordure décorative en métal ROYAL BORDER,20.6,EUR,false,ManoMano.fr,/go/8379620895.html?price=20.60&sid=291209&type=oc_offer,0,/type/3260821700603.html
60,4549,Berge et bordure Intermas INTERMAS - Bordure décorative en métal ROYAL BORDER,22.52,EUR,false,Darty.com (Marketplace),/go/3238317106273452485.html?price=22.52&sid=316364&type=oc_offer,0,/type/3260821700603.html
61,4549,INTERMAS GARDENING Bordure de jardin à planter en métal Royal Border,23.04,EUR,false,Centrale Brico,/go/9960819417.html?price=23.04&sid=24573&type=oc_offer,0,/type/3260821700603.html
62,4549,INTERMAS - Bordure décorative en métal ROYAL BORDER,30.72,EUR,false,Fnac.com (Marketplace),/go/3252355710360487089.html?price=30.72&sid=307622&type=oc_offer,0,/type/3260821700603.html
63,4558,"Brise-vue plastique vert 85% occultant 1,2 x 5 m TRIONET",49.94,EUR,false,ManoMano.fr,/go/3222976135212042654.html?price=49.94&sid=291209&type=oc_offer,0,/type/3260821746861.html
64,4558,"Intermas Brise-vue plastique vert 85% occultant 1,2 x 5 m TRIONET",54.94,EUR,false,Centrale Brico,/go/3253680916668615232.html?price=54.94&sid=24573&type=oc_offer,0,/type/3260821746861.html
65,4558,"INTERMAS - Brise-vue plastique vert 85% occultant 1,2 x 5 m TRIONET",62.94,EUR,false,Fnac.com (Marketplace),/go/3252355713623654803.html?price=62.94&sid=307622&type=oc_offer,0,/type/3260821746861.html
66,4560,"Sika Multiseal, Bande d'étanchéité autocollante résistante à la déchirure, 300mm x 10m, Terre cuite",48.37,EUR,false,Amazon.fr,/go/7339842315.html?price=48.37&sid=12003&type=oc_offer,0,/type/7612894021974.html
67,4560,"Sika Multiseal, Bande d'étanchéité autocollante résistante à la déchirure, 300mm x 10m, Terre cuite",51.54,EUR,false,espace-bricolage,/go/3224313463685779534.html?price=51.54&sid=24573&type=oc_offer,0,/type/7612894021974.html
68,4560,"Pistolet à colle, colle Sika Sika - bande d'étanchéité autocollante a froid -terre cuite - 10 m x 300 mm",55.87,EUR,false,Darty.com (Marketplace),/go/3208673872247264246.html?price=55.87&sid=316364&type=oc_offer,0,/type/7612894021974.html
69,4560,Bande d'étanchéité bitumineuse SIKA SikaMultiSeal - Terre Cuite - 300mm x 10m,57.06,EUR,false,ManoMano.fr,/go/3188711043664720057.html?price=57.06&sid=291209&type=oc_offer,0,/type/7612894021974.html
70,4560,Bande d'étanchéité bitumineuse SIKA SikaMultiSeal - Terre Cuite - 300mm x 10m,59.26,EUR,false,Ubaldi.com (Marketplace),/go/3222693904398690431.html?price=59.26&sid=316737&type=oc_offer,0,/type/7612894021974.html
71,4560,Sika Bande d'étanchéité autocollante a froid -terre Cuite - 10 m x 300 mm,65.49,EUR,false,Rueducommerce.fr (Marketplace),/go/3251936996649601013.html?price=65.49&sid=25482&type=oc_offer,0,/type/7612894021974.html
72,4560,Sika Bande d'étanchéité autocollante a froid -terre Cuite - 10 m x 300 mm,68.7,EUR,false,Rueducommerce.fr (Marketplace),/go/3251937025105854709.html?price=68.70&sid=25482&type=oc_offer,0,/type/7612894021974.html
73,4560,Sika Bande d'étanchéité autocollante a froid -terre Cuite - 10 m x 300 mm,74.11,EUR,false,Rueducommerce.fr (Marketplace),/go/3251936988690908113.html?price=74.11&sid=25482&type=oc_offer,0,/type/7612894021974.html
74,4560,Sika Bande d'étanchéité autocollante a froid -terre Cuite - 10 m x 300 mm,76.7,EUR,false,Rueducommerce.fr (Marketplace),/go/3253253319361036577.html?price=76.70&sid=25482&type=oc_offer,0,/type/7612894021974.html
75,4586,"Sikaflex 11 FC+, Mastic-colle multi-usages et multi-supports, 260g, Gris",6.99,EUR,false,Amazon.fr,/go/3226755332053140137.html?price=6.99&sid=12003&type=oc_offer,0,/type/7612895223049.html
76,4586,SIKA Mastic-colle Multi-usages - Sans pistolet - Gris - 260 g,6.99,EUR,false,Cdiscount.com,/go/3177195075813771265.html?price=6.99&sid=29061&type=oc_offer,0,/type/7612895223049.html
77,4586,SIKA Mastic-colle Multi-usages - Sans pistolet - Gris - 260 g,10.26,EUR,false,ManoMano.fr,/go/3188711197295783347.html?price=10.26&sid=291209&type=oc_offer,0,/type/7612895223049.html
78,4586,"Pistolet à colle, colle Sika Sika mastic-colle multi-usages - sans pistolet - gris - 260 g",11.43,EUR,false,Darty.com (Marketplace),/go/3208673874700939559.html?price=11.43&sid=316364&type=oc_offer,0,/type/7612895223049.html
79,4586,"Sikaflex 11 FC+, Mastic-colle multi-usages et multi-supports, 260g, Gris",19.14,EUR,false,AS-Discount,/go/3256989704609857856.html?price=19.14&sid=24573&type=oc_offer,0,/type/7612895223049.html
80,4587,"Kit douche à l'italienne, Kit d'étanchéité sous carrelage pour salle de bain, 6m², Jaune paille",43.25,EUR,false,espace-bricolage,/go/3211115843872111347.html?price=43.25&sid=24573&type=oc_offer,0,/type/7612894982688.html
81,4587,"Kit douche à l'italienne, Kit d'étanchéité sous carrelage pour salle de bain, 6m², Jaune paille",46.22,EUR,false,Amazon.fr,/go/3247094759168149810.html?price=46.22&sid=12003&type=oc_offer,0,/type/7612894982688.html
82,4587,Kit douche à l'italienne SIKA - 6m²,46.22,EUR,false,ManoMano.fr,/go/3191253052539544521.html?price=46.22&sid=291209&type=oc_offer,0,/type/7612894982688.html
83,4587,"Pistolet à colle, colle Sika Sika kit d'étanchéité pour douche - a l'italienne - 6 m²",53.13,EUR,false,Darty.com (Marketplace),/go/3208673871261609679.html?price=53.13&sid=316364&type=oc_offer,0,/type/7612894982688.html
84,4587,Kit douche à l'italienne SIKA - 6m²,56.62,EUR,false,Ubaldi.com (Marketplace),/go/3222693904205750994.html?price=56.62&sid=316737&type=oc_offer,0,/type/7612894982688.html
85,4599,DESTOCKAGE Meuleuse d'angle Ryobi 1010 Watts RAG1010-125SF,54.9,EUR,false,Superperfo.fr,/go/3203921266350237327.html?categoryId=3706&offerKey=ef71408b452858662e8db2b5b4879023&offerListId=5777346-1E4817329BE5334839C365BB72C7E57F&pos=1&price=54.90&productid=5777346&sid=315080&type=offer,0,/prix/5777346/ryobi-rag1010-125sf.html
86,4599,"
document.getElementById(""result-1-offerinfo"").title = document.getElementById(""result-1-offerinfo"").innerHTML = idealoApp.getContents('#J@3: 3_`3:FE2Ae |6F=6FD6 5V2?8=6 `_`_ (');
",67.37,EUR,false,espace-bricolage,/go/3232780104224474813.html?categoryId=3706&offerKey=7b474bd45352771e5956823d4da66d59&offerListId=5777346-1E4817329BE5334839C365BB72C7E57F&pos=2&price=67.37&productid=5777346&sid=24573&type=offer,0,/prix/5777346/ryobi-rag1010-125sf.html
87,4599,Meuleuse d'angle RYOBI 1010W 125mm RAG1010-125SF,73.53,EUR,false,ManoMano.fr,/go/3203928897800379386.html?categoryId=3706&offerKey=ea169f3d8302c81092cde7abee535ae5&offerListId=5777346-1E4817329BE5334839C365BB72C7E57F&pos=3&price=73.53&productid=5777346&sid=291209&type=offer,0,/prix/5777346/ryobi-rag1010-125sf.html
88,4599,Meuleuse Ryobi Meuleuse d'angle ryobi 1010w 125mm rag1010-125sf,79.99,EUR,false,Darty.com (Marketplace),/go/3223311314002643152.html?categoryId=3706&offerKey=56014885d640dfa9068f77ee5dc577b5&offerListId=5777346-1E4817329BE5334839C365BB72C7E57F&pos=4&price=79.99&productid=5777346&sid=316364&type=offer,0,/prix/5777346/ryobi-rag1010-125sf.html
89,4599,Ryobi Meuleuse d'angle 1010W 125mm RAG1010-125SF,79.99,EUR,false,Rueducommerce.fr (Marketplace),/go/3213756235790684806.html?categoryId=3706&offerKey=9fa8aaac0da7b2f7d523b2f40ad02962&offerListId=5777346-1E4817329BE5334839C365BB72C7E57F&pos=5&price=79.99&productid=5777346&sid=25482&type=offer,0,/prix/5777346/ryobi-rag1010-125sf.html
90,4599,Meuleuse d'angle Ryobi RAG1010-125SF,81.0,EUR,false,Rotopino.fr,/go/9965371393.html?categoryId=3706&offerKey=9ce2dc329aa06edbc92174f8555c156f&offerListId=5777346-1E4817329BE5334839C365BB72C7E57F&pos=6&price=81.00&productid=5777346&sid=287166&type=offer,0,/prix/5777346/ryobi-rag1010-125sf.html
91,4599,Ryobi RAG1010-125SF Meuleuse d'angle - 1010W - 125mm,82.79,EUR,false,Fixami.fr,/go/3235107207833978091.html?categoryId=3706&offerKey=e5496287cea9e197101cc1cc791bba5d&offerListId=5777346-1E4817329BE5334839C365BB72C7E57F&pos=7&price=82.79&productid=5777346&sid=306120&type=offer,0,/prix/5777346/ryobi-rag1010-125sf.html
92,4599,"
document.getElementById(""result-7-offerinfo"").title = document.getElementById(""result-7-offerinfo"").innerHTML = idealoApp.getContents('#J@3: 3_`3:FE2Ae |6F=6FD6 5V2?8=6 `_`_ (');
",83.23,EUR,false,Amazon.fr,/go/3172679212928607720.html?categoryId=3706&offerKey=c1cbe6c84d3b3a98d4afffe434d9e642&offerListId=5777346-1E4817329BE5334839C365BB72C7E57F&pos=8&price=83.23&productid=5777346&sid=12003&type=offer,0,/prix/5777346/ryobi-rag1010-125sf.html
93,4599,Meuleuse d'angle RYOBI 1010W 125mm RAG1010-125SF,87.12,EUR,false,Ubaldi.com (Marketplace),/go/3221509304215404636.html?categoryId=3706&offerKey=354d661fa0969d74c91c22051c0d203a&offerListId=5777346-1E4817329BE5334839C365BB72C7E57F&pos=9&price=87.12&productid=5777346&sid=316737&type=offer,0,/prix/5777346/ryobi-rag1010-125sf.html
94,4599,Ryobi Meuleuse d'angle 1010W 125mm RAG1010-125SF,111.66,EUR,false,Rueducommerce.fr (Marketplace),/go/3238547357723266005.html?categoryId=3706&offerKey=8b2167760be1e9700878a70fd3fe1886&offerListId=5777346-1E4817329BE5334839C365BB72C7E57F&pos=10&price=111.66&productid=5777346&sid=25482&type=offer,0,/prix/5777346/ryobi-rag1010-125sf.html
