,index_data,product_name,product_price,currency,voucher,shop_name,url_origin,url_image,id_page
0,3229,"
document.getElementById(""result-0-offerinfo"").title = document.getElementById(""result-0-offerinfo"").innerHTML = idealoApp.getContents('q{przZUE9:?DAjstUD9Jjrzt# $%ddb_r|\\\""$ ~FE:= b 6? ` r@FA6\\3@CUD9Jj5FC6[ %@?56FD6 U28C2G6j 82K@? 6E sC6DD6\\3@CUD9Jj5FC6 7:=2:C6 \\ dd_ ( \\ |2?496 EU624FE6jUD9Jj=6DUD9Jj4@UD9JjA:BF6');
",84.99,EUR,false,Amazon.fr,/go/7313361812.html?categoryId=11275&offerKey=f1c3742dde0bc38fd7f1f0ad27a0d305&offerListId=4264614-2BDD7C41B0FC08B4DDD4AA962DD84239&pos=1&price=84.99&productid=4264614&sid=12003&type=offer,0,/prix/4264614/black-decker-st5530cm.html
1,3229,BLACK & DECKER Outil 3-en-1 30cm 550W ST5530CM,84.99,EUR,false,Cdiscount.com,/go/3260987383031532205.html?categoryId=11275&offerKey=360856c874ae830d7d0f08973fcd76d2&offerListId=4264614-2BDD7C41B0FC08B4DDD4AA962DD84239&pos=2&price=84.99&productid=4264614&sid=29061&type=offer,0,/prix/4264614/black-decker-st5530cm.html
2,3229,"BLACK+ DE­CKER ST5530CM­CAK-QS Dé­brous­sailleuse et coupe-bor­dure Noir, Rouge Secteur 550 W, Coupe-herbe",87.9,EUR,false,Alternate.fr,/go/3215749315978864077.html?categoryId=11275&offerKey=722e94d1b677a8dcb51859797e73c850&offerListId=4264614-2BDD7C41B0FC08B4DDD4AA962DD84239&pos=3&price=87.90&productid=4264614&sid=291809&type=offer,0,/prix/4264614/black-decker-st5530cm.html
3,3229,"Outil de tonte 3 en 1 Black+ De­cker Coupe Bordure, Tondeuse et Dresse Bordure 550W 30 cm",91.99,EUR,false,Fnac.com,/go/3210451670423045376.html?categoryId=11275&offerKey=3bf698758dd1cd66ac6e8105e792efe9&offerListId=4264614-2BDD7C41B0FC08B4DDD4AA962DD84239&pos=4&price=91.99&productid=4264614&sid=25536&type=offer,0,/prix/4264614/black-decker-st5530cm.html
4,3229,Outils 3 En 1 550 Watts Black & decker,93.56,EUR,false,Rakuten.com FR,/go/2623858612.html?categoryId=11275&offerKey=71695a0345dacae4e337b8bc25342384&offerListId=4264614-2BDD7C41B0FC08B4DDD4AA962DD84239&pos=5&price=93.56&productid=4264614&sid=26246&type=offer,0,/prix/4264614/black-decker-st5530cm.html
5,3229,Coupe bordure électrique ST5530CM 3 en 1,98.17,EUR,false,Ubaldi.com (Marketplace),/go/3221509545809421326.html?categoryId=11275&offerKey=b27e777b44b3f61a82c503155688498b&offerListId=4264614-2BDD7C41B0FC08B4DDD4AA962DD84239&pos=6&price=98.17&productid=4264614&sid=316737&type=offer,0,/prix/4264614/black-decker-st5530cm.html
6,3229,"Outil de tonte 3 en 1 Black+ De­cker Coupe Bordure, Tondeuse et Dresse Bordure 550W 30 cm",98.84,EUR,false,Fnac.com (Marketplace),/go/3252355705920816234.html?categoryId=11275&offerKey=d76c7bbb27d438339c77633ee2fd1c6a&offerListId=4264614-2BDD7C41B0FC08B4DDD4AA962DD84239&pos=7&price=98.84&productid=4264614&sid=307622&type=offer,0,/prix/4264614/black-decker-st5530cm.html
7,3229,Black & Decker ST5530CM Outil 3-EN-1 filaire 550W,99.1,EUR,false,ManoMano.fr,/go/3258881501309176027.html?categoryId=11275&offerKey=401bccd50e847b4000b9c2ff65fe51d0&offerListId=4264614-2BDD7C41B0FC08B4DDD4AA962DD84239&pos=8&price=99.10&productid=4264614&sid=291209&type=offer,0,/prix/4264614/black-decker-st5530cm.html
8,3229,Black & Decker ST5530CM Outil 3-EN-1 filaire 550W,99.1,EUR,false,Mytoolstore.fr,/go/3229324282827900745.html?categoryId=11275&offerKey=7dd49b0a0e192f5041d4702eec3bd6d6&offerListId=4264614-2BDD7C41B0FC08B4DDD4AA962DD84239&pos=9&price=99.10&productid=4264614&sid=29224&type=offer,0,/prix/4264614/black-decker-st5530cm.html
9,3229,"
document.getElementById(""result-9-offerinfo"").title = document.getElementById(""result-9-offerinfo"").innerHTML = idealoApp.getContents('q{przZUE9:?DAjstUD9Jjrzt# $%ddb_r|\\\""$ ~FE:= b 6? ` r@FA6\\3@CUD9Jj5FC6[ %@?56FD6 U28C2G6j 82K@? 6E sC6DD6\\3@CUD9Jj5FC6 7:=2:C6 \\ dd_ ( \\ |2?496 EU624FE6jUD9Jj=6DUD9Jj4@UD9JjA:BF6');
",106.93,EUR,false,ROYALPRICE (PAS DE LIVRAISON CORSE NI MONACO),/go/3267384144262333817.html?categoryId=11275&offerKey=8f6eccae286d162847a1ce3604b5c632&offerListId=4264614-2BDD7C41B0FC08B4DDD4AA962DD84239&pos=10&price=106.93&productid=4264614&sid=24573&type=offer,0,/prix/4264614/black-decker-st5530cm.html
10,3229,Black & Decker Outils 3-en-1 550W Strimmer + câble d'ex­ten­sion - ST5530CM­CAK-QS,113.0,EUR,false,Mytoolstore.fr,/go/3229324292940365936.html?categoryId=11275&offerKey=0bb3a7a7c17cdd1ecb6d6f688a301b98&offerListId=4264614-2BDD7C41B0FC08B4DDD4AA962DD84239&pos=11&price=113.00&productid=4264614&sid=29224&type=offer,0,/prix/4264614/black-decker-st5530cm.html
11,3229,Black + Decker Outils 3-en-1 550W Strimmer® + câble d'ex­ten­sion,113.96,EUR,false,ManoMano.fr,/go/3249618082022295124.html?categoryId=11275&offerKey=c242b68fda1b759f22600cdae7d7b928&offerListId=4264614-2BDD7C41B0FC08B4DDD4AA962DD84239&pos=12&price=113.96&productid=4264614&sid=291209&type=offer,0,/prix/4264614/black-decker-st5530cm.html
12,3229,"
document.getElementById(""result-12-offerinfo"").title = document.getElementById(""result-12-offerinfo"").innerHTML = idealoApp.getContents('q{przZUE9:?DAjstUD9Jjrzt# $%ddb_r|\\\""$ ~FE:= b 6? ` r@FA6\\3@CUD9Jj5FC6[ %@?56FD6 U28C2G6j 82K@? 6E]]]');
",114.82,EUR,false,cadeauxtendances,/go/3264965498671989988.html?categoryId=11275&offerKey=36ead78d6c56afb2e7c926050d3188ab&offerListId=4264614-2BDD7C41B0FC08B4DDD4AA962DD84239&pos=13&price=114.82&productid=4264614&sid=24572&type=offer,0,/prix/4264614/black-decker-st5530cm.html
13,3229,Black and Decker - Outil 3en1 filaire 550W - ST5530CM,128.29,EUR,false,Rakuten.com FR,/go/3267564468357303120.html?categoryId=11275&offerKey=58fcaf6b1e042a01cec74bf45e803bb9&offerListId=4264614-2BDD7C41B0FC08B4DDD4AA962DD84239&pos=14&price=128.29&productid=4264614&sid=26246&type=offer,0,/prix/4264614/black-decker-st5530cm.html
14,3238,Pistolet Squelette métallique pour mastic en cartouche de 300 ml SIKA,8.5,EUR,false,ManoMano.fr,/go/3181278173910274799.html?price=8.50&sid=291209&type=oc_offer,0,/type/3240240006425.html
15,3238,Pistolet squelette métallique pour mastic en cartouche de 300 ml sika,8.5,EUR,false,Alexis-robert-bricolage.com,/go/3222599243069922788.html?price=8.50&sid=288310&type=oc_offer,0,/type/3240240006425.html
16,3238,Pistolet squelette pour cartouches de 300 ml,12.3,EUR,false,espace-bricolage,/go/3224513807395063296.html?price=12.30&sid=24573&type=oc_offer,0,/type/3240240006425.html
17,3240,"
document.getElementById(""result-0-offerinfo"").title = document.getElementById(""result-0-offerinfo"").innerHTML = idealoApp.getContents('$E2?=6J _\\gc\\ecg !:?46 \>F=E:AC:D6 U28C2G6j G6CUD9JjC@F:==286[ |F=UD9JjE:UD9Jj4@UD9Jj=@C6');
",15.31,EUR,false,marketdeferreteria,/go/9481416451.html?categoryId=19084&offerKey=226e4952aaf2261cc878aace249112f9&offerListId=2345099-C9468E6432BBDE1871780681E71A92BF&pos=1&price=15.31&productid=2345099&sid=24573&type=offer,0,/prix/2345099/stanley-84-648.html
18,3240,Stanley FatMax Pince Multiprise Pushlock,17.29,EUR,false,Alternate.fr,/go/3258513990189319600.html?categoryId=19084&offerKey=e48334faf4e28a3ed19fca720589f154&offerListId=2345099-C9468E6432BBDE1871780681E71A92BF&pos=2&price=17.29&productid=2345099&sid=291809&type=offer,0,/prix/2345099/stanley-84-648.html
19,3240,PINCE MULTIPRISE A VER­ROUILLAGE 250MM STANLEY FATMAX 0-84-648,18.43,EUR,false,Master-outillage.com,/go/3157309302530653002.html?categoryId=19084&offerKey=2ce92ec3b4e7f56c86bca8d673ae2fe5&offerListId=2345099-C9468E6432BBDE1871780681E71A92BF&pos=3&price=18.43&productid=2345099&sid=282706&type=offer,0,/prix/2345099/stanley-84-648.html
20,3240,"
document.getElementById(""result-3-offerinfo"").title = document.getElementById(""result-3-offerinfo"").innerHTML = idealoApp.getContents('$E2?=6J _\\gc\\ecg !:?46 \>F=E:AC:D6 U28C2G6j G6CUD9JjC@F:==286[ |F=UD9JjE:UD9Jj4@UD9Jj=@C6');
",19.85,EUR,false,Amazon.fr,/go/7319058146.html?categoryId=19084&offerKey=334e133d8e069656a899124afcde5ee9&offerListId=2345099-C9468E6432BBDE1871780681E71A92BF&pos=4&price=19.85&productid=2345099&sid=12003&type=offer,0,/prix/2345099/stanley-84-648.html
21,3240,PINCE MULTIPRISE À VER­ROUILLAGE FATMAX®,19.9,EUR,false,Comptoirdespros.com,/go/3256679551587057777.html?categoryId=19084&offerKey=fcdd7549f687a9e91f22eaf1c4bfe4d0&offerListId=2345099-C9468E6432BBDE1871780681E71A92BF&pos=5&price=19.90&productid=2345099&sid=283959&type=offer,0,/prix/2345099/stanley-84-648.html
22,3240,Pince mul­ti­prises à ver­rouillage - 250mm - FATMAX - STANLEY,20.47,EUR,false,ManoMano.fr,/go/3188352294330570218.html?categoryId=19084&offerKey=10fa26a44251c7f8b60e2fbe0144a4ed&offerListId=2345099-C9468E6432BBDE1871780681E71A92BF&pos=6&price=20.47&productid=2345099&sid=291209&type=offer,0,/prix/2345099/stanley-84-648.html
23,3240,Stanley Pince multiprise a ver­rouillage FatMax 254mm - 0-84-648,22.41,EUR,false,Mytoolstore.fr,/go/3229324292204265783.html?categoryId=19084&offerKey=de648fd12724996a26f1a7cdb5fe1567&offerListId=2345099-C9468E6432BBDE1871780681E71A92BF&pos=7&price=22.41&productid=2345099&sid=29224&type=offer,0,/prix/2345099/stanley-84-648.html
24,3240,Pince multiprise à vé­rouillage fatmax 254mm stanley,23.5,EUR,false,Alexis-robert-bricolage.com,/go/3222599236828800409.html?categoryId=19084&offerKey=79bca653c0c7338c43b6649897f207a6&offerListId=2345099-C9468E6432BBDE1871780681E71A92BF&pos=8&price=23.50&productid=2345099&sid=288310&type=offer,0,/prix/2345099/stanley-84-648.html
25,3240,Stanley Pince multiprise à ver­rouillage FatMax 250 mm,31.73,EUR,false,Rueducommerce.fr (Marketplace),/go/3248494655576212675.html?categoryId=19084&offerKey=749c06c3b92560c0419a3bc34cb6204d&offerListId=2345099-C9468E6432BBDE1871780681E71A92BF&pos=9&price=31.73&productid=2345099&sid=25482&type=offer,0,/prix/2345099/stanley-84-648.html
26,3240,Stanley Pince multiprise à ver­rouillage FatMax 250 mm,35.06,EUR,false,Rueducommerce.fr (Marketplace),/go/3248678412763530370.html?categoryId=19084&offerKey=89f20ebad34edaa78dbd1aa924278efb&offerListId=2345099-C9468E6432BBDE1871780681E71A92BF&pos=10&price=35.06&productid=2345099&sid=25482&type=offer,0,/prix/2345099/stanley-84-648.html
27,3240,Pince multiprise à ver­rouillage fatmax® A193357,35.7,EUR,false,Manutan.fr,/go/3206151721090819782.html?categoryId=19084&offerKey=bd9d3505e8aa8d6661c9fbad3c488c6b&offerListId=2345099-C9468E6432BBDE1871780681E71A92BF&pos=11&price=35.70&productid=2345099&sid=61993&type=offer,0,/prix/2345099/stanley-84-648.html
28,3240,Stanley Pince multiprise à ver­rouillage FatMax 250 mm,39.76,EUR,false,Rueducommerce.fr (Marketplace),/go/3255923064346509870.html?categoryId=19084&offerKey=af836534c0317e27beec36fbd2ca09db&offerListId=2345099-C9468E6432BBDE1871780681E71A92BF&pos=12&price=39.76&productid=2345099&sid=25482&type=offer,0,/prix/2345099/stanley-84-648.html
29,3253,DESTOCKAGE Perceuse à percussion 1010 Watts Ø13mm RYOBI RPD2-1000K - 5133002275,74.9,EUR,false,Superperfo.fr,/go/3235871631595274334.html?categoryId=15397&offerKey=d593689f5416b3980e6c0b9b8bd6afcc&offerListId=6418485-F497E63FB2E9DBEAD4DA232E38773DAF&pos=1&price=74.90&productid=6418485&sid=315080&type=offer,0,/prix/6418485/ryobi-rpd2-1000k.html
30,3253,Perceuse à percussion Ryobi RPD2-1000K,88.0,EUR,false,Rotopino.fr,/go/3237060665485034448.html?categoryId=15397&offerKey=8ee32e60e2e1ea9e590b07d72b17aaf1&offerListId=6418485-F497E63FB2E9DBEAD4DA232E38773DAF&pos=2&price=88.00&productid=6418485&sid=287166&type=offer,0,/prix/6418485/ryobi-rpd2-1000k.html
31,3253,"
document.getElementById(""result-2-offerinfo"").title = document.getElementById(""result-2-offerinfo"").innerHTML = idealoApp.getContents('#J@3: #!sa\\`___z !6C46FD6 U28C2G6j !6C4FDD:@? Ut24FE6j=64EC:BF6 U28C2G6j 7:= `_`_ ( |2?5C:? U28C2G6j r=U624FE6j');
",106.0,EUR,false,,/go/3227525870746861845.html?categoryId=15397&offerKey=d6dc76533b331ed013268fca6150c4d1&offerListId=6418485-F497E63FB2E9DBEAD4DA232E38773DAF&pos=3&price=106.00&productid=6418485&sid=24573&type=offer,0,/prix/6418485/ryobi-rpd2-1000k.html
32,3253,Ryobi - Perceuse à percussion 1010W 13mm - RPD2-1000K,124.0,EUR,false,ManoMano.fr,/go/3199038375271081854.html?categoryId=15397&offerKey=4e94594eb6e13bc84e0b01d343e86cba&offerListId=6418485-F497E63FB2E9DBEAD4DA232E38773DAF&pos=4&price=124.00&productid=6418485&sid=291209&type=offer,0,/prix/6418485/ryobi-rpd2-1000k.html
33,3253,"Perceuse, visseuse Ryobi Ryobi - perceuse à percussion 1010w 13mm - rpd2-1000k",124.0,EUR,false,Darty.com (Marketplace),/go/3267839154915903034.html?categoryId=15397&offerKey=29097b0b68af8496f1e5cbfe845a93d4&offerListId=6418485-F497E63FB2E9DBEAD4DA232E38773DAF&pos=5&price=124.00&productid=6418485&sid=316364&type=offer,0,/prix/6418485/ryobi-rpd2-1000k.html
34,3253,Ryobi Perceuse à percussion 1010W 13mm - Rpd2-1000K,124.0,EUR,false,Rueducommerce.fr (Marketplace),/go/3267198949728979288.html?categoryId=15397&offerKey=e54dcb219737143b528247be0d1c6f9f&offerListId=6418485-F497E63FB2E9DBEAD4DA232E38773DAF&pos=6&price=124.00&productid=6418485&sid=25482&type=offer,0,/prix/6418485/ryobi-rpd2-1000k.html
35,3253,Ryobi - Perceuse à percussion 1010W 13mm - RPD2-1000K,132.68,EUR,false,Rakuten.com FR,/go/3198965026949966796.html?categoryId=15397&offerKey=a243614ebe2bd6e74b6b400cbbdd3108&offerListId=6418485-F497E63FB2E9DBEAD4DA232E38773DAF&pos=7&price=132.68&productid=6418485&sid=26246&type=offer,0,/prix/6418485/ryobi-rpd2-1000k.html
36,3290,"
document.getElementById(""result-0-offerinfo"").title = document.getElementById(""result-0-offerinfo"").innerHTML = idealoApp.getContents('$E2?=6J `\\ed\\bhe %@FC?6G:D 82\>\>6');
",3.82,EUR,false,marketdeferreteria,/go/3253727602784864354.html?categoryId=19083&offerKey=6dd9868eaefe187d8a2c4fb027cea594&offerListId=2361064-688AB330BE718015D694416F208C651A&pos=1&price=3.82&productid=2361064&sid=24573&type=offer,0,/prix/2361064/stanley-65-396.html
37,3290,FatMax Tournevis Torx TT20 X 100mm Stanley - 3253560653965,4.5,EUR,false,Rakuten.com FR,/go/2269840929.html?categoryId=19083&offerKey=3fde7ad3b317a46d8609284a93b365b0&offerListId=2361064-688AB330BE718015D694416F208C651A&pos=2&price=4.50&productid=2361064&sid=26246&type=offer,0,/prix/2361064/stanley-65-396.html
38,3290,TOURNEVIS TAMPER TORX FATMAX®,4.55,EUR,false,Comptoirdespros.com,/go/3256679554342715547.html?categoryId=19083&offerKey=37fc05ba45f67ab3765cf2b921d96048&offerListId=2361064-688AB330BE718015D694416F208C651A&pos=3&price=4.55&productid=2361064&sid=283959&type=offer,0,/prix/2361064/stanley-65-396.html
39,3290,TOURNEVIS TAMPER TORX FATMAX®,4.7,EUR,false,Comptoirdespros.com,/go/3256679551641583735.html?categoryId=19083&offerKey=80e565bd8dc85e8a4c6402ae04ef7e41&offerListId=2361064-688AB330BE718015D694416F208C651A&pos=4&price=4.70&productid=2361064&sid=283959&type=offer,0,/prix/2361064/stanley-65-396.html
40,3290,Tournevis torx - T20 - Ø 4 mm - Lame 10 cm - Stanley Fatmax,4.73,EUR,false,ManoMano.fr,/go/6409243010.html?categoryId=19083&offerKey=7db1bd76b2045f17628ff7137e0b980e&offerListId=2361064-688AB330BE718015D694416F208C651A&pos=5&price=4.73&productid=2361064&sid=291209&type=offer,0,/prix/2361064/stanley-65-396.html
41,3290,"
document.getElementById(""result-5-offerinfo"").title = document.getElementById(""result-5-offerinfo"").innerHTML = idealoApp.getContents('$E2?=6J \\ %G:D u\> %2\>A6C %@CI %Ea_ `__');
",5.74,EUR,false,Amazon.fr,/go/7307599367.html?categoryId=19083&offerKey=2557824fbf86ca2b20d1aaa61ab12fe4&offerListId=2361064-688AB330BE718015D694416F208C651A&pos=6&price=5.74&productid=2361064&sid=12003&type=offer,0,/prix/2361064/stanley-65-396.html
42,3290,STANLEY Tournevis Tamper Torx Fatmax TT20 - 100 mm,5.74,EUR,false,Cdiscount.com,/go/3167048848942049553.html?categoryId=19083&offerKey=fbc3c0389655140af786aeb879286641&offerListId=2361064-688AB330BE718015D694416F208C651A&pos=7&price=5.74&productid=2361064&sid=29061&type=offer,0,/prix/2361064/stanley-65-396.html
43,3290,Tournevis tamper torx fatmax® A193518,8.1,EUR,false,Manutan.fr,/go/3206151721583655223.html?categoryId=19083&offerKey=e26a8663049d770a53bdb0fd7536b118&offerListId=2361064-688AB330BE718015D694416F208C651A&pos=8&price=8.10&productid=2361064&sid=61993&type=offer,0,/prix/2361064/stanley-65-396.html
44,3290,STANLEY Tournevis Tamper Torx Fatmax TT20 - 100 mm,8.77,EUR,false,ManoMano.fr,/go/3253789166797849662.html?categoryId=19083&offerKey=80c18124aa7185c28f3f54b71338a979&offerListId=2361064-688AB330BE718015D694416F208C651A&pos=9&price=8.77&productid=2361064&sid=291209&type=offer,0,/prix/2361064/stanley-65-396.html
45,3290,Stanley Tournevis Tamper Torx Fatmax TT20 - 100 mm,10.11,EUR,false,Mytoolstore.fr,/go/3267046009244485574.html?categoryId=19083&offerKey=5d1f6727bd0df782feab247c20a3e246&offerListId=2361064-688AB330BE718015D694416F208C651A&pos=10&price=10.11&productid=2361064&sid=29224&type=offer,0,/prix/2361064/stanley-65-396.html
46,3290,FATMAX Tournevis Fatmax Torx Tamper T20 100mm,14.86,EUR,false,Home-boulevard.com,/go/3263520566572745101.html?categoryId=19083&offerKey=39123496f0167822c232f2a49fab5a52&offerListId=2361064-688AB330BE718015D694416F208C651A&pos=11&price=14.86&productid=2361064&sid=280884&type=offer,0,/prix/2361064/stanley-65-396.html
47,3293,PINCE UNI­VER­SELLE ISOLÉE 1000V,13.1,EUR,false,Comptoirdespros.com,/go/3254686434384151400.html?categoryId=19084&offerKey=df171567d57e0d32d13afb3f0bd66344&offerListId=2345119-30CBD894A0708270A808A31BD0192F07&pos=1&price=13.10&productid=2345119&sid=283959&type=offer,0,/prix/2345119/stanley-84-001.html
48,3293,"
document.getElementById(""result-1-offerinfo"").title = document.getElementById(""result-1-offerinfo"").innerHTML = idealoApp.getContents('$E2?=6J _gc__` \'st !:?46 F?:UD9JjG6CUD9JjD6==6 `g_\>\> Wx\>A@CE vC2?56 qC6E28?6X');
",15.35,EUR,false,marketdeferreteria,/go/8675303355.html?categoryId=19084&offerKey=3e260f81973c76130564cf359d878cb2&offerListId=2345119-30CBD894A0708270A808A31BD0192F07&pos=2&price=15.35&productid=2345119&sid=24573&type=offer,0,/prix/2345119/stanley-84-001.html
49,3293,"
document.getElementById(""result-2-offerinfo"").title = document.getElementById(""result-2-offerinfo"").innerHTML = idealoApp.getContents('$E2?=6J _gc__` \'st !:?46 F?:UD9JjG6CUD9JjD6==6 `g_\>\> Wx\>A@CE vC2?56 qC6E28?6X');
",16.0,EUR,false,Amazon.fr,/go/7352443761.html?categoryId=19084&offerKey=96803157fc08cfd40740fa90a55c53d6&offerListId=2345119-30CBD894A0708270A808A31BD0192F07&pos=3&price=16.00&productid=2345119&sid=12003&type=offer,0,/prix/2345119/stanley-84-001.html
50,3293,Pinza 1000v isolé 175mm 084001,19.62,EUR,false,ManoMano.fr,/go/3149894711395746921.html?categoryId=19084&offerKey=84a9db2982a418c0291bc5ec4e2ed5dc&offerListId=2345119-30CBD894A0708270A808A31BD0192F07&pos=4&price=19.62&productid=2345119&sid=291209&type=offer,0,/prix/2345119/stanley-84-001.html
51,3293,STANLEY Pinces Uni­ver­selles Isolées 1000V MaxSteel® 0-84001,21.8,EUR,false,Rueducommerce.fr (Marketplace),/go/3213751734646094661.html?categoryId=19084&offerKey=5e381938195eabee41dcfe784a31f323&offerListId=2345119-30CBD894A0708270A808A31BD0192F07&pos=5&price=21.80&productid=2345119&sid=25482&type=offer,0,/prix/2345119/stanley-84-001.html
52,3293,Pince uni­ver­selle isolée 1000V - Stanley A193629,23.22,EUR,false,Manutan.fr,/go/3206151721430557206.html?categoryId=19084&offerKey=2a1cc937fec73afc408af4a8b5748a95&offerListId=2345119-30CBD894A0708270A808A31BD0192F07&pos=6&price=23.22&productid=2345119&sid=61993&type=offer,0,/prix/2345119/stanley-84-001.html
53,3293,Stanley Pince Uni­ver­selle Isolee 1000V - 175 mm,23.24,EUR,false,Mytoolstore.fr,/go/3228077589111245754.html?categoryId=19084&offerKey=8e9aaf3d8aea7b022350870984770dcd&offerListId=2345119-30CBD894A0708270A808A31BD0192F07&pos=7&price=23.24&productid=2345119&sid=29224&type=offer,0,/prix/2345119/stanley-84-001.html
54,3293,STANLEY Pinces Uni­ver­selles Isolées 1000V MaxSteel® 0-84001,28.78,EUR,false,Rueducommerce.fr (Marketplace),/go/3243058919832027659.html?categoryId=19084&offerKey=460509b2467234bcead56233504d14be&offerListId=2345119-30CBD894A0708270A808A31BD0192F07&pos=8&price=28.78&productid=2345119&sid=25482&type=offer,0,/prix/2345119/stanley-84-001.html
55,3293,STANLEY Pinces Uni­ver­selles Isolées 1000V MaxSteel® 0-84001,29.7,EUR,false,Rueducommerce.fr (Marketplace),/go/3213754050558305661.html?categoryId=19084&offerKey=7d99ec231353094f495203d3dba7cee0&offerListId=2345119-30CBD894A0708270A808A31BD0192F07&pos=9&price=29.70&productid=2345119&sid=25482&type=offer,0,/prix/2345119/stanley-84-001.html
56,3356,"DESTOCKAGE Per­fo­ra­teur Burineur SDS+ RYOBI , 2 J , 680W , Rsds680k + 5 Forets OFFERTS",69.9,EUR,false,Superperfo.fr,/go/3174402750150613932.html?categoryId=18308&offerKey=7bca786d70bf205ed45d7fc253586a7b&offerListId=4926524-02884164F45AF6ECAD22EF2FC277F86E&pos=1&price=69.90&productid=4926524&sid=315080&type=offer,0,/prix/4926524/ryobi-rsds680-k.html
57,3356,"
document.getElementById(""result-1-offerinfo"").title = document.getElementById(""result-1-offerinfo"").innerHTML = idealoApp.getContents('#J@3: cghaa`_`bdb_g |2CE62F A6CUD9Jj7@UD9JjC2UD9JjE6FC $s$ !=FD[ |F=UD9JjE:UD9Jj4@UD9Jj=@C6');
",83.61,EUR,false,Amazon.fr,/go/9774345383.html?categoryId=18308&offerKey=f220fb2d2ea7cb0a67ec163e8995c26d&offerListId=4926524-02884164F45AF6ECAD22EF2FC277F86E&pos=2&price=83.61&productid=4926524&sid=12003&type=offer,0,/prix/4926524/ryobi-rsds680-k.html
58,3356,Per­fo­ra­teur Ryobi RSDS680 K SDS+ 680 W,87.99,EUR,false,Fnac.com,/go/3211922290707013110.html?categoryId=18308&offerKey=426a71042d8feaf5cbf89638657acee6&offerListId=4926524-02884164F45AF6ECAD22EF2FC277F86E&pos=3&price=87.99&productid=4926524&sid=25536&type=offer,0,/prix/4926524/ryobi-rsds680-k.html
59,3356,RYOBI Per­fo­ra­teur SDS+ 680 W,99.99,EUR,false,Cdiscount.com,/go/3258277156775526568.html?categoryId=18308&offerKey=5379d209e862c0e115b20532de4faa3b&offerListId=4926524-02884164F45AF6ECAD22EF2FC277F86E&pos=4&price=99.99&productid=4926524&sid=29061&type=offer,0,/prix/4926524/ryobi-rsds680-k.html
60,3356,"Ryobi RSDS680-K SDS-plus Per­fo­ra­teur SDS-plus dans coffret - 680W - 2,1J",111.99,EUR,false,Fixami.fr,/go/3235106718086073204.html?categoryId=18308&offerKey=9ee4e1280faff085d42b88caa9a31b1c&offerListId=4926524-02884164F45AF6ECAD22EF2FC277F86E&pos=5&price=111.99&productid=4926524&sid=306120&type=offer,0,/prix/4926524/ryobi-rsds680-k.html
61,3356,Mar­teau-per­fo­ra­teur Ryobi RSDS680-K,113.0,EUR,false,Rotopino.fr,/go/7598836962.html?categoryId=18308&offerKey=c2bb0d49d29aef77df360c9e0d59a2c1&offerListId=4926524-02884164F45AF6ECAD22EF2FC277F86E&pos=6&price=113.00&productid=4926524&sid=287166&type=offer,0,/prix/4926524/ryobi-rsds680-k.html
62,3356,RYOBI Per­fo­ra­teur SDS+ 680 W,121.29,EUR,false,ManoMano.fr,/go/9771972475.html?categoryId=18308&offerKey=ec8540439dccd2ce1fb419f1556ac78a&offerListId=4926524-02884164F45AF6ECAD22EF2FC277F86E&pos=7&price=121.29&productid=4926524&sid=291209&type=offer,0,/prix/4926524/ryobi-rsds680-k.html
63,3356,"Ryobi Per­fo­ra­teur Rsds680K, 680W 2,1 Joules Epta",121.32,EUR,false,Rueducommerce.fr (Marketplace),/go/3258531920065070030.html?categoryId=18308&offerKey=de55044c178f649871b8b29dcd1e4f1c&offerListId=4926524-02884164F45AF6ECAD22EF2FC277F86E&pos=8&price=121.32&productid=4926524&sid=25482&type=offer,0,/prix/4926524/ryobi-rsds680-k.html
64,3356,"
document.getElementById(""result-8-offerinfo"").title = document.getElementById(""result-8-offerinfo"").innerHTML = idealoApp.getContents('#J@3: cghaa`_`bdb_g |2CE62F A6CUD9Jj7@UD9JjC2UD9JjE6FC $s$ !=FD[ |F=UD9JjE:UD9Jj4@UD9Jj=@C6');
",122.25,EUR,false,,/go/3263737493215774229.html?categoryId=18308&offerKey=4ce198fcdd6a2aedd74c90abb1e20c90&offerListId=4926524-02884164F45AF6ECAD22EF2FC277F86E&pos=9&price=122.25&productid=4926524&sid=24573&type=offer,0,/prix/4926524/ryobi-rsds680-k.html
65,3356,"Per­fo­ra­teur, burineur Ryobi Per­fo­ra­teur burineur ryobi sdsplus 680w rsds680-k",131.82,EUR,false,Darty.com (Marketplace),/go/3223311314132665052.html?categoryId=18308&offerKey=1547780ce2f0776ff1d1eb0b288095f0&offerListId=4926524-02884164F45AF6ECAD22EF2FC277F86E&pos=10&price=131.82&productid=4926524&sid=316364&type=offer,0,/prix/4926524/ryobi-rsds680-k.html
66,3356,"Ryobi Per­fo­ra­teur Rsds680K, 680W 2,1 Joules Epta",132.33,EUR,false,Rueducommerce.fr (Marketplace),/go/3245595493532699483.html?categoryId=18308&offerKey=14c2231a0e5f2e098d2af58d0f2fc894&offerListId=4926524-02884164F45AF6ECAD22EF2FC277F86E&pos=11&price=132.33&productid=4926524&sid=25482&type=offer,0,/prix/4926524/ryobi-rsds680-k.html
67,3356,"
document.getElementById(""result-11-offerinfo"").title = document.getElementById(""result-11-offerinfo"").innerHTML = idealoApp.getContents('#J@3: !6CUD9Jj7@UD9JjC2UD9JjE6FC 3FC:?6FC $s$Z eg_ ( #$s$eg_\\z \\ d`bb__accc');
",142.9,EUR,false,mytoolstore_fr,/go/3243764186542507981.html?categoryId=18308&offerKey=4d02b704a53fcd2c5605e030814934e5&offerListId=4926524-02884164F45AF6ECAD22EF2FC277F86E&pos=12&price=142.90&productid=4926524&sid=24572&type=offer,0,/prix/4926524/ryobi-rsds680-k.html
68,3356,Ryobi Per­fo­ra­teur burineur SDS+ 680 W RSDS680-K - 5133002444,145.9,EUR,false,Mytoolstore.fr,/go/3229324293116527982.html?categoryId=18308&offerKey=da79f4d6d5accdcdac517988042de311&offerListId=4926524-02884164F45AF6ECAD22EF2FC277F86E&pos=13&price=145.90&productid=4926524&sid=29224&type=offer,0,/prix/4926524/ryobi-rsds680-k.html
69,3356,Marteau per­fo­ra­teur SDS-Plus Ryobi RSDS680-K 680 W + mallette,149.0,EUR,false,Conrad.fr,/go/3254686579851002586.html?categoryId=18308&offerKey=63bb24f83d647f4dd3fba379d48cc4f2&offerListId=4926524-02884164F45AF6ECAD22EF2FC277F86E&pos=14&price=149.00&productid=4926524&sid=286907&type=offer,0,/prix/4926524/ryobi-rsds680-k.html
70,3356,Per­fo­ra­teur burineur RYOBI SDSPLUS 680W RSDS680-K,153.05,EUR,false,Ubaldi.com (Marketplace),/go/3221509304213307483.html?categoryId=18308&offerKey=343abcb7e7ca9c5debf67b76bd58b044&offerListId=4926524-02884164F45AF6ECAD22EF2FC277F86E&pos=15&price=153.05&productid=4926524&sid=316737&type=offer,0,/prix/4926524/ryobi-rsds680-k.html
71,3361,PINCE COUPANTE DEVANT 165MM STANLEY FATMAX 0-89-875,12.79,EUR,false,Master-outillage.com,/go/3157309302220266466.html?categoryId=19084&offerKey=670b4a766c5d46ba2f800365112aa1d3&offerListId=2345114-D51040FDBFBF2A1F42CA634B9542A03D&pos=1&price=12.79&productid=2345114&sid=282706&type=offer,0,/prix/2345114/stanley-89-875.html
72,3361,PINCE COUPANTE DEVANT 165MM FATMAX®,13.81,EUR,false,Comptoirdespros.com,/go/3256679551895340793.html?categoryId=19084&offerKey=603eff134e42103489592c52fbd50aa3&offerListId=2345114-D51040FDBFBF2A1F42CA634B9542A03D&pos=2&price=13.81&productid=2345114&sid=283959&type=offer,0,/prix/2345114/stanley-89-875.html
73,3361,"
document.getElementById(""result-2-offerinfo"").title = document.getElementById(""result-2-offerinfo"").innerHTML = idealoApp.getContents('$E2?=6J |2I$E66= !:?46 4@FA2?E6 `e_ \>\> Wx\>A@CE vC2?56 qC6E28?6X');
",14.25,EUR,false,Amazon.fr,/go/7316579690.html?categoryId=19084&offerKey=b1c080be2ceac05ad6f61815060959ca&offerListId=2345114-D51040FDBFBF2A1F42CA634B9542A03D&pos=3&price=14.25&productid=2345114&sid=12003&type=offer,0,/prix/2345114/stanley-89-875.html
74,3361,Pince coupante devant - Stanley,14.45,EUR,false,ManoMano.fr,/go/6534736223.html?categoryId=19084&offerKey=75c3aa169f74ae81b18719c0c89d4780&offerListId=2345114-D51040FDBFBF2A1F42CA634B9542A03D&pos=4&price=14.45&productid=2345114&sid=291209&type=offer,0,/prix/2345114/stanley-89-875.html
75,3361,"
document.getElementById(""result-4-offerinfo"").title = document.getElementById(""result-4-offerinfo"").innerHTML = idealoApp.getContents('$E2?=6J |2I$E66= !:?46 4@FA2?E6 `e_ \>\> Wx\>A@CE vC2?56 qC6E28?6X');
",15.41,EUR,false,,/go/3258210334604790722.html?categoryId=19084&offerKey=6db8445a0820bbcb433041590acb5175&offerListId=2345114-D51040FDBFBF2A1F42CA634B9542A03D&pos=5&price=15.41&productid=2345114&sid=24573&type=offer,0,/prix/2345114/stanley-89-875.html
76,3361,Stanley Pince Coupante Devant FatMax® 160 mm,16.68,EUR,false,Mytoolstore.fr,/go/8055664124.html?categoryId=19084&offerKey=9555abc4903a86ef681a8fab43d78842&offerListId=2345114-D51040FDBFBF2A1F42CA634B9542A03D&pos=6&price=16.68&productid=2345114&sid=29224&type=offer,0,/prix/2345114/stanley-89-875.html
77,3361,Pince coupante devant fatmax 160mm stanley,17.1,EUR,false,Alexis-robert-bricolage.com,/go/3222599236847675716.html?categoryId=19084&offerKey=defcd9cdb02d8d59dc114cac7ae3bca0&offerListId=2345114-D51040FDBFBF2A1F42CA634B9542A03D&pos=7&price=17.10&productid=2345114&sid=288310&type=offer,0,/prix/2345114/stanley-89-875.html
78,3361,Stanley Pince coupante devant fatmax ls 160 230,21.9,EUR,false,Rueducommerce.fr (Marketplace),/go/3245595485479633628.html?categoryId=19084&offerKey=a20a373085360e829c4f1ed748a2f27a&offerListId=2345114-D51040FDBFBF2A1F42CA634B9542A03D&pos=8&price=21.90&productid=2345114&sid=25482&type=offer,0,/prix/2345114/stanley-89-875.html
79,3361,Pince coupante devant 165mm fatmax® A193374,24.6,EUR,false,Manutan.fr,/go/3206151721508147720.html?categoryId=19084&offerKey=5f1aba2150dabc2fa3cb89dd05a4affd&offerListId=2345114-D51040FDBFBF2A1F42CA634B9542A03D&pos=9&price=24.60&productid=2345114&sid=61993&type=offer,0,/prix/2345114/stanley-89-875.html
80,3361,Stanley Pince coupante devant fatmax ls 160 230,25.21,EUR,false,Rueducommerce.fr (Marketplace),/go/3213754689925418666.html?categoryId=19084&offerKey=04057171297606759d6117a6c93e1935&offerListId=2345114-D51040FDBFBF2A1F42CA634B9542A03D&pos=10&price=25.21&productid=2345114&sid=25482&type=offer,0,/prix/2345114/stanley-89-875.html
81,3361,Stanley Pince coupante devant fatmax ls 160 230,26.03,EUR,false,Rueducommerce.fr (Marketplace),/go/3214441617549174713.html?categoryId=19084&offerKey=3870a0891993b4dc41e23025bff4369e&offerListId=2345114-D51040FDBFBF2A1F42CA634B9542A03D&pos=11&price=26.03&productid=2345114&sid=25482&type=offer,0,/prix/2345114/stanley-89-875.html
82,3361,Stanley Pince coupante devant fatmax ls 160 230,26.92,EUR,false,Rueducommerce.fr (Marketplace),/go/3213754203868508576.html?categoryId=19084&offerKey=41f7df7555c2c54150abe8b807c94788&offerListId=2345114-D51040FDBFBF2A1F42CA634B9542A03D&pos=12&price=26.92&productid=2345114&sid=25482&type=offer,0,/prix/2345114/stanley-89-875.html
83,3361,Stanley Pince coupante devant fatmax ls 160 230,36.11,EUR,false,Rueducommerce.fr (Marketplace),/go/3213754108443896635.html?categoryId=19084&offerKey=46f0ac397c151f118a596db659948206&offerListId=2345114-D51040FDBFBF2A1F42CA634B9542A03D&pos=13&price=36.11&productid=2345114&sid=25482&type=offer,0,/prix/2345114/stanley-89-875.html
84,3368,GRE Piscine ronde Eco Ø 4.60m h 1.20m - Blanc,795.0,EUR,false,Cdiscount.com,/go/3260736824965860238.html?categoryId=15234&offerKey=7109b431f72dc291c8711a29403762dd&offerListId=1394986-446B3EE060EE459A850B51FB8F1F432F&pos=1&price=795.00&productid=1394986&sid=29061&type=offer,0,/prix/1394986/gre-san-marina-fidji-460-x-120-cm.html
85,3368,"Piscine acier Gré Fidji ronde Dimension - 4,60 x h1,20m",799.0,EUR,false,Azialo.com,/go/3162055742096150478.html?categoryId=15234&offerKey=0900581c7eefd637342fd04a37cb868f&offerListId=1394986-446B3EE060EE459A850B51FB8F1F432F&pos=2&price=799.00&productid=1394986&sid=308497&type=offer,0,/prix/1394986/gre-san-marina-fidji-460-x-120-cm.html
86,3368,Piscine hors-sol Fidji Ø460 H120 cm - Filtre à sable,799.0,EUR,false,ManoMano.fr,/go/3191251579000858509.html?categoryId=15234&offerKey=b2ec042bd2ca38d22fc48d02f27d2edf&offerListId=1394986-446B3EE060EE459A850B51FB8F1F432F&pos=3&price=799.00&productid=1394986&sid=291209&type=offer,0,/prix/1394986/gre-san-marina-fidji-460-x-120-cm.html
87,3368,"
document.getElementById(""result-3-offerinfo"").title = document.getElementById(""result-3-offerinfo"").innerHTML = idealoApp.getContents('vC6 zx%ce_tr~ !:D4:?6 p4:6C #@?56 w `a_ | q=2?496 u:5;:[');
",869.44,EUR,false,Juguetilandia,/go/3263419999989007760.html?categoryId=15234&offerKey=d5dc294f46b47d1bad0675a9d22e4362&offerListId=1394986-446B3EE060EE459A850B51FB8F1F432F&pos=4&price=869.44&productid=1394986&sid=24573&type=offer,0,/prix/1394986/gre-san-marina-fidji-460-x-120-cm.html
88,3368,"
document.getElementById(""result-4-offerinfo"").title = document.getElementById(""result-4-offerinfo"").innerHTML = idealoApp.getContents('vC6 zx%ce_tr~ !:D4:?6 p4:6C #@?56 w `a_ | q=2?496 u:5;:[');
",874.99,EUR,false,Amazon.fr,/go/3248204148245531546.html?categoryId=15234&offerKey=f9f78976ff5b4843f270a04d369ba8b5&offerListId=1394986-446B3EE060EE459A850B51FB8F1F432F&pos=5&price=874.99&productid=1394986&sid=12003&type=offer,0,/prix/1394986/gre-san-marina-fidji-460-x-120-cm.html
89,3368,"Piscine acier blanc Fidji ronde 4,80 x 1,22 m - Gré",899.0,EUR,false,Piscineco.fr,/go/3262330480124495149.html?categoryId=15234&offerKey=814e8169c9795fa5d8d7f6be83208a6b&offerListId=1394986-446B3EE060EE459A850B51FB8F1F432F&pos=6&price=899.00&productid=1394986&sid=287718&type=offer,0,/prix/1394986/gre-san-marina-fidji-460-x-120-cm.html
90,3368,Kit piscine hors sol acier ronde FIDJI,899.0,EUR,false,Homepiscine.com,/go/3177183448506838936.html?categoryId=15234&offerKey=22bda68f34d1777c712a5cf0b8928289&offerListId=1394986-446B3EE060EE459A850B51FB8F1F432F&pos=7&price=899.00&productid=1394986&sid=277989&type=offer,0,/prix/1394986/gre-san-marina-fidji-460-x-120-cm.html
91,3368,Piscine hors sol acier blanc 460 x 120 Eco,899.0,EUR,false,Loisirs-et-decouverte.fr,/go/3179617407966653263.html?categoryId=15234&offerKey=6c0b9a898a118e5f762f4ded95acfbd5&offerListId=1394986-446B3EE060EE459A850B51FB8F1F432F&pos=8&price=899.00&productid=1394986&sid=284222&type=offer,0,/prix/1394986/gre-san-marina-fidji-460-x-120-cm.html
92,3368,Kit piscine hors-sol acier Fidji ronde Ø460x120 cm,899.0,EUR,false,Piscine-center.net,/go/6221144465.html?categoryId=15234&offerKey=a8af32dc5e85611814f17aaa19e1b00a&offerListId=1394986-446B3EE060EE459A850B51FB8F1F432F&pos=9&price=899.00&productid=1394986&sid=291025&type=offer,0,/prix/1394986/gre-san-marina-fidji-460-x-120-cm.html
93,3368,Piscine ronde acier Gré Fidji-Ø 460 x h 120cm,899.0,EUR,false,Raviday-piscine.com,/go/3266841313372277159.html?categoryId=15234&offerKey=36449cd90014b6770a493e6d2fd04083&offerListId=1394986-446B3EE060EE459A850B51FB8F1F432F&pos=10&price=899.00&productid=1394986&sid=309837&type=offer,0,/prix/1394986/gre-san-marina-fidji-460-x-120-cm.html
94,3368,Kit piscine hors-sol acier fidji ronde Ø460x120 cm,940.13,EUR,false,Fnac.com (Marketplace),/go/3252355924402111683.html?categoryId=15234&offerKey=106c55ad4cc656311b3bf59b0b1dee38&offerListId=1394986-446B3EE060EE459A850B51FB8F1F432F&pos=11&price=940.13&productid=1394986&sid=307622&type=offer,0,/prix/1394986/gre-san-marina-fidji-460-x-120-cm.html
95,3368,"GRE POOLS - Kit piscine ECO ronde en acier blanc Fidji Diam. 4,60mx1,20m",954.75,EUR,false,Ubaldi.com (Marketplace),/go/3224562983522803854.html?categoryId=15234&offerKey=6819cfb6d4cdc9ecdf8fb62730b24130&offerListId=1394986-446B3EE060EE459A850B51FB8F1F432F&pos=12&price=954.75&productid=1394986&sid=316737&type=offer,0,/prix/1394986/gre-san-marina-fidji-460-x-120-cm.html
96,3368,"Kit piscine acier blanc Gré Fidji ronde 4,80 x 1,22 m + Bâche à bulles",975.0,EUR,false,Rakuten.com FR,/go/3253510437246863119.html?categoryId=15234&offerKey=3166cbccc1393124cbdc791a34b08a22&offerListId=1394986-446B3EE060EE459A850B51FB8F1F432F&pos=13&price=975.00&productid=1394986&sid=26246&type=offer,0,/prix/1394986/gre-san-marina-fidji-460-x-120-cm.html
97,3368,Piscine Gre Fidji 460x120 KIT460ECO Filtre de 6 m3/h et Liner 50/100,1014.0,EUR,false,ManoMano.fr,/go/3266495370246488428.html?categoryId=15234&offerKey=809c076994e9a0938cb6e581353e24e6&offerListId=1394986-446B3EE060EE459A850B51FB8F1F432F&pos=14&price=1014.00&productid=1394986&sid=291209&type=offer,0,/prix/1394986/gre-san-marina-fidji-460-x-120-cm.html
98,3368,"Kit piscine acier blanc Gré Fidji ronde 4,80 x 1,22 m + Bâche à bulles + Tapis de sol + Kit d'en­tre­tien",1129.0,EUR,false,Rakuten.com FR,/go/3253511050577839190.html?categoryId=15234&offerKey=1b5e43ea69c958e2414334cb232e814a&offerListId=1394986-446B3EE060EE459A850B51FB8F1F432F&pos=15&price=1129.00&productid=1394986&sid=26246&type=offer,0,/prix/1394986/gre-san-marina-fidji-460-x-120-cm.html
99,3378,"
document.getElementById(""result-0-offerinfo"").title = document.getElementById(""result-0-offerinfo"").innerHTML = idealoApp.getContents('$E2?=6J ` `_ `gh r@FE62F U28C2G6j =2\>6 CU624FE6jUD9JjEC24UD9JjE23=6 Wx\>A@CE vC2?56 qC6E28?6X');
",6.0,EUR,false,,/go/3224446027081711824.html?categoryId=19088&offerKey=67457e610961bf921fb63841ae2f990e&offerListId=2343952-0B0F9FACBF67A4C1116877A5C1034046&pos=1&price=6.00&productid=2343952&sid=24573&type=offer,0,/prix/2343952/stanley-10-189.html
100,3378,"
document.getElementById(""result-1-offerinfo"").title = document.getElementById(""result-1-offerinfo"").innerHTML = idealoApp.getContents('$E2?=6J ` `_ `gh r@FE62F U28C2G6j =2\>6 CU624FE6jUD9JjEC24UD9JjE23=6 Wx\>A@CE vC2?56 qC6E28?6X');
",7.49,EUR,false,Amazon.fr,/go/3197076060585866280.html?categoryId=19088&offerKey=63c79aa044c9568109221c922998baab&offerListId=2343952-0B0F9FACBF67A4C1116877A5C1034046&pos=2&price=7.49&productid=2343952&sid=12003&type=offer,0,/prix/2343952/stanley-10-189.html
101,3378,STANLEY Couteau à lame au­to-ré­trac­table 99E,7.49,EUR,false,Cdiscount.com,/go/9511733252.html?categoryId=19088&offerKey=2da49aa15545a9c2d1c7f6009fcab717&offerListId=2343952-0B0F9FACBF67A4C1116877A5C1034046&pos=3&price=7.49&productid=2343952&sid=29061&type=offer,0,/prix/2343952/stanley-10-189.html
102,3378,Cutter de sécurité à lame au­to-ré­trac­table 99E Stanley,8.4,EUR,false,Quincaillerie.pro,/go/3215685830358077421.html?categoryId=19088&offerKey=bcc79a046aca1751fddb8913bb6b9de5&offerListId=2343952-0B0F9FACBF67A4C1116877A5C1034046&pos=4&price=8.40&productid=2343952&sid=279458&type=offer,0,/prix/2343952/stanley-10-189.html
103,3378,"CUTTER, COUTEAU DE SECURITE A LAME AU­TO-RE­TRAC­TABLE 99E STANLEY 1-10-189",8.55,EUR,false,Master-outillage.com,/go/3258068862278567886.html?categoryId=19088&offerKey=7d845f4e0cd428ec64ea988a4dee409c&offerListId=2343952-0B0F9FACBF67A4C1116877A5C1034046&pos=5&price=8.55&productid=2343952&sid=282706&type=offer,0,/prix/2343952/stanley-10-189.html
104,3378,Couteau de sécurité à lame au­to-ré­trac­table - STANLEY 0-10-189,8.82,EUR,false,Master-outillage.com,/go/3258068862387618105.html?categoryId=19088&offerKey=3d3d8c708bff6103952b8cc9513805a7&offerListId=2343952-0B0F9FACBF67A4C1116877A5C1034046&pos=6&price=8.82&productid=2343952&sid=282706&type=offer,0,/prix/2343952/stanley-10-189.html
105,3378,COUTEAU DE SECURITE A LAME AU­TO-RE­TRAC­TABLE,9.24,EUR,false,Comptoirdespros.com,/go/3254697805291194051.html?categoryId=19088&offerKey=69aa0545e3275dcefecc5c8d3280f036&offerListId=2343952-0B0F9FACBF67A4C1116877A5C1034046&pos=7&price=9.24&productid=2343952&sid=283959&type=offer,0,/prix/2343952/stanley-10-189.html
106,3378,COUTEAU DE SECURITE A LAME AU­TO-RE­TRAC­TABLE,9.53,EUR,false,Comptoirdespros.com,/go/3254127683457517600.html?categoryId=19088&offerKey=8ee768a2c12bd29c04ce7499e007e5e8&offerListId=2343952-0B0F9FACBF67A4C1116877A5C1034046&pos=8&price=9.53&productid=2343952&sid=283959&type=offer,0,/prix/2343952/stanley-10-189.html
107,3378,"Couteau de sécurité à lame au­to-ré­trac­table Stanley - Longueur 15,5 cm",9.68,EUR,false,ManoMano.fr,/go/6538683871.html?categoryId=19088&offerKey=49f5c16487dacb994837d81ec54c3c2b&offerListId=2343952-0B0F9FACBF67A4C1116877A5C1034046&pos=9&price=9.68&productid=2343952&sid=291209&type=offer,0,/prix/2343952/stanley-10-189.html
108,3378,Couteau se­cu­ri.stan.au­to 10-089v1-10-189,10.37,EUR,false,ManoMano.fr,/go/3189980973389320099.html?categoryId=19088&offerKey=d14a5b1ddf77782b7feba6d00880808c&offerListId=2343952-0B0F9FACBF67A4C1116877A5C1034046&pos=10&price=10.37&productid=2343952&sid=291209&type=offer,0,/prix/2343952/stanley-10-189.html
109,3378,Couteau à lame ré­trac­table 99 E STANLEY 0-10-189,11.89,EUR,false,Debonix.fr,/go/3244218911530418901.html?categoryId=19088&offerKey=59d05781cef6d3afb2f3ab77f9f3e113&offerListId=2343952-0B0F9FACBF67A4C1116877A5C1034046&pos=11&price=11.89&productid=2343952&sid=277777&type=offer,0,/prix/2343952/stanley-10-189.html
110,3378,Couteau de sécurité à lame au­to-re­trac­table 99e 0-10-189 stanley,12.85,EUR,false,Alexis-robert-bricolage.com,/go/3222599232147948429.html?categoryId=19088&offerKey=8b3a4e191891f821aecab50c0abc2310&offerListId=2343952-0B0F9FACBF67A4C1116877A5C1034046&pos=12&price=12.85&productid=2343952&sid=288310&type=offer,0,/prix/2343952/stanley-10-189.html
111,3378,Stanley Couteau de Securite a Lame Au­to-Re­trac­table - 155 mm,14.36,EUR,false,Mytoolstore.fr,/go/8872351910.html?categoryId=19088&offerKey=c3b3699b7630152b602c373128679bf9&offerListId=2343952-0B0F9FACBF67A4C1116877A5C1034046&pos=13&price=14.36&productid=2343952&sid=29224&type=offer,0,/prix/2343952/stanley-10-189.html
112,3378,Stanley Couteau de securite a lame au­to-rec­trable 155 mm,14.55,EUR,false,Mytoolstore.fr,/go/3205069890125832613.html?categoryId=19088&offerKey=df1570306dcda5eafa231e958a0d4947&offerListId=2343952-0B0F9FACBF67A4C1116877A5C1034046&pos=14&price=14.55&productid=2343952&sid=29224&type=offer,0,/prix/2343952/stanley-10-189.html
113,3378,Couteau à lame ré­trac­table 99 E STANLEY 1-10-189,14.83,EUR,false,Debonix.fr,/go/3244234201823709722.html?categoryId=19088&offerKey=aac1b6a16efa03ef7e4391477953be63&offerListId=2343952-0B0F9FACBF67A4C1116877A5C1034046&pos=15&price=14.83&productid=2343952&sid=277777&type=offer,0,/prix/2343952/stanley-10-189.html
114,3446,"
document.getElementById(""result-0-offerinfo"").title = document.getElementById(""result-0-offerinfo"").innerHTML = idealoApp.getContents('$E2?=6J _\\`_\\c`g rFEE6C `g \>\> |!~');
",6.1,EUR,false,Amazon.fr,/go/3197076074810846762.html?categoryId=19088&offerKey=898d114b1d4aa3546ecf03ad48be9f4a&offerListId=2343902-997889443372FE33ECD6D971E8548A79&pos=1&price=6.10&productid=2343902&sid=12003&type=offer,0,/prix/2343902/stanley-cutter-mpo-18-mm-10-418.html
115,3446,0-10-418 Cutter MPO 18 mm,6.17,EUR,false,ManoMano.fr,/go/3189802211611776088.html?categoryId=19088&offerKey=41e1e4470ac4220fdd284416bca0acbc&offerListId=2343902-997889443372FE33ECD6D971E8548A79&pos=2&price=6.17&productid=2343902&sid=291209&type=offer,0,/prix/2343902/stanley-cutter-mpo-18-mm-10-418.html
116,3446,Cutter ré­trac­table lame 18 mm MPO STANLEY,6.22,EUR,false,Bricozor.com,/go/3267557118128950029.html?categoryId=19088&offerKey=6dd3eceac90ade482b52b4ab85708e10&offerListId=2343902-997889443372FE33ECD6D971E8548A79&pos=3&price=6.22&productid=2343902&sid=272921&type=offer,0,/prix/2343902/stanley-cutter-mpo-18-mm-10-418.html
117,3446,Cutter MPO 18 mm sur carte STANLEY 0-10-418,6.24,EUR,false,Debonix.fr,/go/3244052727679943184.html?categoryId=19088&offerKey=087357681866cb5c57270786cb79559b&offerListId=2343902-997889443372FE33ECD6D971E8548A79&pos=4&price=6.24&productid=2343902&sid=277777&type=offer,0,/prix/2343902/stanley-cutter-mpo-18-mm-10-418.html
118,3446,Cutter MPO 18 mm sur carte STANLEY 0-10-418,6.24,EUR,false,ManoMano.fr,/go/3261237146039617241.html?categoryId=19088&offerKey=eca0480958d8b96df416e32490c64158&offerListId=2343902-997889443372FE33ECD6D971E8548A79&pos=5&price=6.24&productid=2343902&sid=291209&type=offer,0,/prix/2343902/stanley-cutter-mpo-18-mm-10-418.html
119,3446,CUTTER MPO 18MM,6.34,EUR,false,Comptoirdespros.com,/go/3254697805286999746.html?categoryId=19088&offerKey=0bfb9430fa20b4af91a20f161821b0a2&offerListId=2343902-997889443372FE33ECD6D971E8548A79&pos=6&price=6.34&productid=2343902&sid=283959&type=offer,0,/prix/2343902/stanley-cutter-mpo-18-mm-10-418.html
120,3446,Cutter Stanley 18mm,6.7,EUR,false,Toolstation.fr,/go/3193420578203640031.html?categoryId=19088&offerKey=3fb99c5941ca3898e0d21b24549134cd&offerListId=2343902-997889443372FE33ECD6D971E8548A79&pos=7&price=6.70&productid=2343902&sid=311283&type=offer,0,/prix/2343902/stanley-cutter-mpo-18-mm-10-418.html
121,3446,CUTTER MPO 18MM,6.7,EUR,false,Comptoirdespros.com,/go/3254339445649835587.html?categoryId=19088&offerKey=e582e31771c57cc1b74d6a9fb5616627&offerListId=2343902-997889443372FE33ECD6D971E8548A79&pos=8&price=6.70&productid=2343902&sid=283959&type=offer,0,/prix/2343902/stanley-cutter-mpo-18-mm-10-418.html
122,3446,Cutter Stanley MPO 18 mm,7.04,EUR,false,Quincaillerie.pro,/go/7485321789.html?categoryId=19088&offerKey=6974eb2436c0f2337601ffb958691ccf&offerListId=2343902-997889443372FE33ECD6D971E8548A79&pos=9&price=7.04&productid=2343902&sid=279458&type=offer,0,/prix/2343902/stanley-cutter-mpo-18-mm-10-418.html
123,3446,"
document.getElementById(""result-9-offerinfo"").title = document.getElementById(""result-9-offerinfo"").innerHTML = idealoApp.getContents('$E2?=6J `\\`_\\c`g rFEE6C `g \>\> |!~');
",7.18,EUR,false,KRENOBAT,/go/3191429815378913495.html?categoryId=19088&offerKey=d57d8d6e8007cb2747e1e1abdfc25b92&offerListId=2343902-997889443372FE33ECD6D971E8548A79&pos=10&price=7.18&productid=2343902&sid=24573&type=offer,0,/prix/2343902/stanley-cutter-mpo-18-mm-10-418.html
124,3446,Cutter mpo 18mm,7.93,EUR,false,ManoMano.fr,/go/3184360975436350814.html?categoryId=19088&offerKey=5cd76efc4c381951b7f263b6869c52d6&offerListId=2343902-997889443372FE33ECD6D971E8548A79&pos=11&price=7.93&productid=2343902&sid=291209&type=offer,0,/prix/2343902/stanley-cutter-mpo-18-mm-10-418.html
125,3446,Cutter Stanley by Black & Decker 1-10-418 1 pc(s),8.49,EUR,false,Conrad.fr,/go/3254686706235869021.html?categoryId=19088&offerKey=cbf52e0d0e0c0c0f31725c6406cf4244&offerListId=2343902-997889443372FE33ECD6D971E8548A79&pos=12&price=8.49&productid=2343902&sid=286907&type=offer,0,/prix/2343902/stanley-cutter-mpo-18-mm-10-418.html
126,3446,Cutter à lame segmentée MPO - Lame largeur 18 mm 376M2140,10.38,EUR,false,Manutan.fr,/go/3206151712096137577.html?categoryId=19088&offerKey=83553775681ce262dc21a3ca2e57b5bc&offerListId=2343902-997889443372FE33ECD6D971E8548A79&pos=13&price=10.38&productid=2343902&sid=61993&type=offer,0,/prix/2343902/stanley-cutter-mpo-18-mm-10-418.html
127,3446,STANLEY - Cutter MPO 18 mm,10.47,EUR,false,Ubaldi.com (Marketplace),/go/3221509422217958182.html?categoryId=19088&offerKey=bc4b91b365f8360d3161b8af6da3d2f5&offerListId=2343902-997889443372FE33ECD6D971E8548A79&pos=14&price=10.47&productid=2343902&sid=316737&type=offer,0,/prix/2343902/stanley-cutter-mpo-18-mm-10-418.html
128,3446,"Marteau, maillet, massette STANLEY Cutter mpo 18mm stanley 0-10418",10.62,EUR,false,Darty.com (Marketplace),/go/3208676157713031868.html?categoryId=19088&offerKey=6347db306fa82e8c1e2cc38c7a60d18f&offerListId=2343902-997889443372FE33ECD6D971E8548A79&pos=15&price=10.62&productid=2343902&sid=316364&type=offer,0,/prix/2343902/stanley-cutter-mpo-18-mm-10-418.html
129,3468,Poudre spéciale insectes rampants 150g KAPO Expert,5.25,EUR,false,ManoMano.fr,/go/3248041374181754117.html?price=5.25&sid=291209&type=oc_offer,0,/type/3365000030677.html
130,3468,Poudre spéciale insectes rampants 150g KAPO Expert,6.9,EUR,false,,/go/3212713955038334963.html?price=6.90&sid=24573&type=oc_offer,0,/type/3365000030677.html
131,3468,Poudre spéciale insectes rampants 150g kapo expert,7.5,EUR,false,Alexis-robert-bricolage.com,/go/3222599239347471461.html?price=7.50&sid=288310&type=oc_offer,0,/type/3365000030677.html
132,3492,"Aeg Scie sauteuse St800XE, 705W",144.37,EUR,false,Rueducommerce.fr (Marketplace),/go/3219334197713839331.html?categoryId=22656&offerKey=2d7dfc1d24b5f97bc46d14f383c792bc&offerListId=998866-278CD25C4DEA1B0F00DA5EFDC2F44CC6&pos=1&price=144.37&productid=998866&sid=25482&type=offer,0,/prix/998866/aeg-st-800-xe.html
133,3492,"
document.getElementById(""result-1-offerinfo"").title = document.getElementById(""result-1-offerinfo"").innerHTML = idealoApp.getContents('ptv $% g__ )t ~C2?86 $4:6 $2FE6FD6 $4:286 ``_\>\> f_d(');
",149.99,EUR,false,Amazon.fr,/go/3217673998930290259.html?categoryId=22656&offerKey=d57b7dab04a94a534507202af323adad&offerListId=998866-278CD25C4DEA1B0F00DA5EFDC2F44CC6&pos=2&price=149.99&productid=998866&sid=12003&type=offer,0,/prix/998866/aeg-st-800-xe.html
134,3492,AEG Scie sauteuse ST800XE - 705 W - Avec lame,149.99,EUR,false,Cdiscount.com,/go/3200075740032806145.html?categoryId=22656&offerKey=4851fbd187729869f5c0957a389c34f8&offerListId=998866-278CD25C4DEA1B0F00DA5EFDC2F44CC6&pos=3&price=149.99&productid=998866&sid=29061&type=offer,0,/prix/998866/aeg-st-800-xe.html
135,3492,Scie sauteuse pendulaire électrique AEG 705W 110mm ST 800 XE,150.51,EUR,false,Ubaldi.com (Marketplace),/go/3221509299687662260.html?categoryId=22656&offerKey=f6df8881be23b0478c1b6e5baff3e199&offerListId=998866-278CD25C4DEA1B0F00DA5EFDC2F44CC6&pos=4&price=150.51&productid=998866&sid=316737&type=offer,0,/prix/998866/aeg-st-800-xe.html
136,3492,Scie sauteuse Aeg Scie sauteuse pendulaire électrique aeg 705w 110mm st 800 xe,157.84,EUR,false,Darty.com (Marketplace),/go/3223133624790420636.html?categoryId=22656&offerKey=c29c11b21f5d056a68355625283d66f0&offerListId=998866-278CD25C4DEA1B0F00DA5EFDC2F44CC6&pos=5&price=157.84&productid=998866&sid=316364&type=offer,0,/prix/998866/aeg-st-800-xe.html
137,3492,Scie sauteuse AEG ST 800 XE,159.0,EUR,false,Rotopino.fr,/go/3176246290323353833.html?categoryId=22656&offerKey=10b846b17daad6970e90c4b384c5bce1&offerListId=998866-278CD25C4DEA1B0F00DA5EFDC2F44CC6&pos=6&price=159.00&productid=998866&sid=287166&type=offer,0,/prix/998866/aeg-st-800-xe.html
138,3492,"Scie sauteuse AEG ST800XE, 705W",159.97,EUR,false,Rakuten.com FR,/go/1142576926.html?categoryId=22656&offerKey=9fe652177e4eee1af39d4631afa82c79&offerListId=998866-278CD25C4DEA1B0F00DA5EFDC2F44CC6&pos=7&price=159.97&productid=998866&sid=26246&type=offer,0,/prix/998866/aeg-st-800-xe.html
139,3492,AEG ST 800 XE Scie sauteuse dans coffret - 705W - poignée en T - variable,174.99,EUR,false,Fixami.fr,/go/3235106653693019123.html?categoryId=22656&offerKey=b2ee5a21c52dea1f642ceb16a38414c0&offerListId=998866-278CD25C4DEA1B0F00DA5EFDC2F44CC6&pos=8&price=174.99&productid=998866&sid=306120&type=offer,0,/prix/998866/aeg-st-800-xe.html
140,3492,"Aeg Scie sauteuse St800XE, 705W",178.36,EUR,false,Rueducommerce.fr (Marketplace),/go/3213753768417956086.html?categoryId=22656&offerKey=69d0a57c054bb9a23c8875b22c35bb7d&offerListId=998866-278CD25C4DEA1B0F00DA5EFDC2F44CC6&pos=9&price=178.36&productid=998866&sid=25482&type=offer,0,/prix/998866/aeg-st-800-xe.html
141,3492,"
document.getElementById(""result-9-offerinfo"").title = document.getElementById(""result-9-offerinfo"").innerHTML = idealoApp.getContents('ptv $% g__ )t ~C2?86 $4:6 $2FE6FD6 $4:286 ``_\>\> f_d(');
",178.81,EUR,false,Leader-discount,/go/3262630106610270689.html?categoryId=22656&offerKey=940d8815f639076573bcb69c3e942820&offerListId=998866-278CD25C4DEA1B0F00DA5EFDC2F44CC6&pos=10&price=178.81&productid=998866&sid=24573&type=offer,0,/prix/998866/aeg-st-800-xe.html
142,3492,"
document.getElementById(""result-10-offerinfo"").title = document.getElementById(""result-10-offerinfo"").innerHTML = idealoApp.getContents('$4:6 D2FE6FD6 A6?5F=2:C6 U624FE6j=64EC:BF6 ptv f_d( ``_\>\> $% g__ )t');
",179.15,EUR,false,espace-bricolage,/go/3243624206037944508.html?categoryId=22656&offerKey=90a3b5a32f7119acf71682a47908b32c&offerListId=998866-278CD25C4DEA1B0F00DA5EFDC2F44CC6&pos=11&price=179.15&productid=998866&sid=24572&type=offer,0,/prix/998866/aeg-st-800-xe.html
143,3492,"Aeg Scie sauteuse St800XE, 705W",179.15,EUR,false,Rueducommerce.fr (Marketplace),/go/3213755852901071730.html?categoryId=22656&offerKey=4f0e4f48f8c2db5a43696e2416dca412&offerListId=998866-278CD25C4DEA1B0F00DA5EFDC2F44CC6&pos=12&price=179.15&productid=998866&sid=25482&type=offer,0,/prix/998866/aeg-st-800-xe.html
144,3492,"Aeg Scie sauteuse St800XE, 705W",179.18,EUR,false,Rueducommerce.fr (Marketplace),/go/3262619877107565133.html?categoryId=22656&offerKey=5c977d7b0b181682edb45f2f1ab89542&offerListId=998866-278CD25C4DEA1B0F00DA5EFDC2F44CC6&pos=13&price=179.18&productid=998866&sid=25482&type=offer,0,/prix/998866/aeg-st-800-xe.html
145,3492,Scie sauteuse pendulaire électrique AEG 705W 110mm ST 800 XE,186.63,EUR,false,ManoMano.fr,/go/7240223334.html?categoryId=22656&offerKey=c96c44b729cb0ae649981cc8a2139f33&offerListId=998866-278CD25C4DEA1B0F00DA5EFDC2F44CC6&pos=14&price=186.63&productid=998866&sid=291209&type=offer,0,/prix/998866/aeg-st-800-xe.html
146,3492,AEG Powertools Scie sauteuse élec­tro­nique ST 800 XE,189.0,EUR,false,Mytoolstore.fr,/go/3229324280927879453.html?categoryId=22656&offerKey=bcad8361cfe015050d063d4f023edbd9&offerListId=998866-278CD25C4DEA1B0F00DA5EFDC2F44CC6&pos=15&price=189.00&productid=998866&sid=29224&type=offer,0,/prix/998866/aeg-st-800-xe.html
147,3507,"
document.getElementById(""result-0-offerinfo"").title = document.getElementById(""result-0-offerinfo"").innerHTML = idealoApp.getContents('$E2?=6J u2E\>2I _\\gh\\gf_ {@?8 }@D6 !=:6C[ }@:C^UE9:?DAj;2F?6[ a__ \>\>');
",9.9,EUR,false,,/go/3240076538772719652.html?categoryId=19084&offerKey=364c704a28713630a67cb4585619227b&offerListId=2345106-C882F41C549D651260DA48894EFFBEB9&pos=1&price=9.90&productid=2345106&sid=24573&type=offer,0,/prix/2345106/stanley-89-870.html
148,3507,PINCE A BECS 1/2 RONDS LONGS 200MM STANLEY FATMAX 0-89-870,11.78,EUR,false,Master-outillage.com,/go/3157309301742115800.html?categoryId=19084&offerKey=b5b37ae218e81a52d6a72a999dc10413&offerListId=2345106-C882F41C549D651260DA48894EFFBEB9&pos=2&price=11.78&productid=2345106&sid=282706&type=offer,0,/prix/2345106/stanley-89-870.html
149,3507,Max 200mm 089870,12.19,EUR,false,ManoMano.fr,/go/3262138470216238638.html?categoryId=19084&offerKey=e900cd93be57bc0d937a41aed5411891&offerListId=2345106-C882F41C549D651260DA48894EFFBEB9&pos=3&price=12.19&productid=2345106&sid=291209&type=offer,0,/prix/2345106/stanley-89-870.html
150,3507,PINCE À BECS 1/2 RONDS LONGS FATMAX®,12.73,EUR,false,Comptoirdespros.com,/go/3256679551670945515.html?categoryId=19084&offerKey=2e03f07a5207cd9e46419828070cf996&offerListId=2345106-C882F41C549D651260DA48894EFFBEB9&pos=4&price=12.73&productid=2345106&sid=283959&type=offer,0,/prix/2345106/stanley-89-870.html
151,3507,Pince à becs demi-ronds longs Fatmax 200mm STANLEY,16.3,EUR,false,ManoMano.fr,/go/3267643112326956734.html?categoryId=19084&offerKey=74653249363c481e65062e3e672fa6d8&offerListId=2345106-C882F41C549D651260DA48894EFFBEB9&pos=5&price=16.30&productid=2345106&sid=291209&type=offer,0,/prix/2345106/stanley-89-870.html
152,3507,Pince à becs demi-ronds longs fatmax 200mm stanley,16.3,EUR,false,Alexis-robert-bricolage.com,/go/3222599236847672602.html?categoryId=19084&offerKey=ae5994d9731f8edb8c72a1a1c078c3d5&offerListId=2345106-C882F41C549D651260DA48894EFFBEB9&pos=6&price=16.30&productid=2345106&sid=288310&type=offer,0,/prix/2345106/stanley-89-870.html
153,3507,"Stanley Pince à Bec Long FatMax®, 200 mm",17.2,EUR,false,Mytoolstore.fr,/go/3150712229779743419.html?categoryId=19084&offerKey=eb11d693a50d22ef1287bf31c19e8b2b&offerListId=2345106-C882F41C549D651260DA48894EFFBEB9&pos=7&price=17.20&productid=2345106&sid=29224&type=offer,0,/prix/2345106/stanley-89-870.html
154,3507,"
document.getElementById(""result-7-offerinfo"").title = document.getElementById(""result-7-offerinfo"").innerHTML = idealoApp.getContents('$E2?=6J u2E\>2I _\\gh\\gf_ {@?8 }@D6 !=:6C[ }@:C^UE9:?DAj;2F?6[ a__ \>\>');
",20.87,EUR,false,Amazon.fr,/go/7324730727.html?categoryId=19084&offerKey=0aca36a5e231d05341974edab371ae34&offerListId=2345106-C882F41C549D651260DA48894EFFBEB9&pos=8&price=20.87&productid=2345106&sid=12003&type=offer,0,/prix/2345106/stanley-89-870.html
155,3507,Pince à becs 1/2 ronds longs fatmax® A193388,22.5,EUR,false,Manutan.fr,/go/3206151720721723514.html?categoryId=19084&offerKey=a020d05b157bc904f6545a202221380e&offerListId=2345106-C882F41C549D651260DA48894EFFBEB9&pos=9&price=22.50&productid=2345106&sid=61993&type=offer,0,/prix/2345106/stanley-89-870.html
156,3507,Stanley Pince plate Fatmax bec long 200mm,27.35,EUR,false,Rueducommerce.fr (Marketplace),/go/3235856446581113511.html?categoryId=19084&offerKey=460f34fd12b28896e441c138ea69d00b&offerListId=2345106-C882F41C549D651260DA48894EFFBEB9&pos=10&price=27.35&productid=2345106&sid=25482&type=offer,0,/prix/2345106/stanley-89-870.html
157,3507,Stanley Pince plate Fatmax bec long 200mm,29.59,EUR,false,Rueducommerce.fr (Marketplace),/go/3213756819996414459.html?categoryId=19084&offerKey=7fe30b45ef7690ee53d3c30a8fcd2718&offerListId=2345106-C882F41C549D651260DA48894EFFBEB9&pos=11&price=29.59&productid=2345106&sid=25482&type=offer,0,/prix/2345106/stanley-89-870.html
158,3507,Stanley Pince plate Fatmax bec long 200mm,30.08,EUR,false,Rueducommerce.fr (Marketplace),/go/3215167922869644211.html?categoryId=19084&offerKey=16b7dc2d27b74ff9bc007f7ac45da146&offerListId=2345106-C882F41C549D651260DA48894EFFBEB9&pos=12&price=30.08&productid=2345106&sid=25482&type=offer,0,/prix/2345106/stanley-89-870.html
159,3532,"
document.getElementById(""result-0-offerinfo"").title = document.getElementById(""result-0-offerinfo"").innerHTML = idealoApp.getContents('$E2?=6J _gcahc |2I$E66= !:?46 \>F=E:AC:D6 \'st add \>\> Wx\>A@CE vC2?56 qC6E28?6X');
",14.99,EUR,false,Amazon.fr,/go/7299577462.html?categoryId=19084&offerKey=0b2c18f4ee6c21b8e3e3948225b9cc59&offerListId=2345131-8B0C88B2BCD1715DB316319692A078FA&pos=1&price=14.99&productid=2345131&sid=12003&type=offer,0,/prix/2345131/stanley-84-294.html
160,3532,Pince multiprise isolée 1000v 240mm STANLEY,14.99,EUR,false,Cdiscount.com,/go/9507739111.html?categoryId=19084&offerKey=efa5bf77e64f14a60beaefb3207d2786&offerListId=2345131-8B0C88B2BCD1715DB316319692A078FA&pos=2&price=14.99&productid=2345131&sid=29061&type=offer,0,/prix/2345131/stanley-84-294.html
161,3532,PINCE MULTIPRISE 255MM ISOLÉE 1000V,18.34,EUR,false,Comptoirdespros.com,/go/3256679551612225245.html?categoryId=19084&offerKey=756b68e99f4cb17d0445ccecd9642f2d&offerListId=2345131-8B0C88B2BCD1715DB316319692A078FA&pos=3&price=18.34&productid=2345131&sid=283959&type=offer,0,/prix/2345131/stanley-84-294.html
162,3532,Pince multiprise isolée 1000v 240mm STANLEY - STA3253560842949,19.83,EUR,false,ManoMano.fr,/go/6521385363.html?categoryId=19084&offerKey=b4e9121da0f1ff35aacd5773152d3b74&offerListId=2345131-8B0C88B2BCD1715DB316319692A078FA&pos=4&price=19.83&productid=2345131&sid=291209&type=offer,0,/prix/2345131/stanley-84-294.html
163,3532,"Stanley 0-84-294, Pince",20.79,EUR,false,Alternate.fr,/go/3258521557049279685.html?categoryId=19084&offerKey=e6d9eb37dad1c021ed9e5e77f572f3d9&offerListId=2345131-8B0C88B2BCD1715DB316319692A078FA&pos=5&price=20.79&productid=2345131&sid=291809&type=offer,0,/prix/2345131/stanley-84-294.html
164,3532,STANLEY Pince Multiprise Isolée 1000V MaxSteel® 0-84294,22.96,EUR,false,Rueducommerce.fr (Marketplace),/go/3213757383337583294.html?categoryId=19084&offerKey=6fd85d99c06d448449a4faba519a2c96&offerListId=2345131-8B0C88B2BCD1715DB316319692A078FA&pos=6&price=22.96&productid=2345131&sid=25482&type=offer,0,/prix/2345131/stanley-84-294.html
165,3532,STANLEY Pince Multiprise Isolée 1000V MaxSteel® 0-84294,22.98,EUR,false,Rueducommerce.fr (Marketplace),/go/3264254188317573310.html?categoryId=19084&offerKey=81f25891c9aa2f879d55bdb9c8d0c12d&offerListId=2345131-8B0C88B2BCD1715DB316319692A078FA&pos=7&price=22.98&productid=2345131&sid=25482&type=offer,0,/prix/2345131/stanley-84-294.html
166,3532,Stanley Pince Multiprise Isolee 1000V - 255 mm,26.04,EUR,false,Mytoolstore.fr,/go/3406560560.html?categoryId=19084&offerKey=db8bd2b2ffc74d833ae8a2efead89e9a&offerListId=2345131-8B0C88B2BCD1715DB316319692A078FA&pos=8&price=26.04&productid=2345131&sid=29224&type=offer,0,/prix/2345131/stanley-84-294.html
167,3532,STANLEY Pince Multiprise Isolée 1000V MaxSteel® 0-84294,26.56,EUR,false,Rueducommerce.fr (Marketplace),/go/3214479285463026246.html?categoryId=19084&offerKey=a9fb73842433618d6ea96467997476e4&offerListId=2345131-8B0C88B2BCD1715DB316319692A078FA&pos=9&price=26.56&productid=2345131&sid=25482&type=offer,0,/prix/2345131/stanley-84-294.html
168,3532,STANLEY Pince Multiprise Isolée 1000V MaxSteel® 0-84294,26.81,EUR,false,Rueducommerce.fr (Marketplace),/go/3213756283366685550.html?categoryId=19084&offerKey=0bc39cb2b3a960a0fa2f655ea4fc24c0&offerListId=2345131-8B0C88B2BCD1715DB316319692A078FA&pos=10&price=26.81&productid=2345131&sid=25482&type=offer,0,/prix/2345131/stanley-84-294.html
169,3532,"
document.getElementById(""result-10-offerinfo"").title = document.getElementById(""result-10-offerinfo"").innerHTML = idealoApp.getContents('$E2?=6J _gcahc |2I$E66= !:?46 \>F=E:AC:D6 \'st add \>\> Wx\>A@CE vC2?56 qC6E28?6X');
",26.85,EUR,false,IBAZAR - facture TVA sur demande,/go/3262469097413151461.html?categoryId=19084&offerKey=8810c02e834fdd575b08241ec563a17c&offerListId=2345131-8B0C88B2BCD1715DB316319692A078FA&pos=11&price=26.85&productid=2345131&sid=24573&type=offer,0,/prix/2345131/stanley-84-294.html
170,3532,STANLEY Pince Multiprise Isolée 1000V MaxSteel® 0-84294,27.64,EUR,false,Rueducommerce.fr (Marketplace),/go/3224773794824457005.html?categoryId=19084&offerKey=f5aee946967d4134afcaaa6828a978bb&offerListId=2345131-8B0C88B2BCD1715DB316319692A078FA&pos=12&price=27.64&productid=2345131&sid=25482&type=offer,0,/prix/2345131/stanley-84-294.html
171,3532,Pince multiprise isolée 1000V - Stanley A193638,32.7,EUR,false,Manutan.fr,/go/3206151721669630294.html?categoryId=19084&offerKey=75faf00f2d8563648051d270ff503fba&offerListId=2345131-8B0C88B2BCD1715DB316319692A078FA&pos=13&price=32.70&productid=2345131&sid=61993&type=offer,0,/prix/2345131/stanley-84-294.html
172,3546,"
document.getElementById(""result-0-offerinfo"").title = document.getElementById(""result-0-offerinfo"").innerHTML = idealoApp.getContents('$E2?=6J `\\ed\\bhf u2E\>2I E@FC?6G:D E@CIEEad I`__\>\>[ y2F?6');
",4.17,EUR,false,marketdeferreteria,/go/6132358981.html?categoryId=19083&offerKey=d3a095253c526f1f856080ec01f4d6aa&offerListId=2361065-62F9B6BE63AF95927BAE6BA25C71F0AB&pos=1&price=4.17&productid=2361065&sid=24573&type=offer,0,/prix/2361065/stanley-65-397.html
173,3546,TOURNEVIS TAMPER TORX FATMAX®,5.32,EUR,false,Comptoirdespros.com,/go/3256679554365784222.html?categoryId=19083&offerKey=fa86aadbcc03057a7b3493bfe3f16586&offerListId=2361065-62F9B6BE63AF95927BAE6BA25C71F0AB&pos=2&price=5.32&productid=2361065&sid=283959&type=offer,0,/prix/2361065/stanley-65-397.html
174,3546,Stanley Tournevis Torx FatMax® TX25,5.46,EUR,false,Rakuten.com FR,/go/1678935114.html?categoryId=19083&offerKey=89d2a49b5e0d70f61d73af409a3c8a8a&offerListId=2361065-62F9B6BE63AF95927BAE6BA25C71F0AB&pos=3&price=5.46&productid=2361065&sid=26246&type=offer,0,/prix/2361065/stanley-65-397.html
175,3546,TOURNEVIS TAMPER TORX FATMAX®,5.52,EUR,false,Comptoirdespros.com,/go/3256679551851301855.html?categoryId=19083&offerKey=3dfddc7921f3c45e3cc1704012445a63&offerListId=2361065-62F9B6BE63AF95927BAE6BA25C71F0AB&pos=4&price=5.52&productid=2361065&sid=283959&type=offer,0,/prix/2361065/stanley-65-397.html
176,3546,Tournevis torx - T25 - Ø 5 mm - Lame 10 cm - Stanley Fatmax,5.68,EUR,false,ManoMano.fr,/go/6408983295.html?categoryId=19083&offerKey=d70a2180dc1f2c46f53c9f117e583e91&offerListId=2361065-62F9B6BE63AF95927BAE6BA25C71F0AB&pos=5&price=5.68&productid=2361065&sid=291209&type=offer,0,/prix/2361065/stanley-65-397.html
177,3546,"
document.getElementById(""result-5-offerinfo"").title = document.getElementById(""result-5-offerinfo"").innerHTML = idealoApp.getContents('$E2?=6J _\\ed\\bhf u2E|2I %@FC?6G:D !@:?E6 %@CI %%ad I `__\>\>');
",6.49,EUR,false,Amazon.fr,/go/7313595484.html?categoryId=19083&offerKey=951779a02eaaab300f51e73ad312fa76&offerListId=2361065-62F9B6BE63AF95927BAE6BA25C71F0AB&pos=6&price=6.49&productid=2361065&sid=12003&type=offer,0,/prix/2361065/stanley-65-397.html
178,3546,STANLEY Tournevis tamper torx Fatmax TT25-100mm,6.49,EUR,false,Cdiscount.com,/go/3169710278990376009.html?categoryId=19083&offerKey=dfe81df42f5926a8e47600a66ab2aaf4&offerListId=2361065-62F9B6BE63AF95927BAE6BA25C71F0AB&pos=7&price=6.49&productid=2361065&sid=29061&type=offer,0,/prix/2361065/stanley-65-397.html
179,3546,Tournevis tamper torx fatmax® A193562,9.47,EUR,false,Manutan.fr,/go/3206151721212459271.html?categoryId=19083&offerKey=a30d24e8937545cae4526689653a81a8&offerListId=2361065-62F9B6BE63AF95927BAE6BA25C71F0AB&pos=8&price=9.47&productid=2361065&sid=61993&type=offer,0,/prix/2361065/stanley-65-397.html
180,3546,STANLEY Tournevis tamper torx Fatmax TT25-100mm,9.67,EUR,false,ManoMano.fr,/go/3251066978414102082.html?categoryId=19083&offerKey=be7bdc6f221ec312105001ef3ccb4031&offerListId=2361065-62F9B6BE63AF95927BAE6BA25C71F0AB&pos=9&price=9.67&productid=2361065&sid=291209&type=offer,0,/prix/2361065/stanley-65-397.html
181,3546,Stanley Tournevis Torx FatMax® TX25,10.58,EUR,false,Mytoolstore.fr,/go/8871592521.html?categoryId=19083&offerKey=77840e259af5f867db2357388cfc4009&offerListId=2361065-62F9B6BE63AF95927BAE6BA25C71F0AB&pos=10&price=10.58&productid=2361065&sid=29224&type=offer,0,/prix/2361065/stanley-65-397.html
182,3546,FATMAX Tournevis Fatmax Torx Tamper T25 100mm,13.62,EUR,false,Home-boulevard.com,/go/3263520566342060484.html?categoryId=19083&offerKey=3395b43f79f0517549ec37074ffe56e1&offerListId=2361065-62F9B6BE63AF95927BAE6BA25C71F0AB&pos=11&price=13.62&productid=2361065&sid=280884&type=offer,0,/prix/2361065/stanley-65-397.html
183,3598,Niveau MLH tra­pé­zoï­dal antichoc 1 semelle - L 100 cm - STANLEY 1-42-316,50.26,EUR,false,Master-outillage.com,/go/3155431624187840039.html?categoryId=22255&offerKey=cd2b4149eee42215b1d9b7e5efdb52ff&offerListId=3524701-63645F1F3904708BC9F63582D36B294F&pos=1&price=50.26&productid=3524701&sid=282706&type=offer,0,/prix/3524701/stanley-niveau-trapezoidal-antichoc-fatmax-mlh-100-cm-1-42-316.html
184,3598,"
document.getElementById(""result-1-offerinfo"").title = document.getElementById(""result-1-offerinfo"").innerHTML = idealoApp.getContents('$E2?=6J `\\ca\\b`e }:G62F EC2UD9JjAU624FE6jUD9JjK@U:F\>=jUD9Jj52= |{w `__ 4\>');
",52.0,EUR,false,Amazon.fr,/go/7331039979.html?categoryId=22255&offerKey=7be61b6086168d7f9976b42e0b10d3f3&offerListId=3524701-63645F1F3904708BC9F63582D36B294F&pos=2&price=52.00&productid=3524701&sid=12003&type=offer,0,/prix/3524701/stanley-niveau-trapezoidal-antichoc-fatmax-mlh-100-cm-1-42-316.html
185,3598,Niveaux MLH FAT MAX - 100 CM STANLEY,52.02,EUR,false,Bricozor.com,/go/3267557136162359698.html?categoryId=22255&offerKey=86afd4071008ef110a22e3148100cccf&offerListId=3524701-63645F1F3904708BC9F63582D36B294F&pos=3&price=52.02&productid=3524701&sid=272921&type=offer,0,/prix/3524701/stanley-niveau-trapezoidal-antichoc-fatmax-mlh-100-cm-1-42-316.html
186,3598,Niveau d'eau STANLEY MLH antichoc - Longueur : 100 cm - 1-42-316,53.32,EUR,false,Maxoutil.com,/go/2657751200.html?categoryId=22255&offerKey=e3efab922f51177603b1b0a43966e176&offerListId=3524701-63645F1F3904708BC9F63582D36B294F&pos=4&price=53.32&productid=3524701&sid=254364&type=offer,0,/prix/3524701/stanley-niveau-trapezoidal-antichoc-fatmax-mlh-100-cm-1-42-316.html
187,3598,Niveau d'eau STANLEY MLH antichoc - Longueur : 100 cm - 1-42-316,53.32,EUR,false,ManoMano.fr,/go/3191434357613007902.html?categoryId=22255&offerKey=502832343de584b44d3c86058d7301ae&offerListId=3524701-63645F1F3904708BC9F63582D36B294F&pos=5&price=53.32&productid=3524701&sid=291209&type=offer,0,/prix/3524701/stanley-niveau-trapezoidal-antichoc-fatmax-mlh-100-cm-1-42-316.html
188,3598,STANLEY Niveaux MLH Antichoc 1 Semelle 100cm 1-42316,53.32,EUR,false,Rueducommerce.fr (Marketplace),/go/3213777245610978205.html?categoryId=22255&offerKey=9f8e08167c56820cdc7a3cd38644f511&offerListId=3524701-63645F1F3904708BC9F63582D36B294F&pos=6&price=53.32&productid=3524701&sid=25482&type=offer,0,/prix/3524701/stanley-niveau-trapezoidal-antichoc-fatmax-mlh-100-cm-1-42-316.html
189,3598,NIVEAU TRA­PÉ­ZOÏ­DAL MLH,54.28,EUR,false,Comptoirdespros.com,/go/3254716684763661683.html?categoryId=22255&offerKey=9c500b9e8f25fcfe3b4f4cd32995036a&offerListId=3524701-63645F1F3904708BC9F63582D36B294F&pos=7&price=54.28&productid=3524701&sid=283959&type=offer,0,/prix/3524701/stanley-niveau-trapezoidal-antichoc-fatmax-mlh-100-cm-1-42-316.html
190,3598,Stanley 1-42-316,58.39,EUR,false,Fixami.fr,/go/3235106868019857185.html?categoryId=22255&offerKey=d206de084238bbf299dcc3bced666610&offerListId=3524701-63645F1F3904708BC9F63582D36B294F&pos=8&price=58.39&productid=3524701&sid=306120&type=offer,0,/prix/3524701/stanley-niveau-trapezoidal-antichoc-fatmax-mlh-100-cm-1-42-316.html
191,3598,Niveau laser STANLEY Stanley - niveau alu antichoc mlh et malh fatmax 1000 mm 2 fioles - 1-42-316,58.71,EUR,false,Darty.com (Marketplace),/go/3233111354606879746.html?categoryId=22255&offerKey=468e2c1fee1167ce7cb8a98b798830a6&offerListId=3524701-63645F1F3904708BC9F63582D36B294F&pos=9&price=58.71&productid=3524701&sid=316364&type=offer,0,/prix/3524701/stanley-niveau-trapezoidal-antichoc-fatmax-mlh-100-cm-1-42-316.html
192,3598,"
document.getElementById(""result-9-offerinfo"").title = document.getElementById(""result-9-offerinfo"").innerHTML = idealoApp.getContents('$E2?=6J `\\ca\\b`e }:G62F EC2UD9JjAU624FE6jUD9JjK@U:F\>=jUD9Jj52= |{w `__ 4\>');
",59.12,EUR,false,Brico-travo,/go/3254564183557015084.html?categoryId=22255&offerKey=9c2e3465713d3e346670a66ebba52050&offerListId=3524701-63645F1F3904708BC9F63582D36B294F&pos=10&price=59.12&productid=3524701&sid=24573&type=offer,0,/prix/3524701/stanley-niveau-trapezoidal-antichoc-fatmax-mlh-100-cm-1-42-316.html
193,3598,STANLEY Niveaux MLH Antichoc 1 Semelle 100cm 1-42316,59.12,EUR,false,Rueducommerce.fr (Marketplace),/go/3267738680457956158.html?categoryId=22255&offerKey=09541891b5e2aad874d158706cb373f8&offerListId=3524701-63645F1F3904708BC9F63582D36B294F&pos=11&price=59.12&productid=3524701&sid=25482&type=offer,0,/prix/3524701/stanley-niveau-trapezoidal-antichoc-fatmax-mlh-100-cm-1-42-316.html
194,3598,Niveau à bulle antichoc MLH Stanley,59.14,EUR,false,Mabeo-direct.com,/go/3167170102713919936.html?categoryId=22255&offerKey=239f9ecc88ff9a064874a7486cb24b30&offerListId=3524701-63645F1F3904708BC9F63582D36B294F&pos=12&price=59.14&productid=3524701&sid=297509&type=offer,0,/prix/3524701/stanley-niveau-trapezoidal-antichoc-fatmax-mlh-100-cm-1-42-316.html
195,3598,STANLEY Niveaux MLH Antichoc 1 Semelle 100cm 1-42316,61.1,EUR,false,Rueducommerce.fr (Marketplace),/go/3213776720475724497.html?categoryId=22255&offerKey=f19210afc34cd3550e3a75da9bead07a&offerListId=3524701-63645F1F3904708BC9F63582D36B294F&pos=13&price=61.10&productid=3524701&sid=25482&type=offer,0,/prix/3524701/stanley-niveau-trapezoidal-antichoc-fatmax-mlh-100-cm-1-42-316.html
196,3598,STANLEY - Niveau Alu antichoc Fatmax MLH 1000 mm,63.7,EUR,false,Ubaldi.com (Marketplace),/go/3221509375407427647.html?categoryId=22255&offerKey=9c059ff9ab8770e91bf1e09d0566bf1b&offerListId=3524701-63645F1F3904708BC9F63582D36B294F&pos=14&price=63.70&productid=3524701&sid=316737&type=offer,0,/prix/3524701/stanley-niveau-trapezoidal-antichoc-fatmax-mlh-100-cm-1-42-316.html
197,3598,STANLEY Niveaux MLH Antichoc 1 Semelle 100cm 1-42316,64.54,EUR,false,Rueducommerce.fr (Marketplace),/go/3213778415530294023.html?categoryId=22255&offerKey=f6b450978649c95450ba3a8d4c158481&offerListId=3524701-63645F1F3904708BC9F63582D36B294F&pos=15&price=64.54&productid=3524701&sid=25482&type=offer,0,/prix/3524701/stanley-niveau-trapezoidal-antichoc-fatmax-mlh-100-cm-1-42-316.html
198,3604,"
document.getElementById(""result-0-offerinfo"").title = document.getElementById(""result-0-offerinfo"").innerHTML = idealoApp.getContents('$E2?=6J \'st (:C6 $EC:A !=:6C `f_|| _ gc _`_');
",15.99,EUR,false,Amazon.fr,/go/7304055286.html?categoryId=19084&offerKey=70f6ecfbff09cc39d2cfc492f78b8299&offerListId=2345122-09E441CF46FBEFAAAA960977F1CBCC69&pos=1&price=15.99&productid=2345122&sid=12003&type=offer,0,/prix/2345122/stanley-84-010.html
199,3604,Pince 1000 V à dénuder 170mm STANLEY,15.99,EUR,false,Cdiscount.com,/go/3187580480692173501.html?categoryId=19084&offerKey=377dd2c524280aac1b936c34c0b7362a&offerListId=2345122-09E441CF46FBEFAAAA960977F1CBCC69&pos=2&price=15.99&productid=2345122&sid=29061&type=offer,0,/prix/2345122/stanley-84-010.html
200,3604,PINCE À DÉNUDER 170MM ISOLÉE 1000V,19.27,EUR,false,Comptoirdespros.com,/go/3254686434736473301.html?categoryId=19084&offerKey=a37b586c20c9642f2f46f5c67c597e30&offerListId=2345122-09E441CF46FBEFAAAA960977F1CBCC69&pos=3&price=19.27&productid=2345122&sid=283959&type=offer,0,/prix/2345122/stanley-84-010.html
201,3604,Pince et tenaille STANLEY Pinces à dénuder isolées 1000v maxsteel® stanley 0-84010,19.7,EUR,false,Darty.com (Marketplace),/go/3208676169108952657.html?categoryId=19084&offerKey=e25127374c1cccfffabf683f8db86dc2&offerListId=2345122-09E441CF46FBEFAAAA960977F1CBCC69&pos=4&price=19.70&productid=2345122&sid=316364&type=offer,0,/prix/2345122/stanley-84-010.html
202,3604,Pince 1000 V a dénuder 170mm STANLEY,21.0,EUR,false,ManoMano.fr,/go/6526932294.html?categoryId=19084&offerKey=61031e470cbb214c141c1e55075e9cc7&offerListId=2345122-09E441CF46FBEFAAAA960977F1CBCC69&pos=5&price=21.00&productid=2345122&sid=291209&type=offer,0,/prix/2345122/stanley-84-010.html
203,3604,Stanley Pince a Denuder Isolee 1000V - 160 mm,23.24,EUR,false,Mytoolstore.fr,/go/8346026972.html?categoryId=19084&offerKey=15a907ed800392e2bc570b0356c00d34&offerListId=2345122-09E441CF46FBEFAAAA960977F1CBCC69&pos=6&price=23.24&productid=2345122&sid=29224&type=offer,0,/prix/2345122/stanley-84-010.html
204,3604,STANLEY Pinces à Dénuder Isolées 1000V MaxSteel® 0-84010,23.26,EUR,false,Rueducommerce.fr (Marketplace),/go/3213756224373793791.html?categoryId=19084&offerKey=2a51740c7a4331d1fcde564f08acd2a4&offerListId=2345122-09E441CF46FBEFAAAA960977F1CBCC69&pos=7&price=23.26&productid=2345122&sid=25482&type=offer,0,/prix/2345122/stanley-84-010.html
205,3604,STANLEY Pinces à Dénuder Isolées 1000V MaxSteel® 0-84010,24.12,EUR,false,Rueducommerce.fr (Marketplace),/go/3214264481660016674.html?categoryId=19084&offerKey=7e359b2696206e9145b3713e7808ec9e&offerListId=2345122-09E441CF46FBEFAAAA960977F1CBCC69&pos=8&price=24.12&productid=2345122&sid=25482&type=offer,0,/prix/2345122/stanley-84-010.html
206,3604,STANLEY Pinces à Dénuder Isolées 1000V MaxSteel® 0-84010,24.13,EUR,false,Rueducommerce.fr (Marketplace),/go/3264254188198035644.html?categoryId=19084&offerKey=545190246f74147a3896c7feff86be25&offerListId=2345122-09E441CF46FBEFAAAA960977F1CBCC69&pos=9&price=24.13&productid=2345122&sid=25482&type=offer,0,/prix/2345122/stanley-84-010.html
207,3604,"
document.getElementById(""result-9-offerinfo"").title = document.getElementById(""result-9-offerinfo"").innerHTML = idealoApp.getContents('$E2?=6J \'st (:C6 $EC:A !=:6C `f_|| _ gc _`_');
",25.2,EUR,false,Leader-discount,/go/3256953968149921953.html?categoryId=19084&offerKey=e320ee53dfae0165b4d8c33ef9f0c122&offerListId=2345122-09E441CF46FBEFAAAA960977F1CBCC69&pos=10&price=25.20&productid=2345122&sid=24573&type=offer,0,/prix/2345122/stanley-84-010.html
208,3604,STANLEY Pinces à Dénuder Isolées 1000V MaxSteel® 0-84010,27.71,EUR,false,Rueducommerce.fr (Marketplace),/go/3213932457688565755.html?categoryId=19084&offerKey=662a58f61e6e64da499d34c9f667f8d6&offerListId=2345122-09E441CF46FBEFAAAA960977F1CBCC69&pos=11&price=27.71&productid=2345122&sid=25482&type=offer,0,/prix/2345122/stanley-84-010.html
209,3604,STANLEY Pinces à Dénuder Isolées 1000V MaxSteel® 0-84010,28.72,EUR,false,Rueducommerce.fr (Marketplace),/go/3213754357155632845.html?categoryId=19084&offerKey=ff0ded2f8296085a4c6dc7c65d3ba83f&offerListId=2345122-09E441CF46FBEFAAAA960977F1CBCC69&pos=12&price=28.72&productid=2345122&sid=25482&type=offer,0,/prix/2345122/stanley-84-010.html
210,3604,Pince à dénuder VDE de Stanley 2004M13568,35.1,EUR,false,Manutan.fr,/go/3206151702839299119.html?categoryId=19084&offerKey=d27cf72d8900fcbe6e7ea8b0dab24c69&offerListId=2345122-09E441CF46FBEFAAAA960977F1CBCC69&pos=13&price=35.10&productid=2345122&sid=61993&type=offer,0,/prix/2345122/stanley-84-010.html
