,index_data,product_name,product_price,currency,voucher,shop_name,url_origin,url_image,id_page
0,1383,Bailet Drap de douche - Léman - blanc - vert d'eau - Coton peigné 100 blanc - vert d'eau,37.8,EUR,false,Rueducommerce.fr (Marketplace),/go/3213744787846872007.html?price=37.80&sid=25482&type=oc_offer,0,/type/3700916301839.html
1,1383,"Bailet Drap de Douche - Leman Coton, Blanc, 70 x 140 cm",40.49,EUR,false,Amazon.fr,/go/3197222541714271220.html?price=40.49&sid=12003&type=oc_offer,0,/type/3700916301839.html
2,1383,Bailet Drap de douche - Léman - blanc - vert d'eau - Coton peigné 100 blanc - vert d'eau,46.79,EUR,false,Rueducommerce.fr (Marketplace),/go/3243239436988711006.html?price=46.79&sid=25482&type=oc_offer,0,/type/3700916301839.html
3,2422,Per­fo­ra­teur AEG KH 28 Super XE,219.0,EUR,false,Rotopino.fr,/go/9960745118.html?categoryId=15397&offerKey=57711a257b063d3730d9d50bb9435d37&offerListId=1884565-702A4D1BADE8E5CD67DE1AEB9F57B756&pos=1&price=219.00&productid=1884565&sid=287166&type=offer,0,/prix/1884565/aeg-kh-28-super-xe-4935428190.html
4,2422,"AEG KH 28 SUPER XE Marteau per­fo­ra­teur SDS-plus dans coffret - 1010W - 2,8J",238.99,EUR,false,Fixami.fr,/go/3235106655259591685.html?categoryId=15397&offerKey=8d6f14bf0fb595b545f9948265f8281a&offerListId=1884565-702A4D1BADE8E5CD67DE1AEB9F57B756&pos=2&price=238.99&productid=1884565&sid=306120&type=offer,0,/prix/1884565/aeg-kh-28-super-xe-4935428190.html
5,2422,"
document.getElementById(""result-2-offerinfo"").title = document.getElementById(""result-2-offerinfo"").innerHTML = idealoApp.getContents('ptv zw ag $FA6C )t |2CE62F A6CUD9Jj7@UD9JjC2UD9JjE6FC');
",239.0,EUR,false,Rotopino FR,/go/3249767559821525225.html?categoryId=15397&offerKey=5b1fc3263d0480516132306dbe1df230&offerListId=1884565-702A4D1BADE8E5CD67DE1AEB9F57B756&pos=3&price=239.00&productid=1884565&sid=24573&type=offer,0,/prix/1884565/aeg-kh-28-super-xe-4935428190.html
6,2422,"
document.getElementById(""result-3-offerinfo"").title = document.getElementById(""result-3-offerinfo"").innerHTML = idealoApp.getContents('ptv zw ag $FA6C )t |2CE62F A6CUD9Jj7@UD9JjC2UD9JjE6FC');
",239.99,EUR,false,Amazon.fr,/go/7327552886.html?categoryId=15397&offerKey=d9460ed8a096e304a83e9074af0c72a4&offerListId=1884565-702A4D1BADE8E5CD67DE1AEB9F57B756&pos=4&price=239.99&productid=1884565&sid=12003&type=offer,0,/prix/1884565/aeg-kh-28-super-xe-4935428190.html
7,2422,"AEG Per­fo­ra­teur-bu­ri­neur KH28Su­per­XEK - 1010 W - 2,8 J - Coupe : 28 mm",239.99,EUR,false,Cdiscount.com,/go/3199833976216762686.html?categoryId=15397&offerKey=f7eca0a5ec037fe4b7d06a2e5e5c9ca6&offerListId=1884565-702A4D1BADE8E5CD67DE1AEB9F57B756&pos=5&price=239.99&productid=1884565&sid=29061&type=offer,0,/prix/1884565/aeg-kh-28-super-xe-4935428190.html
8,2422,"AEG Per­fo­ra­teur-bu­ri­neur KH28Su­per­XEK - 1010 W - 2,8 J - Coupe : 28 mm",250.76,EUR,false,ManoMano.fr,/go/9966015226.html?categoryId=15397&offerKey=524e0bebc40dd4345b2bcda85bf74037&offerListId=1884565-702A4D1BADE8E5CD67DE1AEB9F57B756&pos=6&price=250.76&productid=1884565&sid=291209&type=offer,0,/prix/1884565/aeg-kh-28-super-xe-4935428190.html
9,2422,"Aeg Per­fo­ra­teur Kh28Su­per­XE, 1010W, 2,8 Joules Epta",256.18,EUR,false,Rueducommerce.fr (Marketplace),/go/3248316377917819268.html?categoryId=15397&offerKey=4db61b910feaf4f1a134d6fb4792ee84&offerListId=1884565-702A4D1BADE8E5CD67DE1AEB9F57B756&pos=7&price=256.18&productid=1884565&sid=25482&type=offer,0,/prix/1884565/aeg-kh-28-super-xe-4935428190.html
10,2422,"Per­fo­ra­teur, burineur Aeg Aeg - per­fo­ra­teur burineur sds-plus 28mm 1010w 2.8j - kh 28 super xe",259.89,EUR,false,Darty.com (Marketplace),/go/3216002812401950915.html?categoryId=15397&offerKey=06b245505f9d948af4b74472244753be&offerListId=1884565-702A4D1BADE8E5CD67DE1AEB9F57B756&pos=8&price=259.89&productid=1884565&sid=316364&type=offer,0,/prix/1884565/aeg-kh-28-super-xe-4935428190.html
11,2422,"Aeg Per­fo­ra­teur Kh28Su­per­XE, 1010W, 2,8 Joules Epta",259.9,EUR,false,Rueducommerce.fr (Marketplace),/go/3267198950381191752.html?categoryId=15397&offerKey=2a4d7b47b9db91f992a4ee56564dca41&offerListId=1884565-702A4D1BADE8E5CD67DE1AEB9F57B756&pos=9&price=259.90&productid=1884565&sid=25482&type=offer,0,/prix/1884565/aeg-kh-28-super-xe-4935428190.html
12,2422,"Per­fo­ra­teur AEG KH28Su­per­XE, 1010W, 2,8 Joules Epta",263.21,EUR,false,Rakuten.com FR,/go/3672773306.html?categoryId=15397&offerKey=2891d2b0e94dcc9ba0d771a46c011a98&offerListId=1884565-702A4D1BADE8E5CD67DE1AEB9F57B756&pos=10&price=263.21&productid=1884565&sid=26246&type=offer,0,/prix/1884565/aeg-kh-28-super-xe-4935428190.html
13,2422,AEG Powertools KH 28 Super XE Marteau per­fo­ra­teur combiné,269.04,EUR,false,Mytoolstore.fr,/go/7314895704.html?categoryId=15397&offerKey=2b007cce37e0b60407db37f6c2802f8a&offerListId=1884565-702A4D1BADE8E5CD67DE1AEB9F57B756&pos=11&price=269.04&productid=1884565&sid=29224&type=offer,0,/prix/1884565/aeg-kh-28-super-xe-4935428190.html
14,2422,Per­fo­ra­teur burineur électrique AEG SDSPLUS 1010W 2.8 Joules KH 28 Super XE,269.48,EUR,false,Ubaldi.com (Marketplace),/go/3221509304162985580.html?categoryId=15397&offerKey=b2c4541a082cf59e7befba64203ae948&offerListId=1884565-702A4D1BADE8E5CD67DE1AEB9F57B756&pos=12&price=269.48&productid=1884565&sid=316737&type=offer,0,/prix/1884565/aeg-kh-28-super-xe-4935428190.html
15,2422,"
document.getElementById(""result-12-offerinfo"").title = document.getElementById(""result-12-offerinfo"").innerHTML = idealoApp.getContents('!6CUD9Jj7@UD9JjC2UD9JjE6FC 3FC:?6FC U624FE6j=64EC:BF6 ptv $s$!{\&$ `_`_( a]g y@F=6D zw ag $FA6C )t');
",269.9,EUR,false,espace-bricolage,/go/3257248099552200987.html?categoryId=15397&offerKey=5f5574f02bdeab0d808d251f87cb5486&offerListId=1884565-702A4D1BADE8E5CD67DE1AEB9F57B756&pos=13&price=269.90&productid=1884565&sid=24572&type=offer,0,/prix/1884565/aeg-kh-28-super-xe-4935428190.html
16,2422,"Aeg Per­fo­ra­teur Kh28Su­per­XE, 1010W, 2,8 Joules Epta",269.9,EUR,false,Rueducommerce.fr (Marketplace),/go/3213755852817178408.html?categoryId=15397&offerKey=8871847fec47ade89d553081dcfaa847&offerListId=1884565-702A4D1BADE8E5CD67DE1AEB9F57B756&pos=14&price=269.90&productid=1884565&sid=25482&type=offer,0,/prix/1884565/aeg-kh-28-super-xe-4935428190.html
17,2422,"Aeg Per­fo­ra­teur Kh28Su­per­XE, 1010W, 2,8 Joules Epta",283.31,EUR,false,Rueducommerce.fr (Marketplace),/go/3251936869990008656.html?categoryId=15397&offerKey=5950180a8008de795b87b1f38de38890&offerListId=1884565-702A4D1BADE8E5CD67DE1AEB9F57B756&pos=15&price=283.31&productid=1884565&sid=25482&type=offer,0,/prix/1884565/aeg-kh-28-super-xe-4935428190.html
18,2425,"Scie circulaire AEG KS66-2, 1600W",137.58,EUR,false,Rakuten.com FR,/go/7403165917.html?categoryId=21721&offerKey=e2313b3c1cee3e9e301dde7f6f6f5457&offerListId=292714-5812789D61B6E4EC2B38D1D0ED43AD27&pos=1&price=137.58&productid=292714&sid=26246&type=offer,0,/prix/292714/aeg-ks-66-c.html
19,2425,Scie circulaire Aeg Aeg - scie circulaire 1600w 190 mm - ks 66-2,145.77,EUR,false,Darty.com (Marketplace),/go/3216002812506809496.html?categoryId=21721&offerKey=16663118b85693ddf9d66659c1ddc6cd&offerListId=292714-5812789D61B6E4EC2B38D1D0ED43AD27&pos=2&price=145.77&productid=292714&sid=316364&type=offer,0,/prix/292714/aeg-ks-66-c.html
20,2425,"Aeg Scie circulaire Ks66-2, 1600W",153.28,EUR,false,Rueducommerce.fr (Marketplace),/go/3213755812725924140.html?categoryId=21721&offerKey=6400626de499f480d84e4a268894a14b&offerListId=292714-5812789D61B6E4EC2B38D1D0ED43AD27&pos=3&price=153.28&productid=292714&sid=25482&type=offer,0,/prix/292714/aeg-ks-66-c.html
21,2425,AEG Scie circulaire KS66-2 - 1600 W - Ø 66 mm - Livrée en sac avec lame 24 dents,155.99,EUR,false,Cdiscount.com,/go/3220728187010943318.html?categoryId=21721&offerKey=e0dd0bfc1e43c2dc8eef68095efd6535&offerListId=292714-5812789D61B6E4EC2B38D1D0ED43AD27&pos=4&price=155.99&productid=292714&sid=29061&type=offer,0,/prix/292714/aeg-ks-66-c.html
22,2425,Scie circulaire AEG 1600 Watts capacité 66 mm,155.99,EUR,false,Fnac.com,/go/3210450558106213263.html?categoryId=21721&offerKey=b728313d3a3bed57a5d9e3ea2f139b89&offerListId=292714-5812789D61B6E4EC2B38D1D0ED43AD27&pos=5&price=155.99&productid=292714&sid=25536&type=offer,0,/prix/292714/aeg-ks-66-c.html
23,2425,Scie circulaire électrique AEG 1600W 64mm KS 66-2,165.01,EUR,false,Ubaldi.com (Marketplace),/go/3221509304301395055.html?categoryId=21721&offerKey=74acd270ad1c4e22b19b2670b9a16027&offerListId=292714-5812789D61B6E4EC2B38D1D0ED43AD27&pos=6&price=165.01&productid=292714&sid=316737&type=offer,0,/prix/292714/aeg-ks-66-c.html
24,2425,AEG KS 66-2 Scie circulaire dans sac - 1600W - 190mm,167.99,EUR,false,Fixami.fr,/go/3235106649622448527.html?categoryId=21721&offerKey=23f776ac096fa62ed984420ef7c1d57c&offerListId=292714-5812789D61B6E4EC2B38D1D0ED43AD27&pos=7&price=167.99&productid=292714&sid=306120&type=offer,0,/prix/292714/aeg-ks-66-c.html
25,2425,"
document.getElementById(""result-7-offerinfo"").title = document.getElementById(""result-7-offerinfo"").innerHTML = idealoApp.getContents('ptv c__abhd`bebbh $4:6 r:CUD9Jj4FUD9Jj=2:C6[ `e__ ([ |F=UD9JjE:UD9Jj4@UD9Jj=@C6');
",171.44,EUR,false,espace-bricolage,/go/3232805762010974619.html?categoryId=21721&offerKey=a4d0519487b4a25b06a27828213e95cc&offerListId=292714-5812789D61B6E4EC2B38D1D0ED43AD27&pos=8&price=171.44&productid=292714&sid=24573&type=offer,0,/prix/292714/aeg-ks-66-c.html
26,2425,"Aeg Scie circulaire Ks66-2, 1600W",175.77,EUR,false,Rueducommerce.fr (Marketplace),/go/3213757972880560165.html?categoryId=21721&offerKey=8eb0bec40fb7d10e8efcc236b535d46b&offerListId=292714-5812789D61B6E4EC2B38D1D0ED43AD27&pos=9&price=175.77&productid=292714&sid=25482&type=offer,0,/prix/292714/aeg-ks-66-c.html
27,2425,Scie circulaire électrique AEG 1600W 64mm KS 66-2,185.68,EUR,false,ManoMano.fr,/go/3181644803225956398.html?categoryId=21721&offerKey=5c841af0d9a48b57b86e9ab23ecbe064&offerListId=292714-5812789D61B6E4EC2B38D1D0ED43AD27&pos=10&price=185.68&productid=292714&sid=291209&type=offer,0,/prix/292714/aeg-ks-66-c.html
28,2425,"Aeg Scie circulaire Ks66-2, 1600W",185.93,EUR,false,Rueducommerce.fr (Marketplace),/go/3267334708383450676.html?categoryId=21721&offerKey=84daac36be26f7ddf21e5aa2c5fc0000&offerListId=292714-5812789D61B6E4EC2B38D1D0ED43AD27&pos=11&price=185.93&productid=292714&sid=25482&type=offer,0,/prix/292714/aeg-ks-66-c.html
29,2425,"Aeg Scie circulaire Ks66-2, 1600W",186.8,EUR,false,Rueducommerce.fr (Marketplace),/go/3267198950681086843.html?categoryId=21721&offerKey=58f7e8b89528ba4112e61c70a6467dae&offerListId=292714-5812789D61B6E4EC2B38D1D0ED43AD27&pos=12&price=186.80&productid=292714&sid=25482&type=offer,0,/prix/292714/aeg-ks-66-c.html
30,2425,"Aeg Scie circulaire Ks66-2, 1600W",189.9,EUR,false,Rueducommerce.fr (Marketplace),/go/3213755839470896522.html?categoryId=21721&offerKey=a51ce0f162185a71ca1d86de8dc84357&offerListId=292714-5812789D61B6E4EC2B38D1D0ED43AD27&pos=13&price=189.90&productid=292714&sid=25482&type=offer,0,/prix/292714/aeg-ks-66-c.html
31,2425,"Aeg Scie circulaire Ks66-2, 1600W",203.24,EUR,false,Rueducommerce.fr (Marketplace),/go/3213756119117738114.html?categoryId=21721&offerKey=a7f41af37f2efc6a0a1d72667566a53f&offerListId=292714-5812789D61B6E4EC2B38D1D0ED43AD27&pos=14&price=203.24&productid=292714&sid=25482&type=offer,0,/prix/292714/aeg-ks-66-c.html
32,2425,AEG Powertools Scie circulaire 1600W KS 66-2 - 4935446675,216.3,EUR,false,Mytoolstore.fr,/go/3229324288379061031.html?categoryId=21721&offerKey=42033a4512f4dfc53090c69139411b99&offerListId=292714-5812789D61B6E4EC2B38D1D0ED43AD27&pos=15&price=216.30&productid=292714&sid=29224&type=offer,0,/prix/292714/aeg-ks-66-c.html
33,2426,"
document.getElementById(""result-0-offerinfo"").title = document.getElementById(""result-0-offerinfo"").innerHTML = idealoApp.getContents('ptv q$$`gr`a+ r=U624FE6j U28C2G6j 49@4D `g \' \'_ `^aUBF@Ej 2G64 252AE2E6FC `^aUBF@Ej\\`^cUBF@Ej');
",133.01,EUR,false,Amazon.fr,/go/7662637017.html?categoryId=22699&offerKey=5a27faebdebf9ef1a3099b1eaaa4745d&offerListId=5627095-9B47822BD38DF3473463FF3F9A1E1245&pos=1&price=133.01&productid=5627095&sid=12003&type=offer,0,/prix/5627095/aeg-bss-18c-12z-solo-4935446449.html
34,2426,"AEG BSS 18C 12Z-0 Bou­lon­neuse à chocs à batteries 18V Li-Ion (machine seule) - 260Nm - 1/2""",133.99,EUR,false,Fixami.fr,/go/3235106652921268895.html?categoryId=22699&offerKey=84219ca169f6bf9f98e7a4901bd13e18&offerListId=5627095-9B47822BD38DF3473463FF3F9A1E1245&pos=2&price=133.99&productid=5627095&sid=306120&type=offer,0,/prix/5627095/aeg-bss-18c-12z-solo-4935446449.html
35,2426,Clé à chocs AEG BSS18C12Z-0,139.0,EUR,false,Rotopino.fr,/go/3245256833847265949.html?categoryId=22699&offerKey=cd553166ff6001693c785ae47536213b&offerListId=5627095-9B47822BD38DF3473463FF3F9A1E1245&pos=3&price=139.00&productid=5627095&sid=287166&type=offer,0,/prix/5627095/aeg-bss-18c-12z-solo-4935446449.html
36,2426,Bou­lon­neuse AEG 18 Volts machine nue,139.99,EUR,false,Fnac.com,/go/3210450542446775968.html?categoryId=22699&offerKey=9f6376aad223fa562980b93471f60398&offerListId=5627095-9B47822BD38DF3473463FF3F9A1E1245&pos=4&price=139.99&productid=5627095&sid=25536&type=offer,0,/prix/5627095/aeg-bss-18c-12z-solo-4935446449.html
37,2426,"Bou­lon­neuse sans fil 18V AEG BSS18C12Z-0, gamme PRO18V",149.99,EUR,false,Rakuten.com FR,/go/6076962388.html?categoryId=22699&offerKey=f1141755c65509d47e4bfe466092b2d1&offerListId=5627095-9B47822BD38DF3473463FF3F9A1E1245&pos=5&price=149.99&productid=5627095&sid=26246&type=offer,0,/prix/5627095/aeg-bss-18c-12z-solo-4935446449.html
38,2426,"Bou­lon­neuse, clé à choc Aeg Bou­lon­neuse à chocs 1/2 pouces aeg 18v li-ion sans batterie ni chargeur bss 18c 12z-0",156.1,EUR,false,Darty.com (Marketplace),/go/3238317152234636329.html?categoryId=22699&offerKey=8092db5b858c2f29ab6340fda1e9ab37&offerListId=5627095-9B47822BD38DF3473463FF3F9A1E1245&pos=6&price=156.10&productid=5627095&sid=316364&type=offer,0,/prix/5627095/aeg-bss-18c-12z-solo-4935446449.html
39,2426,Promo AEG - Bou­lon­neuse à chocs à batterie 1/2 18V ProLi-Ion sans batterie ni chargeur - BSS18C12Z-0,161.4,EUR,false,ManoMano.fr,/go/9447599500.html?categoryId=22699&offerKey=7c4fef13262df0b8d995a94549db4eaf&offerListId=5627095-9B47822BD38DF3473463FF3F9A1E1245&pos=7&price=161.40&productid=5627095&sid=291209&type=offer,0,/prix/5627095/aeg-bss-18c-12z-solo-4935446449.html
40,2426,Bou­lon­neuse à chocs 1/2 pouces AEG 18V Li-ion sans batterie ni chargeur BSS 18C 12Z-0,162.93,EUR,false,Ubaldi.com (Marketplace),/go/3221509327898551802.html?categoryId=22699&offerKey=7a589bf43e89683b5fda1163ec55ad7a&offerListId=5627095-9B47822BD38DF3473463FF3F9A1E1245&pos=8&price=162.93&productid=5627095&sid=316737&type=offer,0,/prix/5627095/aeg-bss-18c-12z-solo-4935446449.html
41,2426,"
document.getElementById(""result-8-offerinfo"").title = document.getElementById(""result-8-offerinfo"").innerHTML = idealoApp.getContents('ptv q$$`gr`a+ r=U624FE6j U28C2G6j 49@4D `g \' \'_ `^aUBF@Ej 2G64 252AE2E6FC `^aUBF@Ej\\`^cUBF@Ej');
",165.92,EUR,false,,/go/3260562989207521349.html?categoryId=22699&offerKey=2d04c2ba514e38d60eaad28b863d2400&offerListId=5627095-9B47822BD38DF3473463FF3F9A1E1245&pos=9&price=165.92&productid=5627095&sid=24573&type=offer,0,/prix/5627095/aeg-bss-18c-12z-solo-4935446449.html
42,2426,"Aeg Bou­lon­neuse sans fil 18V Bss18C12Z-0, gamme Pro18V",167.21,EUR,false,Rueducommerce.fr (Marketplace),/go/3213754332415529278.html?categoryId=22699&offerKey=3a9f9d30a31f2fedd894055c58a699f3&offerListId=5627095-9B47822BD38DF3473463FF3F9A1E1245&pos=10&price=167.21&productid=5627095&sid=25482&type=offer,0,/prix/5627095/aeg-bss-18c-12z-solo-4935446449.html
43,2426,"
document.getElementById(""result-10-offerinfo"").title = document.getElementById(""result-10-offerinfo"").innerHTML = idealoApp.getContents('q@FUD9Jj=@?UD9Jj?6FD6 U28C2G6j 49@4D `^a A@F46D ptv `g\' {:\\:@? D2?D 32EE6C:6 ?: 492C86FC q$$ `gr');
",169.9,EUR,false,espace-bricolage,/go/3246906475353737248.html?categoryId=22699&offerKey=f619070b5679e62921c793cd8ec9a3c9&offerListId=5627095-9B47822BD38DF3473463FF3F9A1E1245&pos=11&price=169.90&productid=5627095&sid=24572&type=offer,0,/prix/5627095/aeg-bss-18c-12z-solo-4935446449.html
44,2426,"Aeg Bou­lon­neuse sans fil 18V Bss18C12Z-0, gamme Pro18V",169.9,EUR,false,Rueducommerce.fr (Marketplace),/go/3213755831453486924.html?categoryId=22699&offerKey=7e32e018036127dcc8268ed7693f6e67&offerListId=5627095-9B47822BD38DF3473463FF3F9A1E1245&pos=12&price=169.90&productid=5627095&sid=25482&type=offer,0,/prix/5627095/aeg-bss-18c-12z-solo-4935446449.html
45,2426,"Aeg Bou­lon­neuse sans fil 18V Bss18C12Z-0, gamme Pro18V",176.48,EUR,false,Rueducommerce.fr (Marketplace),/go/3226435960403133261.html?categoryId=22699&offerKey=11fee71b50eb6ede297a0b8b64b7e1a5&offerListId=5627095-9B47822BD38DF3473463FF3F9A1E1245&pos=13&price=176.48&productid=5627095&sid=25482&type=offer,0,/prix/5627095/aeg-bss-18c-12z-solo-4935446449.html
46,2426,"Aeg Bou­lon­neuse sans fil 18V Bss18C12Z-0, gamme Pro18V",179.22,EUR,false,Rueducommerce.fr (Marketplace),/go/3251030934440379472.html?categoryId=22699&offerKey=1dbdd25203668e006f1d23e81591184d&offerListId=5627095-9B47822BD38DF3473463FF3F9A1E1245&pos=14&price=179.22&productid=5627095&sid=25482&type=offer,0,/prix/5627095/aeg-bss-18c-12z-solo-4935446449.html
47,2426,"Aeg Bou­lon­neuse sans fil 18V Bss18C12Z-0, gamme Pro18V",189.83,EUR,false,Rueducommerce.fr (Marketplace),/go/3213754561378390707.html?categoryId=22699&offerKey=abff97917a9f4e32af03df297044dc4c&offerListId=5627095-9B47822BD38DF3473463FF3F9A1E1245&pos=15&price=189.83&productid=5627095&sid=25482&type=offer,0,/prix/5627095/aeg-bss-18c-12z-solo-4935446449.html
48,2429,"
document.getElementById(""result-0-offerinfo"").title = document.getElementById(""result-0-offerinfo"").innerHTML = idealoApp.getContents('ptv q\&$`g\\_ $4:6 D23C6 D2?D 7:= `h \>\>[ `g \'[ 4@?ECU@4:C4j=6 56 G:E6DD6 6E AC@E64E:@? 4@?EC6 =2 DFC492C86[ DJDEU68C2G6j\>6 56 D6CC286 C2A:56[ D2?D 32EE6C:6 \\q\&$`g\\_');
",133.01,EUR,false,Amazon.fr,/go/3261317987486926453.html?categoryId=23207&offerKey=211c53ecd9c635fd4506e21f8bd9b517&offerListId=3337580-E74E39AAE96536E51AA6EA33B64369A1&pos=1&price=133.01&productid=3337580&sid=12003&type=offer,0,/prix/3337580/aeg-bus-18-bulk.html
49,2429,AEG Scie sabre BUS18-0,139.99,EUR,false,Cdiscount.com,/go/3200075722666280291.html?categoryId=23207&offerKey=120dfdd49a71e543b44cc121bf5b6f8c&offerListId=3337580-E74E39AAE96536E51AA6EA33B64369A1&pos=2&price=139.99&productid=3337580&sid=29061&type=offer,0,/prix/3337580/aeg-bus-18-bulk.html
50,2429,Scie Sabre AEG 18 Volts machine nue,139.99,EUR,false,Fnac.com,/go/3210450555944043930.html?categoryId=23207&offerKey=0cd550357fe158fc2417b7d763f3d645&offerListId=3337580-E74E39AAE96536E51AA6EA33B64369A1&pos=3&price=139.99&productid=3337580&sid=25536&type=offer,0,/prix/3337580/aeg-bus-18-bulk.html
51,2429,AEG BUS 18-0 Scie sabre à batteries 18V Li-Ion (machine seule) - changement rapide,140.99,EUR,false,Fixami.fr,/go/3235106653995010852.html?categoryId=23207&offerKey=99755127521326124a9b149164c6b112&offerListId=3337580-E74E39AAE96536E51AA6EA33B64369A1&pos=4&price=140.99&productid=3337580&sid=306120&type=offer,0,/prix/3337580/aeg-bus-18-bulk.html
52,2429,"
document.getElementById(""result-4-offerinfo"").title = document.getElementById(""result-4-offerinfo"").innerHTML = idealoApp.getContents('$4:6 D23C6 D2?D 7:= `g G \\ ptv 3FD `g_ \\ 32EE6C:6 ?@? :?4=FD6');
",152.23,EUR,false,espace-bricolage,/go/3160577203580709674.html?categoryId=23207&offerKey=62601a4c04b552517681549f9feb117c&offerListId=3337580-E74E39AAE96536E51AA6EA33B64369A1&pos=5&price=152.23&productid=3337580&sid=24573&type=offer,0,/prix/3337580/aeg-bus-18-bulk.html
53,2429,"Scie sabre sans fil 18V AEG BUS18-0, gamme PRO18V",165.77,EUR,false,Rakuten.com FR,/go/6077462126.html?categoryId=23207&offerKey=76f96a11f999666264a7fb7287b6a32b&offerListId=3337580-E74E39AAE96536E51AA6EA33B64369A1&pos=6&price=165.77&productid=3337580&sid=26246&type=offer,0,/prix/3337580/aeg-bus-18-bulk.html
54,2429,Scie sabre AEG 18V Li-ion sans batterie ni chargeur BUS 18 LI-0,167.35,EUR,false,ManoMano.fr,/go/3154692347021759379.html?categoryId=23207&offerKey=2d5341f0837834e9f6ca749e8cd422c2&offerListId=3337580-E74E39AAE96536E51AA6EA33B64369A1&pos=7&price=167.35&productid=3337580&sid=291209&type=offer,0,/prix/3337580/aeg-bus-18-bulk.html
55,2429,Aeg Scie sabre 18V Li-ion sans batterie ni chargeur BUS 18 LI-0,167.6,EUR,false,Rueducommerce.fr (Marketplace),/go/3258995774196811121.html?categoryId=23207&offerKey=dda550680dfe23aeb570003b8e33613a&offerListId=3337580-E74E39AAE96536E51AA6EA33B64369A1&pos=8&price=167.60&productid=3337580&sid=25482&type=offer,0,/prix/3337580/aeg-bus-18-bulk.html
56,2429,Aeg Scie sabre 18V Li-ion sans batterie ni chargeur BUS 18 LI-0,167.61,EUR,false,Rueducommerce.fr (Marketplace),/go/3258641493478344365.html?categoryId=23207&offerKey=0e274af664b2046a4c660d3ffe8481f1&offerListId=3337580-E74E39AAE96536E51AA6EA33B64369A1&pos=9&price=167.61&productid=3337580&sid=25482&type=offer,0,/prix/3337580/aeg-bus-18-bulk.html
57,2429,"
document.getElementById(""result-9-offerinfo"").title = document.getElementById(""result-9-offerinfo"").innerHTML = idealoApp.getContents('$4:6 D23C6 ptv `g\' {:\\:@? D2?D 32EE6C:6 ?: 492C86FC q\&$ `g {x\\_');
",169.9,EUR,false,espace-bricolage,/go/3243624203502486792.html?categoryId=23207&offerKey=2b2197e9ac11f91d77311e002a1c5f75&offerListId=3337580-E74E39AAE96536E51AA6EA33B64369A1&pos=10&price=169.90&productid=3337580&sid=24572&type=offer,0,/prix/3337580/aeg-bus-18-bulk.html
58,2429,Aeg Scie sabre 18V Li-ion sans batterie ni chargeur BUS 18 LI-0,169.9,EUR,false,Rueducommerce.fr (Marketplace),/go/3213757265148382838.html?categoryId=23207&offerKey=8b3b221f556cacbf503b19c1e563afba&offerListId=3337580-E74E39AAE96536E51AA6EA33B64369A1&pos=11&price=169.90&productid=3337580&sid=25482&type=offer,0,/prix/3337580/aeg-bus-18-bulk.html
59,2429,Scie Sabre AEG 18 Volts machine nue,175.68,EUR,false,Fnac.com (Marketplace),/go/3252354818703886383.html?categoryId=23207&offerKey=0d3f1fe3b4828d9c428ab4fa5cd3a0dc&offerListId=3337580-E74E39AAE96536E51AA6EA33B64369A1&pos=12&price=175.68&productid=3337580&sid=307622&type=offer,0,/prix/3337580/aeg-bus-18-bulk.html
60,2429,Scie sabre AEG 18V Li-ion sans batterie ni chargeur BUS 18 LI-0,176.18,EUR,false,Ubaldi.com (Marketplace),/go/3221509299280812281.html?categoryId=23207&offerKey=f468033a5bd238144082b4e733b64320&offerListId=3337580-E74E39AAE96536E51AA6EA33B64369A1&pos=13&price=176.18&productid=3337580&sid=316737&type=offer,0,/prix/3337580/aeg-bus-18-bulk.html
61,2429,"Scie sabre, égoïne Aeg Scie sabre aeg 18v li-ion sans batterie ni chargeur bus 18 li-0",176.36,EUR,false,Darty.com (Marketplace),/go/3223133624435999793.html?categoryId=23207&offerKey=b3ba3335f0881fa6bbbd38ba550aa1e5&offerListId=3337580-E74E39AAE96536E51AA6EA33B64369A1&pos=14&price=176.36&productid=3337580&sid=316364&type=offer,0,/prix/3337580/aeg-bus-18-bulk.html
62,2429,Aeg Scie sabre 18V Li-ion sans batterie ni chargeur BUS 18 LI-0,184.16,EUR,false,Rueducommerce.fr (Marketplace),/go/3250850027372808686.html?categoryId=23207&offerKey=5442b1c137fc6bb0069eb4918c6b7d0e&offerListId=3337580-E74E39AAE96536E51AA6EA33B64369A1&pos=15&price=184.16&productid=3337580&sid=25482&type=offer,0,/prix/3337580/aeg-bus-18-bulk.html
63,2430,Scie circulaire AEG 18 Volts machine nue,139.99,EUR,false,Fnac.com,/go/3210450551066075532.html?categoryId=21721&offerKey=1a132485e8a5d516ae9517a47c751726&offerListId=769725-174E16FB5B7F1E6C6602671D82DD35F1&pos=1&price=139.99&productid=769725&sid=25536&type=offer,0,/prix/769725/aeg-bks-18-0.html
64,2430,AEG BKS 18/0 Scie circulaire à batteries 18V Li-Ion (machine seule) - 165mm,140.99,EUR,false,Fixami.fr,/go/3235106677298562594.html?categoryId=21721&offerKey=95221145c1f3c3664fd07bd805187a76&offerListId=769725-174E16FB5B7F1E6C6602671D82DD35F1&pos=2&price=140.99&productid=769725&sid=306120&type=offer,0,/prix/769725/aeg-bks-18-0.html
65,2430,AEG Scie circulaire BKS18-0 - 18 V - Ø 165 mm - Livrée en carton sans chargeur ni batterie,149.99,EUR,false,Cdiscount.com,/go/3244695159796925687.html?categoryId=21721&offerKey=2aa2688a97cb831c566db66b917caabb&offerListId=769725-174E16FB5B7F1E6C6602671D82DD35F1&pos=3&price=149.99&productid=769725&sid=29061&type=offer,0,/prix/769725/aeg-bks-18-0.html
66,2430,Scie circulaire AEG 18V 165mm Li-ion sans batterie ni chargeur BKS 18Li-0,154.27,EUR,false,ManoMano.fr,/go/3184901929006282605.html?categoryId=21721&offerKey=b0cffd19dcc4a90082f366b3091c1aad&offerListId=769725-174E16FB5B7F1E6C6602671D82DD35F1&pos=4&price=154.27&productid=769725&sid=291209&type=offer,0,/prix/769725/aeg-bks-18-0.html
67,2430,"
document.getElementById(""result-4-offerinfo"").title = document.getElementById(""result-4-offerinfo"").innerHTML = idealoApp.getContents('$4:6 4:C4F=2:C6 ptv `g\' `ed\>\> {:\\:@? D2?D 32EE6C:6 ?: 492C86FC qz$ `g{:\\_');
",169.9,EUR,false,espace-bricolage,/go/3243624206493025707.html?categoryId=21721&offerKey=5a35706ef8f396e87839f87f294a33ca&offerListId=769725-174E16FB5B7F1E6C6602671D82DD35F1&pos=5&price=169.90&productid=769725&sid=24572&type=offer,0,/prix/769725/aeg-bks-18-0.html
68,2430,"Scie circulaire sans fil 18V AEG BKS18-0, gamme PRO18V",169.9,EUR,false,Rakuten.com FR,/go/6078711375.html?categoryId=21721&offerKey=abdbea60c25c9e3d0f1e6d55443b06d1&offerListId=769725-174E16FB5B7F1E6C6602671D82DD35F1&pos=6&price=169.90&productid=769725&sid=26246&type=offer,0,/prix/769725/aeg-bks-18-0.html
69,2430,"Aeg Scie circulaire sans fil 18V Bks18-0, gamme Pro18V",169.9,EUR,false,Rueducommerce.fr (Marketplace),/go/3213755888179349878.html?categoryId=21721&offerKey=fcdc1ebd72ee7409213122e64145ec2e&offerListId=769725-174E16FB5B7F1E6C6602671D82DD35F1&pos=7&price=169.90&productid=769725&sid=25482&type=offer,0,/prix/769725/aeg-bks-18-0.html
70,2430,Scie circulaire Aeg Scie circulaire aeg 18v 165mm li-ion sans batterie ni chargeur bks 18li-0,172.61,EUR,false,Darty.com (Marketplace),/go/3223133624534569188.html?categoryId=21721&offerKey=874f71a0570b1231f2032a664d86e1b0&offerListId=769725-174E16FB5B7F1E6C6602671D82DD35F1&pos=8&price=172.61&productid=769725&sid=316364&type=offer,0,/prix/769725/aeg-bks-18-0.html
71,2430,"Aeg Scie circulaire sans fil 18V Bks18-0, gamme Pro18V",174.88,EUR,false,Rueducommerce.fr (Marketplace),/go/3259585457628907414.html?categoryId=21721&offerKey=986f2518134730b8e18e29a1787f4124&offerListId=769725-174E16FB5B7F1E6C6602671D82DD35F1&pos=9&price=174.88&productid=769725&sid=25482&type=offer,0,/prix/769725/aeg-bks-18-0.html
72,2430,Scie circulaire AEG 18V 165mm Li-ion sans batterie ni chargeur BKS 18Li-0,176.75,EUR,false,Ubaldi.com (Marketplace),/go/3221509299127716383.html?categoryId=21721&offerKey=ee40759834e045873b52956638ec99e5&offerListId=769725-174E16FB5B7F1E6C6602671D82DD35F1&pos=10&price=176.75&productid=769725&sid=316737&type=offer,0,/prix/769725/aeg-bks-18-0.html
73,2430,"Aeg Scie circulaire sans fil 18V Bks18-0, gamme Pro18V",195.71,EUR,false,Rueducommerce.fr (Marketplace),/go/3244870824447967730.html?categoryId=21721&offerKey=a99f4a40269f7ce122eefbe2acfb7180&offerListId=769725-174E16FB5B7F1E6C6602671D82DD35F1&pos=11&price=195.71&productid=769725&sid=25482&type=offer,0,/prix/769725/aeg-bks-18-0.html
74,2432,"
document.getElementById(""result-0-offerinfo"").title = document.getElementById(""result-0-offerinfo"").innerHTML = idealoApp.getContents('ptv c__abhdahc`da !6C46FD6 U28C2G6j !6C4FDD:@? a \':E6DD6D[ gd_ ([ |F=UD9JjE:UD9Jj4@UD9Jj=@C6');
",130.4,EUR,false,espace-bricolage,/go/3160399736035349859.html?categoryId=15397&offerKey=f0aae7a547c990c6b7bbe35e06603030&offerListId=4780208-F04D76E8260860C312A14DE2240F1195&pos=1&price=130.40&productid=4780208&sid=24573&type=offer,0,/prix/4780208/aeg-sb2e-850-r.html
75,2432,"Perceuse à percussion AEG SB2E850R, 850W",144.9,EUR,false,Rakuten.com FR,/go/7193232049.html?categoryId=15397&offerKey=e6df095eb253b3c9e9ddcf171cceaa2f&offerListId=4780208-F04D76E8260860C312A14DE2240F1195&pos=2&price=144.90&productid=4780208&sid=26246&type=offer,0,/prix/4780208/aeg-sb2e-850-r.html
76,2432,"
document.getElementById(""result-2-offerinfo"").title = document.getElementById(""result-2-offerinfo"").innerHTML = idealoApp.getContents('ptv c__abhdahc`da !6C46FD6 U28C2G6j !6C4FDD:@? a \':E6DD6D[ gd_ ([ |F=UD9JjE:UD9Jj4@UD9Jj=@C6');
",145.05,EUR,false,Amazon.fr,/go/3172851976979364736.html?categoryId=15397&offerKey=986ce98f223ddf06d3c4f6df4224b3a6&offerListId=4780208-F04D76E8260860C312A14DE2240F1195&pos=3&price=145.05&productid=4780208&sid=12003&type=offer,0,/prix/4780208/aeg-sb2e-850-r.html
77,2432,Perceuse à percussion électrique AEG 850W 2 vitesses SB2E 850 R,145.05,EUR,false,ManoMano.fr,/go/3244353314422262256.html?categoryId=15397&offerKey=0b06eefdc9c5a4db7b7adb56829a444e&offerListId=4780208-F04D76E8260860C312A14DE2240F1195&pos=4&price=145.05&productid=4780208&sid=291209&type=offer,0,/prix/4780208/aeg-sb2e-850-r.html
78,2432,AEG SB2E 850 R Perceuse à percussion dans coffret - 850W,147.99,EUR,false,Fixami.fr,/go/3235106648183802034.html?categoryId=15397&offerKey=a7dbee96383fb71ac069ed691e624b16&offerListId=4780208-F04D76E8260860C312A14DE2240F1195&pos=5&price=147.99&productid=4780208&sid=306120&type=offer,0,/prix/4780208/aeg-sb2e-850-r.html
79,2432,"
document.getElementById(""result-5-offerinfo"").title = document.getElementById(""result-5-offerinfo"").innerHTML = idealoApp.getContents('!6C46FD6 U28C2G6j A6C4FDD:@? U624FE6j=64EC:BF6 ptv gd_( a G:E6DD6D $qat gd_ #');
",149.22,EUR,false,espace-bricolage,/go/3262707030967714217.html?categoryId=15397&offerKey=e9aa5cd34057346fde82bf594b4ceba8&offerListId=4780208-F04D76E8260860C312A14DE2240F1195&pos=6&price=149.22&productid=4780208&sid=24572&type=offer,0,/prix/4780208/aeg-sb2e-850-r.html
80,2432,Perceuse Aeg Perceuse à percussion électrique aeg 850w 2 vitesses sb2e 850 r,149.22,EUR,false,Darty.com (Marketplace),/go/3223311314432564071.html?categoryId=15397&offerKey=c10109354db55dffb3a3e7e126d75f78&offerListId=4780208-F04D76E8260860C312A14DE2240F1195&pos=7&price=149.22&productid=4780208&sid=316364&type=offer,0,/prix/4780208/aeg-sb2e-850-r.html
81,2432,Aeg Perceuse à percussion électrique 850W 2 vitesses SB2E 850 R,149.22,EUR,false,Rueducommerce.fr (Marketplace),/go/3213754165423517181.html?categoryId=15397&offerKey=61f3f840c6ed4a4e11e4f4177ecf701c&offerListId=4780208-F04D76E8260860C312A14DE2240F1195&pos=8&price=149.22&productid=4780208&sid=25482&type=offer,0,/prix/4780208/aeg-sb2e-850-r.html
82,2432,"AEG Powertools Perceuse à percussion 2 vitesses SB2E 850 R, 850 W - 4935447360",186.4,EUR,false,Mytoolstore.fr,/go/3229324293473044491.html?categoryId=15397&offerKey=36d4853f07fe5937411cb0f191da1f37&offerListId=4780208-F04D76E8260860C312A14DE2240F1195&pos=9&price=186.40&productid=4780208&sid=29224&type=offer,0,/prix/4780208/aeg-sb2e-850-r.html
83,2432,Perceuse à percussion + mallette AEG Powertools SB2E 850 R 4935447360 850 W 2 vitesses 1 pc(s),189.0,EUR,false,Conrad.fr,/go/3254686557860267583.html?categoryId=15397&offerKey=a031afadb6465e91f23b5de03dedfb7a&offerListId=4780208-F04D76E8260860C312A14DE2240F1195&pos=10&price=189.00&productid=4780208&sid=286907&type=offer,0,/prix/4780208/aeg-sb2e-850-r.html
84,2432,Aeg Perceuse à percussion électrique 850W 2 vitesses SB2E 850 R,196.49,EUR,false,Rueducommerce.fr (Marketplace),/go/3268115802439550197.html?categoryId=15397&offerKey=79888058d0d45429832ca7c2de9c26b5&offerListId=4780208-F04D76E8260860C312A14DE2240F1195&pos=11&price=196.49&productid=4780208&sid=25482&type=offer,0,/prix/4780208/aeg-sb2e-850-r.html
85,2432,Aeg Perceuse à percussion électrique 850W 2 vitesses SB2E 850 R,231.67,EUR,false,Rueducommerce.fr (Marketplace),/go/3213754561552458724.html?categoryId=15397&offerKey=f0f312caeb7d9bc3cd95e965f40e5131&offerListId=4780208-F04D76E8260860C312A14DE2240F1195&pos=12&price=231.67&productid=4780208&sid=25482&type=offer,0,/prix/4780208/aeg-sb2e-850-r.html
86,2434,AEG Scie sauteuse BST18X-0 - 18 V,134.39,EUR,false,Cdiscount.com,/go/3200075723740029414.html?categoryId=22656&offerKey=bbe95245e5ef47d7264bc92534c65ae3&offerListId=2150135-584F56D9402C96EFC82FEEB2A5A18BF3&pos=1&price=134.39&productid=2150135&sid=29061&type=offer,0,/prix/2150135/aeg-bst-18-x-sans-batterie.html
87,2434,Scie sauteuse AEG BST 18/0,139.0,EUR,false,Rotopino.fr,/go/3172012740180971549.html?categoryId=22656&offerKey=58f4f6d57237a8a6ee1e1bfb0d45b2e8&offerListId=2150135-584F56D9402C96EFC82FEEB2A5A18BF3&pos=2&price=139.00&productid=2150135&sid=287166&type=offer,0,/prix/2150135/aeg-bst-18-x-sans-batterie.html
88,2434,Scie sauteuse AEG 18 Volts machine nue,139.99,EUR,false,Fnac.com,/go/3210450550694875623.html?categoryId=22656&offerKey=b1e7fe5f8ea13214113e355e55352d10&offerListId=2150135-584F56D9402C96EFC82FEEB2A5A18BF3&pos=3&price=139.99&productid=2150135&sid=25536&type=offer,0,/prix/2150135/aeg-bst-18-x-sans-batterie.html
89,2434,"
document.getElementById(""result-3-offerinfo"").title = document.getElementById(""result-3-offerinfo"").innerHTML = idealoApp.getContents('ptv \\ q$% `g) _ ~C2?86 \\ $4:6 $2FE6FD6 $2?D u:=^UE9:?DAjq2EUD9JjE6UD9JjC:6 \\ `g \'');
",151.31,EUR,false,espace-bricolage,/go/3220708350358464051.html?categoryId=22656&offerKey=d061d94fa3a2c534f63861d10cc788b5&offerListId=2150135-584F56D9402C96EFC82FEEB2A5A18BF3&pos=4&price=151.31&productid=2150135&sid=24573&type=offer,0,/prix/2150135/aeg-bst-18-x-sans-batterie.html
90,2434,"Scie sauteuse sans fil 18V AEG, Gamme PRO18V BST18X-0",154.22,EUR,false,Rakuten.com FR,/go/8530113518.html?categoryId=22656&offerKey=869ef601ea8ec78afdce1a1dcce7ff73&offerListId=2150135-584F56D9402C96EFC82FEEB2A5A18BF3&pos=5&price=154.22&productid=2150135&sid=26246&type=offer,0,/prix/2150135/aeg-bst-18-x-sans-batterie.html
91,2434,AEG BST 18X-0 Scie sauteuse à batteries 18V Li-Ion (machine seule) - poignée en D - variable,154.99,EUR,false,Fixami.fr,/go/3235106654378788833.html?categoryId=22656&offerKey=6d9d00b54b9155f5620d22e67bf5ee6e&offerListId=2150135-584F56D9402C96EFC82FEEB2A5A18BF3&pos=6&price=154.99&productid=2150135&sid=306120&type=offer,0,/prix/2150135/aeg-bst-18-x-sans-batterie.html
92,2434,AEG Scie sauteuse BST18X-0 - 18 V,155.76,EUR,false,ManoMano.fr,/go/3154692451044696989.html?categoryId=22656&offerKey=583536df4f8bdca86556f433c9f4a1af&offerListId=2150135-584F56D9402C96EFC82FEEB2A5A18BF3&pos=7&price=155.76&productid=2150135&sid=291209&type=offer,0,/prix/2150135/aeg-bst-18-x-sans-batterie.html
93,2434,Scie sauteuse Aeg Scie sauteuse aeg 18v li-ion sans batterie ni chargeur bst 18x-0,156.12,EUR,false,Darty.com (Marketplace),/go/3223133624423422874.html?categoryId=22656&offerKey=c4e1065e492b331e7585fb9e97a62f38&offerListId=2150135-584F56D9402C96EFC82FEEB2A5A18BF3&pos=8&price=156.12&productid=2150135&sid=316364&type=offer,0,/prix/2150135/aeg-bst-18-x-sans-batterie.html
94,2434,Scie sauteuse AEG 18 Volts machine nue,160.32,EUR,false,Fnac.com (Marketplace),/go/3252354819582592205.html?categoryId=22656&offerKey=93cae6d1913a1c9463bca5177f4809ab&offerListId=2150135-584F56D9402C96EFC82FEEB2A5A18BF3&pos=9&price=160.32&productid=2150135&sid=307622&type=offer,0,/prix/2150135/aeg-bst-18-x-sans-batterie.html
95,2434,"
document.getElementById(""result-9-offerinfo"").title = document.getElementById(""result-9-offerinfo"").innerHTML = idealoApp.getContents('$4:6 D2FE6FD6 ptv `g\' {:\\:@? D2?D 32EE6C:6 ?: 492C86FC q$% `g)\\_');
",169.9,EUR,false,espace-bricolage,/go/3248356983503324355.html?categoryId=22656&offerKey=1f39698b4eb501d63c82f66bceef9b79&offerListId=2150135-584F56D9402C96EFC82FEEB2A5A18BF3&pos=10&price=169.90&productid=2150135&sid=24572&type=offer,0,/prix/2150135/aeg-bst-18-x-sans-batterie.html
96,2434,"Aeg Scie sauteuse sans fil 18V , Gamme Pro18V Bst18X-0",169.9,EUR,false,Rueducommerce.fr (Marketplace),/go/3213755784175291244.html?categoryId=22656&offerKey=95b20af45ddcc678644bb24f0d5892ee&offerListId=2150135-584F56D9402C96EFC82FEEB2A5A18BF3&pos=11&price=169.90&productid=2150135&sid=25482&type=offer,0,/prix/2150135/aeg-bst-18-x-sans-batterie.html
97,2434,"Aeg Scie sauteuse sans fil 18V , Gamme Pro18V Bst18X-0",174.79,EUR,false,Rueducommerce.fr (Marketplace),/go/3228253787732839312.html?categoryId=22656&offerKey=b06a4b9f6f3a44e57c54c23fdb170002&offerListId=2150135-584F56D9402C96EFC82FEEB2A5A18BF3&pos=12&price=174.79&productid=2150135&sid=25482&type=offer,0,/prix/2150135/aeg-bst-18-x-sans-batterie.html
98,2434,Scie sauteuse AEG 18V Li-ion sans batterie ni chargeur BST 18X-0,176.38,EUR,false,Ubaldi.com (Marketplace),/go/3221509299217898519.html?categoryId=22656&offerKey=6bcf77cef5e1a94389c19397dbd81948&offerListId=2150135-584F56D9402C96EFC82FEEB2A5A18BF3&pos=13&price=176.38&productid=2150135&sid=316737&type=offer,0,/prix/2150135/aeg-bst-18-x-sans-batterie.html
99,2436,2 lames de rabots Wolfcraft 4111000,10.99,EUR,false,Conrad.fr,/go/3254686867076941823.html?price=10.99&sid=286907&type=oc_offer,0,/type/4006885411104.html
100,2436,2 lames de rabots (4111000),11.78,EUR,false,ManoMano.fr,/go/3188711299997511299.html?price=11.78&sid=291209&type=oc_offer,0,/type/4006885411104.html
101,2436,"Wolfcraft 4111000 2 Lames de Rabots, Hm-ct, Épaisseur 1,1 X Longueur 82,7 X Largeur 5,5 Mm",12.2,EUR,false,Amazon.fr,/go/7312652118.html?price=12.20&sid=12003&type=oc_offer,0,/type/4006885411104.html
102,2436,"Lames Wolfcraft pour rabots 82,7x5,5x1",12.69,EUR,false,Rakuten.com FR,/go/1768058358.html?price=12.69&sid=26246&type=oc_offer,0,/type/4006885411104.html
103,2436,Wolfcraft Lames réversibles CT pour rabots pour : Black & Decker,13.96,EUR,false,Mytoolstore.fr,/go/3229324277075411383.html?price=13.96&sid=29224&type=oc_offer,0,/type/4006885411104.html
104,2436,"Wolfcraft 4111000 2 Lames de Rabots, Hm-ct, Épaisseur 1,1 X Longueur 82,7 X Largeur 5,5 Mm",17.99,EUR,false,RUBART,/go/3253454892179652871.html?price=17.99&sid=24573&type=oc_offer,0,/type/4006885411104.html
105,2436,"Wolfcraft Lames pour rabots 82,7x5,5x1",23.4,EUR,false,Rueducommerce.fr (Marketplace),/go/3244145414407981572.html?price=23.40&sid=25482&type=oc_offer,0,/type/4006885411104.html
106,2436,"Wolfcraft Lames pour rabots 82,7x5,5x1",23.82,EUR,false,Rueducommerce.fr (Marketplace),/go/3259902210883979396.html?price=23.82&sid=25482&type=oc_offer,0,/type/4006885411104.html
107,2441,"
document.getElementById(""result-0-offerinfo"").title = document.getElementById(""result-0-offerinfo"").innerHTML = idealoApp.getContents('p68\\~\>UD9Jj?:\\`gr _\<:E` ) |F=UD9JjE:UD9Jj7@?4UD9JjE:@?D `g \'');
",113.75,EUR,false,Indoostrial,/go/3259323554761541511.html?categoryId=27733&offerKey=d80784e0fb4f7ce5c9f7644239f58064&offerListId=5824810-689ED103FF2F0474CD9467B77BFA1622&pos=1&price=113.75&productid=5824810&sid=24573&type=offer,0,/prix/5824810/aeg-outil-multifonctions-18v-li-ion-sans-batterie-ni-chargeur-omni-18c-0kit1x.html
108,2441,Outil mul­ti­fonc­tion AEG OM­NI18C-0KIT1X,125.0,EUR,false,Rotopino.fr,/go/3267562968088316458.html?categoryId=27733&offerKey=dd5879b62a23d966ed49f9d8d3fd43aa&offerListId=5824810-689ED103FF2F0474CD9467B77BFA1622&pos=2&price=125.00&productid=5824810&sid=287166&type=offer,0,/prix/5824810/aeg-outil-multifonctions-18v-li-ion-sans-batterie-ni-chargeur-omni-18c-0kit1x.html
109,2441,"
document.getElementById(""result-2-offerinfo"").title = document.getElementById(""result-2-offerinfo"").innerHTML = idealoApp.getContents('p68\\~\>UD9Jj?:\\`gr _\<:E` ) |F=UD9JjE:UD9Jj7@?4UD9JjE:@?D `g \'');
",125.3,EUR,false,Amazon.fr,/go/7661138628.html?categoryId=27733&offerKey=c0e43e9ed1c25db53cb1df579bf9bc0b&offerListId=5824810-689ED103FF2F0474CD9467B77BFA1622&pos=3&price=125.30&productid=5824810&sid=12003&type=offer,0,/prix/5824810/aeg-outil-multifonctions-18v-li-ion-sans-batterie-ni-chargeur-omni-18c-0kit1x.html
110,2441,AEG Outil mul­ti­fonc­tion OM­NI18C-0KIT1X - 18 V - Changement rapide de lame,125.3,EUR,false,Cdiscount.com,/go/3200075723037483479.html?categoryId=27733&offerKey=76d84818f90c9228902d46a087b126b9&offerListId=5824810-689ED103FF2F0474CD9467B77BFA1622&pos=4&price=125.30&productid=5824810&sid=29061&type=offer,0,/prix/5824810/aeg-outil-multifonctions-18v-li-ion-sans-batterie-ni-chargeur-omni-18c-0kit1x.html
111,2441,"Outil mul­ti­fonc­tion sans fil 18V AEG OM­NI18C-0KIT1X, gamme PRO18V",136.7,EUR,false,Rakuten.com FR,/go/3154325417056284641.html?categoryId=27733&offerKey=60158a688f3fb655c35624549c700c33&offerListId=5824810-689ED103FF2F0474CD9467B77BFA1622&pos=5&price=136.70&productid=5824810&sid=26246&type=offer,0,/prix/5824810/aeg-outil-multifonctions-18v-li-ion-sans-batterie-ni-chargeur-omni-18c-0kit1x.html
112,2441,Outil Mul­ti­fonc­tion AEG 18 Volts machine nue,139.99,EUR,false,Fnac.com,/go/3210450548339784261.html?categoryId=27733&offerKey=6fc7c8102f870e45191b6d0185019985&offerListId=5824810-689ED103FF2F0474CD9467B77BFA1622&pos=6&price=139.99&productid=5824810&sid=25536&type=offer,0,/prix/5824810/aeg-outil-multifonctions-18v-li-ion-sans-batterie-ni-chargeur-omni-18c-0kit1x.html
113,2441,Ponceuse vibrante Aeg Outil mul­ti­fonc­tions multi tool aeg 18v li-ion sans batterie ni chargeur omni 18c-0kit1x,140.95,EUR,false,Darty.com (Marketplace),/go/3223133624484236382.html?categoryId=27733&offerKey=92c3edbee6c2506af51ab9af90b0e9fb&offerListId=5824810-689ED103FF2F0474CD9467B77BFA1622&pos=7&price=140.95&productid=5824810&sid=316364&type=offer,0,/prix/5824810/aeg-outil-multifonctions-18v-li-ion-sans-batterie-ni-chargeur-omni-18c-0kit1x.html
114,2441,Aeg Outil mul­ti­fonc­tions Multi tool 18V Li-ion sans batterie ni chargeur OMNI 18C-0KIT1X,147.23,EUR,false,Rueducommerce.fr (Marketplace),/go/3227857109196475387.html?categoryId=27733&offerKey=77686637230b561cae0a4f84cae0f887&offerListId=5824810-689ED103FF2F0474CD9467B77BFA1622&pos=8&price=147.23&productid=5824810&sid=25482&type=offer,0,/prix/5824810/aeg-outil-multifonctions-18v-li-ion-sans-batterie-ni-chargeur-omni-18c-0kit1x.html
115,2441,AEG Outil mul­ti­fonc­tion OM­NI18C-0KIT1X - 18 V - Changement rapide de lame,151.52,EUR,false,ManoMano.fr,/go/3154512834447029012.html?categoryId=27733&offerKey=9907d254c721baba4dbe1f7e767e6eca&offerListId=5824810-689ED103FF2F0474CD9467B77BFA1622&pos=9&price=151.52&productid=5824810&sid=291209&type=offer,0,/prix/5824810/aeg-outil-multifonctions-18v-li-ion-sans-batterie-ni-chargeur-omni-18c-0kit1x.html
116,2441,Outil mul­ti­fonc­tions Multi tool AEG 18V Li-ion sans batterie ni chargeur OMNI 18C-0KIT1X,154.33,EUR,false,Ubaldi.com (Marketplace),/go/3221509299387762354.html?categoryId=27733&offerKey=2ac803385dbc8351c561df989a255e9d&offerListId=5824810-689ED103FF2F0474CD9467B77BFA1622&pos=10&price=154.33&productid=5824810&sid=316737&type=offer,0,/prix/5824810/aeg-outil-multifonctions-18v-li-ion-sans-batterie-ni-chargeur-omni-18c-0kit1x.html
117,2441,Aeg Outil mul­ti­fonc­tions Multi tool 18V Li-ion sans batterie ni chargeur OMNI 18C-0KIT1X,164.74,EUR,false,Rueducommerce.fr (Marketplace),/go/3219515710887704013.html?categoryId=27733&offerKey=57ac4233b0feb3e863406544c1c186cd&offerListId=5824810-689ED103FF2F0474CD9467B77BFA1622&pos=11&price=164.74&productid=5824810&sid=25482&type=offer,0,/prix/5824810/aeg-outil-multifonctions-18v-li-ion-sans-batterie-ni-chargeur-omni-18c-0kit1x.html
118,2441,"
document.getElementById(""result-11-offerinfo"").title = document.getElementById(""result-11-offerinfo"").innerHTML = idealoApp.getContents('~FE:= \>F=UD9JjE:UD9Jj7@?4UD9JjE:@?D |F=E: E@@= ptv `g\' {:\\:@? D2?D 32EE6C:6 ?: 492C86FC ~|}x `');
",169.9,EUR,false,espace-bricolage,/go/3243624205660455675.html?categoryId=27733&offerKey=ed84ae8c6627e8915cb49e630be66938&offerListId=5824810-689ED103FF2F0474CD9467B77BFA1622&pos=12&price=169.90&productid=5824810&sid=24572&type=offer,0,/prix/5824810/aeg-outil-multifonctions-18v-li-ion-sans-batterie-ni-chargeur-omni-18c-0kit1x.html
119,2441,Aeg Outil mul­ti­fonc­tions Multi tool 18V Li-ion sans batterie ni chargeur OMNI 18C-0KIT1X,169.9,EUR,false,Rueducommerce.fr (Marketplace),/go/3213757157010843632.html?categoryId=27733&offerKey=36332820170798d6a6cc591b694bf763&offerListId=5824810-689ED103FF2F0474CD9467B77BFA1622&pos=13&price=169.90&productid=5824810&sid=25482&type=offer,0,/prix/5824810/aeg-outil-multifonctions-18v-li-ion-sans-batterie-ni-chargeur-omni-18c-0kit1x.html
120,2441,Aeg Outil mul­ti­fonc­tions Multi tool 18V Li-ion sans batterie ni chargeur OMNI 18C-0KIT1X,179.87,EUR,false,Rueducommerce.fr (Marketplace),/go/3223525289640330087.html?categoryId=27733&offerKey=5bcacc9c269d3801afb996908570a5bd&offerListId=5824810-689ED103FF2F0474CD9467B77BFA1622&pos=14&price=179.87&productid=5824810&sid=25482&type=offer,0,/prix/5824810/aeg-outil-multifonctions-18v-li-ion-sans-batterie-ni-chargeur-omni-18c-0kit1x.html
121,2442,Aeg Visseuse à chocs compacte 18V Li-ion sans batterie ni chargeur BSS 18C-0,61.67,EUR,false,Rueducommerce.fr (Marketplace),/go/3213756118119487411.html?categoryId=22699&offerKey=34bbdea5b91cf3506b33a2ab6e821c77&offerListId=1694299-AC653E743504EE0CFDBC2210C80B3DDC&pos=1&price=61.67&productid=1694299&sid=25482&type=offer,0,/prix/1694299/aeg-bss-18.html
122,2442,"Visseuse à choc sans fil 18V AEG, gamme PRO18V BSS18CLI-0",62.99,EUR,false,Rakuten.com FR,/go/6074813548.html?categoryId=22699&offerKey=b63241f25bf94db14fb8705bc08ce2a6&offerListId=1694299-AC653E743504EE0CFDBC2210C80B3DDC&pos=2&price=62.99&productid=1694299&sid=26246&type=offer,0,/prix/1694299/aeg-bss-18.html
123,2442,BSS18 LI 0Visseuse à choc sans batt. Ni chargeur,64.3,EUR,false,Ubaldi.com (Marketplace),/go/3221509544161052115.html?categoryId=22699&offerKey=d2265db0b964301b3813ad640fe90f1a&offerListId=1694299-AC653E743504EE0CFDBC2210C80B3DDC&pos=3&price=64.30&productid=1694299&sid=316737&type=offer,0,/prix/1694299/aeg-bss-18.html
124,2442,"Perceuse, visseuse Aeg Visseuse à chocs compacte aeg 18v li-ion sans batterie ni chargeur bss 18c-0",65.61,EUR,false,Darty.com (Marketplace),/go/3223133624299690872.html?categoryId=22699&offerKey=d5ba279edfd1f1555559d82786b877a4&offerListId=1694299-AC653E743504EE0CFDBC2210C80B3DDC&pos=4&price=65.61&productid=1694299&sid=316364&type=offer,0,/prix/1694299/aeg-bss-18.html
125,2442,"
document.getElementById(""result-4-offerinfo"").title = document.getElementById(""result-4-offerinfo"").innerHTML = idealoApp.getContents('ptv q$$ `gr\\_ \':DD6FD6 U28C2G6j 49@4D D2?D 7:=');
",109.0,EUR,false,Amazon.fr,/go/7662976776.html?categoryId=22699&offerKey=d69baa511d5aaefac62cb8a16fd6aab5&offerListId=1694299-AC653E743504EE0CFDBC2210C80B3DDC&pos=5&price=109.00&productid=1694299&sid=12003&type=offer,0,/prix/1694299/aeg-bss-18.html
126,2442,Visseuse à chocs AEG BSS 18C-0,109.0,EUR,false,Rotopino.fr,/go/3176246289715173007.html?categoryId=22699&offerKey=9fc83d7ddd3c7e06c40585f32ee7975c&offerListId=1694299-AC653E743504EE0CFDBC2210C80B3DDC&pos=6&price=109.00&productid=1694299&sid=287166&type=offer,0,/prix/1694299/aeg-bss-18.html
127,2442,"
document.getElementById(""result-6-offerinfo"").title = document.getElementById(""result-6-offerinfo"").innerHTML = idealoApp.getContents('ptv q$$ `gr\\_ \':DD6FD6 U28C2G6j 49@4D D2?D 7:=');
",109.12,EUR,false,Indoostrial,/go/3252888641017481712.html?categoryId=22699&offerKey=eab49cf59b25ddd703abedc62a4ef9bd&offerListId=1694299-AC653E743504EE0CFDBC2210C80B3DDC&pos=7&price=109.12&productid=1694299&sid=24573&type=offer,0,/prix/1694299/aeg-bss-18.html
128,2442,AEG BSS 18C-0 Visseuse à chocs à batteries 18V Li-Ion (machine seule),109.99,EUR,false,Fixami.fr,/go/3235106651883178611.html?categoryId=22699&offerKey=4a965fd3903998681481c076557c6e6b&offerListId=1694299-AC653E743504EE0CFDBC2210C80B3DDC&pos=8&price=109.99&productid=1694299&sid=306120&type=offer,0,/prix/1694299/aeg-bss-18.html
129,2442,Aeg Visseuse à chocs compacte 18V Li-ion sans batterie ni chargeur BSS 18C-0,131.43,EUR,false,Rueducommerce.fr (Marketplace),/go/3213755879532800574.html?categoryId=22699&offerKey=19940d7ee5d656c8cdbd80c092b6cbb7&offerListId=1694299-AC653E743504EE0CFDBC2210C80B3DDC&pos=9&price=131.43&productid=1694299&sid=25482&type=offer,0,/prix/1694299/aeg-bss-18.html
130,2442,Visseuse à chocs AEG 18 Volts machine nue,139.99,EUR,false,Fnac.com,/go/3210450562550083270.html?categoryId=22699&offerKey=14eb4067bb12bc61ed9c18aa4da3ad36&offerListId=1694299-AC653E743504EE0CFDBC2210C80B3DDC&pos=10&price=139.99&productid=1694299&sid=25536&type=offer,0,/prix/1694299/aeg-bss-18.html
131,2442,Aeg Visseuse à chocs compacte 18V Li-ion sans batterie ni chargeur BSS 18C-0,144.01,EUR,false,Rueducommerce.fr (Marketplace),/go/3213755535071386254.html?categoryId=22699&offerKey=e8449131644ad1c1c83b489024805f9a&offerListId=1694299-AC653E743504EE0CFDBC2210C80B3DDC&pos=11&price=144.01&productid=1694299&sid=25482&type=offer,0,/prix/1694299/aeg-bss-18.html
132,2442,Aeg Visseuse à chocs compacte 18V Li-ion sans batterie ni chargeur BSS 18C-0,169.9,EUR,false,Rueducommerce.fr (Marketplace),/go/3213757191039224254.html?categoryId=22699&offerKey=e87b808ff694946c9a86cb766b1dbdbf&offerListId=1694299-AC653E743504EE0CFDBC2210C80B3DDC&pos=12&price=169.90&productid=1694299&sid=25482&type=offer,0,/prix/1694299/aeg-bss-18.html
133,2442,Aeg Visseuse à chocs compacte 18V Li-ion sans batterie ni chargeur BSS 18C-0,174.88,EUR,false,Rueducommerce.fr (Marketplace),/go/3245776420284138842.html?categoryId=22699&offerKey=3048dabb24c67f153fa812af5eac5356&offerListId=1694299-AC653E743504EE0CFDBC2210C80B3DDC&pos=13&price=174.88&productid=1694299&sid=25482&type=offer,0,/prix/1694299/aeg-bss-18.html
134,2444,Aeg Marteau per­fo­ra­teur Bh24E,206.01,EUR,false,Rueducommerce.fr (Marketplace),/go/3213756468322899175.html?categoryId=15397&offerKey=f2a6e669b537eaed0e2d22eae8942170&offerListId=346037-BC829B9DB566091631D10ABAC568ACC7&pos=1&price=206.01&productid=346037&sid=25482&type=offer,0,/prix/346037/aeg-bh-24-e.html
135,2444,AEG Marteau Per­fo­ra­teur 720 W BH24EK,206.61,EUR,false,Rakuten.com FR,/go/4216805480.html?categoryId=15397&offerKey=51fe7195c8bf00267f32ff093a4fc13d&offerListId=346037-BC829B9DB566091631D10ABAC568ACC7&pos=2&price=206.61&productid=346037&sid=26246&type=offer,0,/prix/346037/aeg-bh-24-e.html
136,2444,"
document.getElementById(""result-2-offerinfo"").title = document.getElementById(""result-2-offerinfo"").innerHTML = idealoApp.getContents('ptv c__abhd`hcbgc !6CUD9Jj7@UD9JjC2UD9JjE6FC r96G:==6FC $s$[ fa_ ([ |F=UD9JjE:UD9Jj4@UD9Jj=@C6');
",206.89,EUR,false,Amazon.fr,/go/7307659584.html?categoryId=15397&offerKey=59263f265d93d3c8133a075ab3984361&offerListId=346037-BC829B9DB566091631D10ABAC568ACC7&pos=3&price=206.89&productid=346037&sid=12003&type=offer,0,/prix/346037/aeg-bh-24-e.html
137,2444,Aeg Marteau per­fo­ra­teur Bh24E,264.29,EUR,false,Rueducommerce.fr (Marketplace),/go/3251075953436132620.html?categoryId=15397&offerKey=c99690f5f098ad2ade8e691e7d5d0f4b&offerListId=346037-BC829B9DB566091631D10ABAC568ACC7&pos=4&price=264.29&productid=346037&sid=25482&type=offer,0,/prix/346037/aeg-bh-24-e.html
138,2446,"Sika Boom XL, Mousse expansive d'isolation, 400ml, Blanc",9.8,EUR,false,Amazon.fr,/go/3247276885960295749.html?price=9.80&sid=12003&type=oc_offer,0,/type/7612894975826.html
139,2446,Mousse polyuréthane expansive SIKA Sika Boom XL - 400ml,9.9,EUR,false,Rakuten.com FR,/go/3225519346516232356.html?price=9.90&sid=26246&type=oc_offer,0,/type/7612894975826.html
140,2446,"Sika Boom XL, Mousse expansive d'isolation, 400ml, Blanc",11.5,EUR,false,espace-bricolage,/go/3225377391870216740.html?price=11.50&sid=24573&type=oc_offer,0,/type/7612894975826.html
141,2446,Mousse polyuréthane expansive SIKA Sika Boom XL - 400ml,14.52,EUR,false,ManoMano.fr,/go/3225697286356994291.html?price=14.52&sid=291209&type=oc_offer,0,/type/7612894975826.html
142,2446,"Pistolet à colle, colle Sika Mousse polyuréthane expansive sika sika boom xl - 400ml",15.06,EUR,false,Darty.com (Marketplace),/go/3226029216713673049.html?price=15.06&sid=316364&type=oc_offer,0,/type/7612894975826.html
143,2448,AEG Powertools KH 24 XE Marteau Combi Sds-PLUS,181.8,EUR,false,Mytoolstore.fr,/go/7312047307.html?categoryId=15397&offerKey=e25d5c43d8c3c3d644794ee0b75dcb2d&offerListId=1679226-3C2825059755EA59F58418D50BECC9E2&pos=1&price=181.80&productid=1679226&sid=29224&type=offer,0,/prix/1679226/aeg-kh-24-xe-4935428220.html
144,2448,"AEG KH 24 XE Per­fo-bu­ri­neur SDS-plus dans coffret - 720W - 2,3J",182.99,EUR,false,Fixami.fr,/go/3235106647519004124.html?categoryId=15397&offerKey=34083d323c2e72b07b6fe44cacd281c0&offerListId=1679226-3C2825059755EA59F58418D50BECC9E2&pos=2&price=182.99&productid=1679226&sid=306120&type=offer,0,/prix/1679226/aeg-kh-24-xe-4935428220.html
145,2448,"
document.getElementById(""result-2-offerinfo"").title = document.getElementById(""result-2-offerinfo"").innerHTML = idealoApp.getContents('ptv !@H6CE@@=D zw ac )t |2CE62F r@\>3: $5D\\!{\&$');
",188.44,EUR,false,mytoolstore_fr,/go/3243666058388703749.html?categoryId=15397&offerKey=02c3f3fc5c60902f1e43d40d00ef870b&offerListId=1679226-3C2825059755EA59F58418D50BECC9E2&pos=3&price=188.44&productid=1679226&sid=24572&type=offer,0,/prix/1679226/aeg-kh-24-xe-4935428220.html
146,2448,"Per­fo­ra­teur AEG KH24XEK, 720W, 2,3 joules Epta",190.32,EUR,false,Rakuten.com FR,/go/1569716126.html?categoryId=15397&offerKey=75be8faa10a243a804f3df85554cd38c&offerListId=1679226-3C2825059755EA59F58418D50BECC9E2&pos=4&price=190.32&productid=1679226&sid=26246&type=offer,0,/prix/1679226/aeg-kh-24-xe-4935428220.html
147,2448,Per­fo­ra­teur burineur AEG SDSPLUS 720W 2.3 Joules KH24XEK,192.69,EUR,false,ManoMano.fr,/go/7114666944.html?categoryId=15397&offerKey=a22f74581cca9da9446644bbc6d63999&offerListId=1679226-3C2825059755EA59F58418D50BECC9E2&pos=5&price=192.69&productid=1679226&sid=291209&type=offer,0,/prix/1679226/aeg-kh-24-xe-4935428220.html
148,2448,Per­fo­ra­teur burineur AEG SDSPLUS 720W 2.3 Joules KH24XEK,199.48,EUR,false,Ubaldi.com (Marketplace),/go/3221509299373089459.html?categoryId=15397&offerKey=60b5140f64298529fdcb49ce35987b9d&offerListId=1679226-3C2825059755EA59F58418D50BECC9E2&pos=6&price=199.48&productid=1679226&sid=316737&type=offer,0,/prix/1679226/aeg-kh-24-xe-4935428220.html
149,2448,"
document.getElementById(""result-6-offerinfo"").title = document.getElementById(""result-6-offerinfo"").innerHTML = idealoApp.getContents('ptv zwac)t |2CE62F 4@\>3:?U624FE6j fa_ 6E ac \>\> ux)%tr a[fy 2CCU64:C4jE 56 C@E2E:@?');
",199.9,EUR,false,espace-bricolage,/go/3197077597250927162.html?categoryId=15397&offerKey=f2ebc7a1fd90766a41c01281a6273dbd&offerListId=1679226-3C2825059755EA59F58418D50BECC9E2&pos=7&price=199.90&productid=1679226&sid=24573&type=offer,0,/prix/1679226/aeg-kh-24-xe-4935428220.html
150,2448,"Per­fo­ra­teur, burineur Aeg Per­fo­ra­teur burineur aeg sdsplus 720w 2.3 joules kh24xek",199.9,EUR,false,Darty.com (Marketplace),/go/3223133624356313991.html?categoryId=15397&offerKey=cf57efe78aae5ac79c584022ff2213f2&offerListId=1679226-3C2825059755EA59F58418D50BECC9E2&pos=8&price=199.90&productid=1679226&sid=316364&type=offer,0,/prix/1679226/aeg-kh-24-xe-4935428220.html
151,2448,"Aeg Per­fo­ra­teur Kh24XEK, 720W, 2,3 joules Epta",199.9,EUR,false,Rueducommerce.fr (Marketplace),/go/3213755888141601139.html?categoryId=15397&offerKey=4d261b68a1a0ab6a9554b2abccf6fcf4&offerListId=1679226-3C2825059755EA59F58418D50BECC9E2&pos=9&price=199.90&productid=1679226&sid=25482&type=offer,0,/prix/1679226/aeg-kh-24-xe-4935428220.html
152,2452,"
document.getElementById(""result-0-offerinfo"").title = document.getElementById(""result-0-offerinfo"").innerHTML = idealoApp.getContents('ptv q$q `a ra\\{x c_aq !6C46FD6 U28C2G6j !6C4FDD:@? Ut24FE6j=64EC:BF6 D2?D 7:= `a G@=ED^c 2\>AD |2?5C:? pFUD9JjE@UD9JjD6CUD9JjC2?E');
",185.45,EUR,false,espace-bricolage,/go/3197402445869223655.html?categoryId=3687&offerKey=64b47ae365835f6f95643e46a29e4c67&offerListId=5950694-5633F62F0C066CE5E3EE647A8E69D6A4&pos=1&price=185.45&productid=5950694&sid=24573&type=offer,0,/prix/5950694/aeg-bsb-12c2-li-402b.html
153,2452,Per­ceuse-vis­seuse à percussion AEG BSB12C2LI402B,194.0,EUR,false,Rotopino.fr,/go/3245256843349459120.html?categoryId=3687&offerKey=e034ba1ee2ff6a9c2c84dc57f2a4817c&offerListId=5950694-5633F62F0C066CE5E3EE647A8E69D6A4&pos=2&price=194.00&productid=5950694&sid=287166&type=offer,0,/prix/5950694/aeg-bsb-12c2-li-402b.html
154,2452,Perceuse à percussion AEG 12V Li-ion - 2 batteries 4.0Ah - 1 chargeur 80min - BSB 12C2 LI-402B,195.65,EUR,false,ManoMano.fr,/go/3191789684214728879.html?categoryId=3687&offerKey=4823cdb8bd8e0ff46d66764d573557a1&offerListId=5950694-5633F62F0C066CE5E3EE647A8E69D6A4&pos=3&price=195.65&productid=5950694&sid=291209&type=offer,0,/prix/5950694/aeg-bsb-12c2-li-402b.html
155,2452,"
document.getElementById(""result-3-offerinfo"").title = document.getElementById(""result-3-offerinfo"").innerHTML = idealoApp.getContents('ptv q$q `a ra\\{x c_aq !6C46FD6 U28C2G6j !6C4FDD:@? Ut24FE6j=64EC:BF6 D2?D 7:= `a G@=ED^c 2\>AD |2?5C:? pFUD9JjE@UD9JjD6CUD9JjC2?E');
",198.66,EUR,false,Amazon.fr,/go/7353095776.html?categoryId=3687&offerKey=b6450f3dcec14af5f5a65ff10fdd8281&offerListId=5950694-5633F62F0C066CE5E3EE647A8E69D6A4&pos=4&price=198.66&productid=5950694&sid=12003&type=offer,0,/prix/5950694/aeg-bsb-12c2-li-402b.html
156,2452,AEG BSB 12C2 LI-402B Perceuse visseuse à percussion à batteries 12V Li-Ion (2x batterie 4.0Ah) dans sac,198.99,EUR,false,Fixami.fr,/go/3235106650645857105.html?categoryId=3687&offerKey=b77d41ed95c3f95579b85c41a259d8b0&offerListId=5950694-5633F62F0C066CE5E3EE647A8E69D6A4&pos=5&price=198.99&productid=5950694&sid=306120&type=offer,0,/prix/5950694/aeg-bsb-12c2-li-402b.html
157,2452,Perceuse sans fil à percussion 12V AEG BSB12C2LI402B 2 bat 4Ah,208.9,EUR,false,Rakuten.com FR,/go/6077012322.html?categoryId=3687&offerKey=4741a73fe0df821d004a0a1cb2e3af54&offerListId=5950694-5633F62F0C066CE5E3EE647A8E69D6A4&pos=6&price=208.90&productid=5950694&sid=26246&type=offer,0,/prix/5950694/aeg-bsb-12c2-li-402b.html
158,2452,Perceuse Aeg Perceuse à percussion aeg 12v li-ion - 2 batteries 4.0ah - 1 chargeur 80min - bsb 12c2 li-402b,209.06,EUR,false,Darty.com (Marketplace),/go/3223133625427957310.html?categoryId=3687&offerKey=9051e551e9e5afdc0e07c97640ef9af1&offerListId=5950694-5633F62F0C066CE5E3EE647A8E69D6A4&pos=7&price=209.06&productid=5950694&sid=316364&type=offer,0,/prix/5950694/aeg-bsb-12c2-li-402b.html
159,2452,Aeg Perceuse sans fil à percussion 12V BSB12C2LI402B 2 bat 4Ah,209.06,EUR,false,Rueducommerce.fr (Marketplace),/go/3213754844846233772.html?categoryId=3687&offerKey=8f36cdb5b4d15b71481c5f92f9e85f9e&offerListId=5950694-5633F62F0C066CE5E3EE647A8E69D6A4&pos=8&price=209.06&productid=5950694&sid=25482&type=offer,0,/prix/5950694/aeg-bsb-12c2-li-402b.html
160,2452,"
document.getElementById(""result-8-offerinfo"").title = document.getElementById(""result-8-offerinfo"").innerHTML = idealoApp.getContents('!6C46FD6 U28C2G6j A6C4FDD:@? ptv `a\' {:\\:@? \\ a 32EE6C:6D c]_p9 \\ ` 492C86FC g_\>:? \\ q');
",209.06,EUR,false,espace-bricolage,/go/3243624202112074326.html?categoryId=3687&offerKey=f1381835439bee98d3738f4f201b619e&offerListId=5950694-5633F62F0C066CE5E3EE647A8E69D6A4&pos=9&price=209.06&productid=5950694&sid=24572&type=offer,0,/prix/5950694/aeg-bsb-12c2-li-402b.html
161,2452,BSB12C2 LI 402BPer­ceuse Percussion 2 vitesses,216.75,EUR,false,Ubaldi.com (Marketplace),/go/3221509544551126309.html?categoryId=3687&offerKey=3d5c12aa37a8c036a193dde027af310a&offerListId=5950694-5633F62F0C066CE5E3EE647A8E69D6A4&pos=10&price=216.75&productid=5950694&sid=316737&type=offer,0,/prix/5950694/aeg-bsb-12c2-li-402b.html
162,2452,Aeg Perceuse sans fil à percussion 12V BSB12C2LI402B 2 bat 4Ah,233.63,EUR,false,Rueducommerce.fr (Marketplace),/go/3262257549996461004.html?categoryId=3687&offerKey=ab8cc794b442e3615bdc380f0d4adf31&offerListId=5950694-5633F62F0C066CE5E3EE647A8E69D6A4&pos=11&price=233.63&productid=5950694&sid=25482&type=offer,0,/prix/5950694/aeg-bsb-12c2-li-402b.html
163,2452,Aeg Perceuse sans fil à percussion 12V BSB12C2LI402B 2 bat 4Ah,262.48,EUR,false,Rueducommerce.fr (Marketplace),/go/3258531870370957402.html?categoryId=3687&offerKey=64b2b224012f49688592ed678378dd23&offerListId=5950694-5633F62F0C066CE5E3EE647A8E69D6A4&pos=12&price=262.48&productid=5950694&sid=25482&type=offer,0,/prix/5950694/aeg-bsb-12c2-li-402b.html
164,2452,Aeg Perceuse sans fil à percussion 12V BSB12C2LI402B 2 bat 4Ah,298.09,EUR,false,Rueducommerce.fr (Marketplace),/go/3258531870305944260.html?categoryId=3687&offerKey=561d728eb10e816b7d4063136669fae5&offerListId=5950694-5633F62F0C066CE5E3EE647A8E69D6A4&pos=13&price=298.09&productid=5950694&sid=25482&type=offer,0,/prix/5950694/aeg-bsb-12c2-li-402b.html
165,2458,"Aeg Scie sauteuse St800XE, 705W",144.37,EUR,false,Rueducommerce.fr (Marketplace),/go/3219334197713839331.html?categoryId=22656&offerKey=2d7dfc1d24b5f97bc46d14f383c792bc&offerListId=998866-D190C97D1B986438C3E737B617615D4E&pos=1&price=144.37&productid=998866&sid=25482&type=offer,0,/prix/998866/aeg-st-800-xe.html
166,2458,"Scie sauteuse AEG ST800XE, 705W",147.43,EUR,false,Rakuten.com FR,/go/1142576926.html?categoryId=22656&offerKey=9fe652177e4eee1af39d4631afa82c79&offerListId=998866-D190C97D1B986438C3E737B617615D4E&pos=2&price=147.43&productid=998866&sid=26246&type=offer,0,/prix/998866/aeg-st-800-xe.html
167,2458,"
document.getElementById(""result-2-offerinfo"").title = document.getElementById(""result-2-offerinfo"").innerHTML = idealoApp.getContents('ptv $% g__ )t ~C2?86 $4:6 $2FE6FD6 $4:286 ``_\>\> f_d(');
",149.99,EUR,false,Amazon.fr,/go/3217673998930290259.html?categoryId=22656&offerKey=d57b7dab04a94a534507202af323adad&offerListId=998866-D190C97D1B986438C3E737B617615D4E&pos=3&price=149.99&productid=998866&sid=12003&type=offer,0,/prix/998866/aeg-st-800-xe.html
168,2458,AEG Scie sauteuse ST800XE - 705 W - Avec lame,149.99,EUR,false,Cdiscount.com,/go/3200075740032806145.html?categoryId=22656&offerKey=4851fbd187729869f5c0957a389c34f8&offerListId=998866-D190C97D1B986438C3E737B617615D4E&pos=4&price=149.99&productid=998866&sid=29061&type=offer,0,/prix/998866/aeg-st-800-xe.html
169,2458,Scie sauteuse pendulaire électrique AEG 705W 110mm ST 800 XE,150.51,EUR,false,Ubaldi.com (Marketplace),/go/3221509299687662260.html?categoryId=22656&offerKey=f6df8881be23b0478c1b6e5baff3e199&offerListId=998866-D190C97D1B986438C3E737B617615D4E&pos=5&price=150.51&productid=998866&sid=316737&type=offer,0,/prix/998866/aeg-st-800-xe.html
170,2458,Scie sauteuse Aeg Scie sauteuse pendulaire électrique aeg 705w 110mm st 800 xe,157.84,EUR,false,Darty.com (Marketplace),/go/3223133624790420636.html?categoryId=22656&offerKey=c29c11b21f5d056a68355625283d66f0&offerListId=998866-D190C97D1B986438C3E737B617615D4E&pos=6&price=157.84&productid=998866&sid=316364&type=offer,0,/prix/998866/aeg-st-800-xe.html
171,2458,Scie sauteuse AEG ST 800 XE,159.0,EUR,false,Rotopino.fr,/go/3176246290323353833.html?categoryId=22656&offerKey=10b846b17daad6970e90c4b384c5bce1&offerListId=998866-D190C97D1B986438C3E737B617615D4E&pos=7&price=159.00&productid=998866&sid=287166&type=offer,0,/prix/998866/aeg-st-800-xe.html
172,2458,AEG ST 800 XE Scie sauteuse dans coffret - 705W - poignée en T - variable,174.99,EUR,false,Fixami.fr,/go/3235106653693019123.html?categoryId=22656&offerKey=b2ee5a21c52dea1f642ceb16a38414c0&offerListId=998866-D190C97D1B986438C3E737B617615D4E&pos=8&price=174.99&productid=998866&sid=306120&type=offer,0,/prix/998866/aeg-st-800-xe.html
173,2458,"Aeg Scie sauteuse St800XE, 705W",178.36,EUR,false,Rueducommerce.fr (Marketplace),/go/3213753768417956086.html?categoryId=22656&offerKey=69d0a57c054bb9a23c8875b22c35bb7d&offerListId=998866-D190C97D1B986438C3E737B617615D4E&pos=9&price=178.36&productid=998866&sid=25482&type=offer,0,/prix/998866/aeg-st-800-xe.html
174,2458,"
document.getElementById(""result-9-offerinfo"").title = document.getElementById(""result-9-offerinfo"").innerHTML = idealoApp.getContents('ptv $% g__ )t ~C2?86 $4:6 $2FE6FD6 $4:286 ``_\>\> f_d(');
",178.81,EUR,false,Leader-discount,/go/3262630106610270689.html?categoryId=22656&offerKey=940d8815f639076573bcb69c3e942820&offerListId=998866-D190C97D1B986438C3E737B617615D4E&pos=10&price=178.81&productid=998866&sid=24573&type=offer,0,/prix/998866/aeg-st-800-xe.html
175,2458,"
document.getElementById(""result-10-offerinfo"").title = document.getElementById(""result-10-offerinfo"").innerHTML = idealoApp.getContents('$4:6 D2FE6FD6 A6?5F=2:C6 U624FE6j=64EC:BF6 ptv f_d( ``_\>\> $% g__ )t');
",179.15,EUR,false,espace-bricolage,/go/3243624206037944508.html?categoryId=22656&offerKey=90a3b5a32f7119acf71682a47908b32c&offerListId=998866-D190C97D1B986438C3E737B617615D4E&pos=11&price=179.15&productid=998866&sid=24572&type=offer,0,/prix/998866/aeg-st-800-xe.html
176,2458,"Aeg Scie sauteuse St800XE, 705W",179.15,EUR,false,Rueducommerce.fr (Marketplace),/go/3213755852901071730.html?categoryId=22656&offerKey=4f0e4f48f8c2db5a43696e2416dca412&offerListId=998866-D190C97D1B986438C3E737B617615D4E&pos=12&price=179.15&productid=998866&sid=25482&type=offer,0,/prix/998866/aeg-st-800-xe.html
177,2458,"Aeg Scie sauteuse St800XE, 705W",179.18,EUR,false,Rueducommerce.fr (Marketplace),/go/3262619877107565133.html?categoryId=22656&offerKey=5c977d7b0b181682edb45f2f1ab89542&offerListId=998866-D190C97D1B986438C3E737B617615D4E&pos=13&price=179.18&productid=998866&sid=25482&type=offer,0,/prix/998866/aeg-st-800-xe.html
178,2458,Scie sauteuse pendulaire électrique AEG 705W 110mm ST 800 XE,186.63,EUR,false,ManoMano.fr,/go/7240223334.html?categoryId=22656&offerKey=c96c44b729cb0ae649981cc8a2139f33&offerListId=998866-D190C97D1B986438C3E737B617615D4E&pos=14&price=186.63&productid=998866&sid=291209&type=offer,0,/prix/998866/aeg-st-800-xe.html
179,2458,AEG Powertools Scie sauteuse élec­tro­nique ST 800 XE,189.0,EUR,false,Mytoolstore.fr,/go/3229324280927879453.html?categoryId=22656&offerKey=bcad8361cfe015050d063d4f023edbd9&offerListId=998866-D190C97D1B986438C3E737B617615D4E&pos=15&price=189.00&productid=998866&sid=29224&type=offer,0,/prix/998866/aeg-st-800-xe.html
180,2463,2 lames de rabots (4113000),11.89,EUR,false,ManoMano.fr,/go/3188895952423368467.html?price=11.89&sid=291209&type=oc_offer,0,/type/4006885411302.html
181,2463,"Wolfcraft 4113000 2 Lames de Rabots, Hm-ct, Épaisseur 1,1 X Longueur 82 X Largeur 5,5 Mm",12.2,EUR,false,Amazon.fr,/go/7302672759.html?price=12.20&sid=12003&type=oc_offer,0,/type/4006885411302.html
182,2463,2 lames de rabots Wolfcraft 4113000,12.49,EUR,false,Conrad.fr,/go/3254686867051774090.html?price=12.49&sid=286907&type=oc_offer,0,/type/4006885411302.html
183,2463,"Lames Wolfcraft pour rabots 82x5,5x1,1",12.69,EUR,false,Rakuten.com FR,/go/1554494757.html?price=12.69&sid=26246&type=oc_offer,0,/type/4006885411302.html
184,2463,"Lames et accessoires pour outil multifonctions Wolfcraft Wolfcraft 2 lames ct 82x5,5x1,1mm pour rabots portatifs électriques",13.26,EUR,false,Darty.com (Marketplace),/go/3216002777398389585.html?price=13.26&sid=316364&type=oc_offer,0,/type/4006885411302.html
185,2463,"Wolfcraft 4113000 2 Lames de Rabots, Hm-ct, Épaisseur 1,1 X Longueur 82 X Largeur 5,5 Mm",13.3,EUR,false,Amazon,/go/3262048773053874603.html?price=13.30&sid=24573&type=oc_offer,0,/type/4006885411302.html
186,2463,"Wolfcraft Lames réversibles CT pour rabots. pour : AEG, Black & Decker, Bosch, Fein, Festo, Haffner, Hitachi,",14.6,EUR,false,Mytoolstore.fr,/go/3229324277310292443.html?price=14.60&sid=29224&type=oc_offer,0,/type/4006885411302.html
187,2463,"Wolfcraft Lames pour rabots 82x5,5x1,1",23.4,EUR,false,Rueducommerce.fr (Marketplace),/go/3213757272662483184.html?price=23.40&sid=25482&type=oc_offer,0,/type/4006885411302.html
188,2463,"Wolfcraft Lames pour rabots 82x5,5x1,1",24.73,EUR,false,Rueducommerce.fr (Marketplace),/go/3214087514922943591.html?price=24.73&sid=25482&type=oc_offer,0,/type/4006885411302.html
189,2463,"Wolfcraft Lames pour rabots 82x5,5x1,1",25.85,EUR,false,Rueducommerce.fr (Marketplace),/go/3253386864825993766.html?price=25.85&sid=25482&type=oc_offer,0,/type/4006885411302.html
190,2463,"Wolfcraft Lames pour rabots 82x5,5x1,1",25.86,EUR,false,Rueducommerce.fr (Marketplace),/go/3213757719116781204.html?price=25.86&sid=25482&type=oc_offer,0,/type/4006885411302.html
191,2471,"
document.getElementById(""result-0-offerinfo"").title = document.getElementById(""result-0-offerinfo"").innerHTML = idealoApp.getContents('$E2?=6J `\\a_\\``_ %FC3@4FE $4:6 U28C2G6j \>U624FE6jE2FI 3:\>2E:6C6 b__ \>\>');
",11.99,EUR,false,Amazon.fr,/go/7304911499.html?categoryId=19085&offerKey=43c9b321c74dc708bab8f845efa1c48e&offerListId=2345085-DBAF0CFF7C4C4556F7EE726CA6E6485D&pos=1&price=11.99&productid=2345085&sid=12003&type=offer,0,/prix/2345085/stanley-turbocut-20-110.html
192,2471,STANLEY Scie à métaux Turbocut,11.99,EUR,false,Cdiscount.com,/go/9506869747.html?categoryId=19085&offerKey=000a2c34111d8b2606da3f230863d0d9&offerListId=2345085-DBAF0CFF7C4C4556F7EE726CA6E6485D&pos=2&price=11.99&productid=2345085&sid=29061&type=offer,0,/prix/2345085/stanley-turbocut-20-110.html
193,2471,SCIE A MÉTAUX BI MATIÈRE STANLEY 1-20-110,13.91,EUR,false,Master-outillage.com,/go/3157309283629015446.html?categoryId=19085&offerKey=ee9b3b26e01afa42444ee10a5847517e&offerListId=2345085-DBAF0CFF7C4C4556F7EE726CA6E6485D&pos=3&price=13.91&productid=2345085&sid=282706&type=offer,0,/prix/2345085/stanley-turbocut-20-110.html
194,2471,Scie à métaux turbo cut Stanley - Longueur lame 300 mm,14.57,EUR,false,ManoMano.fr,/go/6515463029.html?categoryId=19085&offerKey=d7525f9435c51f79fd480244e62e2034&offerListId=2345085-DBAF0CFF7C4C4556F7EE726CA6E6485D&pos=4&price=14.57&productid=2345085&sid=291209&type=offer,0,/prix/2345085/stanley-turbocut-20-110.html
195,2471,SCIE A METAUX BIMATIERE TURBOCUT,15.02,EUR,false,Comptoirdespros.com,/go/3254716684721717501.html?categoryId=19085&offerKey=89b510ffcfc789bb9fb0a044d2ec5329&offerListId=2345085-DBAF0CFF7C4C4556F7EE726CA6E6485D&pos=5&price=15.02&productid=2345085&sid=283959&type=offer,0,/prix/2345085/stanley-turbocut-20-110.html
196,2471,"
document.getElementById(""result-5-offerinfo"").title = document.getElementById(""result-5-offerinfo"").innerHTML = idealoApp.getContents('$E2?=6J `\\a_\\``_ %FC3@4FE $4:6 U28C2G6j \>U624FE6jE2FI 3:\>2E:6C6 b__ \>\>');
",15.83,EUR,false,Mon Magasin General,/go/3267045047087925561.html?categoryId=19085&offerKey=744df925b7e4dd9cc6194e2a7efd8aec&offerListId=2345085-DBAF0CFF7C4C4556F7EE726CA6E6485D&pos=6&price=15.83&productid=2345085&sid=24573&type=offer,0,/prix/2345085/stanley-turbocut-20-110.html
197,2471,Scie à métaux Turbocut,15.83,EUR,false,Rakuten.com FR,/go/1142499690.html?categoryId=19085&offerKey=34c74f56a1e895059ae328a287c3c03b&offerListId=2345085-DBAF0CFF7C4C4556F7EE726CA6E6485D&pos=7&price=15.83&productid=2345085&sid=26246&type=offer,0,/prix/2345085/stanley-turbocut-20-110.html
198,2471,Scie à métaux bimatière turbocut stanley,17.2,EUR,false,Alexis-robert-bricolage.com,/go/3222599234985402907.html?categoryId=19085&offerKey=dd3e781553c8dd560bdeb83b46afe85c&offerListId=2345085-DBAF0CFF7C4C4556F7EE726CA6E6485D&pos=8&price=17.20&productid=2345085&sid=288310&type=offer,0,/prix/2345085/stanley-turbocut-20-110.html
199,2471,Stanley Scie à métaux turbo cut Longueur lame 300mm,20.07,EUR,false,Rueducommerce.fr (Marketplace),/go/3213757653148765700.html?categoryId=19085&offerKey=33e09a4f4d10643ba38bd70580c4be8e&offerListId=2345085-DBAF0CFF7C4C4556F7EE726CA6E6485D&pos=9&price=20.07&productid=2345085&sid=25482&type=offer,0,/prix/2345085/stanley-turbocut-20-110.html
200,2471,Stanley Scie à métaux turbo cut Longueur lame 300mm,20.54,EUR,false,Rueducommerce.fr (Marketplace),/go/3213757823854849748.html?categoryId=19085&offerKey=9631ff8bcbe1ad158b40480b51c75dc5&offerListId=2345085-DBAF0CFF7C4C4556F7EE726CA6E6485D&pos=10&price=20.54&productid=2345085&sid=25482&type=offer,0,/prix/2345085/stanley-turbocut-20-110.html
201,2471,Stanley Scie à métaux turbo cut Longueur lame 300mm,21.15,EUR,false,Rueducommerce.fr (Marketplace),/go/3213754137904679784.html?categoryId=19085&offerKey=be3ce60e3c0141471338ab3e2e1fe341&offerListId=2345085-DBAF0CFF7C4C4556F7EE726CA6E6485D&pos=11&price=21.15&productid=2345085&sid=25482&type=offer,0,/prix/2345085/stanley-turbocut-20-110.html
202,2471,Outil pour couper et débiter le bois STANLEY STANLEY - Scie à métaux Turbocut,21.27,EUR,false,Darty.com (Marketplace),/go/3238317121737852333.html?categoryId=19085&offerKey=9490e686376a8ba73689395b01f8d5bd&offerListId=2345085-DBAF0CFF7C4C4556F7EE726CA6E6485D&pos=12&price=21.27&productid=2345085&sid=316364&type=offer,0,/prix/2345085/stanley-turbocut-20-110.html
203,2471,Stanley Scie à métaux turbo cut Longueur lame 300mm,21.6,EUR,false,Rueducommerce.fr (Marketplace),/go/3213755958563977408.html?categoryId=19085&offerKey=f88ae0e02103eacab9fe958897593483&offerListId=2345085-DBAF0CFF7C4C4556F7EE726CA6E6485D&pos=13&price=21.60&productid=2345085&sid=25482&type=offer,0,/prix/2345085/stanley-turbocut-20-110.html
204,2471,STANLEY Scie - MTX Turbocut,21.8,EUR,false,Home-boulevard.com,/go/9661201971.html?categoryId=19085&offerKey=8123d5a01fc046cd68b74e44310a10f8&offerListId=2345085-DBAF0CFF7C4C4556F7EE726CA6E6485D&pos=14&price=21.80&productid=2345085&sid=280884&type=offer,0,/prix/2345085/stanley-turbocut-20-110.html
205,2471,Stanley Scie à métaux turbo cut Longueur lame 300mm,21.9,EUR,false,Rueducommerce.fr (Marketplace),/go/3264070969899090126.html?categoryId=19085&offerKey=173e55121ce9df279dd4392b4da5d991&offerListId=2345085-DBAF0CFF7C4C4556F7EE726CA6E6485D&pos=15&price=21.90&productid=2345085&sid=25482&type=offer,0,/prix/2345085/stanley-turbocut-20-110.html
