,index_data,product_name,product_price,currency,voucher,shop_name,url_origin,url_image,id_page
0,11645,"Metabo KFMPB 15-10 F Af­fleu­reuses, Coffret en tôle d'acier - 601755500",1872.4,EUR,false,Mytoolstore.fr,/go/3229324292904714312.html?categoryId=3750&offerKey=934e51712533aeb199f34256fea00719&offerListId=5395463-E998BC3A8B47B22271AA7DF1BCAF4016&pos=1&price=1872.40&productid=5395463&sid=29224&type=offer,0,/prix/5395463/metabo-kfmpb-15-10-f-601755500.html
1,11645,Metabo KFMPB 15-10 F (601755500) AF­FLEU­REUSES,1873.48,EUR,false,ManoMano.fr,/go/3214468795974290276.html?categoryId=3750&offerKey=2c98efc052f2d12c63ad646a6aa41fad&offerListId=5395463-E998BC3A8B47B22271AA7DF1BCAF4016&pos=2&price=1873.48&productid=5395463&sid=291209&type=offer,0,/prix/5395463/metabo-kfmpb-15-10-f-601755500.html
2,11645,"
document.getElementById(""result-2-offerinfo"").title = document.getElementById(""result-2-offerinfo"").innerHTML = idealoApp.getContents('|6E23@ `dd_ ( 3@C5D sU624FE6j7@?46FD6 \<7\>A3 `d\\`_ u[ ` A:U68C2G6j46[ e_`fddd__');
",1895.24,EUR,false,RUBART,/go/3150613467004677334.html?categoryId=3750&offerKey=540519f08dc5d1c13c948a1f711fb33e&offerListId=5395463-E998BC3A8B47B22271AA7DF1BCAF4016&pos=3&price=1895.24&productid=5395463&sid=24573&type=offer,0,/prix/5395463/metabo-kfmpb-15-10-f-601755500.html
3,11645,"Metabo KFMPB 15-10 F Af­fleu­reuses, Coffret en tôle d'acier - 601755500",1911.43,EUR,false,Rakuten.com FR,/go/3192689217259964561.html?categoryId=3750&offerKey=35794c6515ec42f9cc8b9e688ab733ef&offerListId=5395463-E998BC3A8B47B22271AA7DF1BCAF4016&pos=4&price=1911.43&productid=5395463&sid=26246&type=offer,0,/prix/5395463/metabo-kfmpb-15-10-f-601755500.html
4,11645,"
document.getElementById(""result-4-offerinfo"").title = document.getElementById(""result-4-offerinfo"").innerHTML = idealoApp.getContents('|6E23@ zu|!q `d\\`_ u p7UD9Jj7=6FUD9JjC6FD6D[ r@77C6E 6? EU@4:C4j=6 5V24:6C \\ e_`fddd__');
",1927.17,EUR,false,mytoolstore_fr,/go/3243764230911952167.html?categoryId=3750&offerKey=5732930c310af1f0c052595e7a00d303&offerListId=5395463-E998BC3A8B47B22271AA7DF1BCAF4016&pos=5&price=1927.17&productid=5395463&sid=24572&type=offer,0,/prix/5395463/metabo-kfmpb-15-10-f-601755500.html
5,11645,Af­fleu­reuse Metabo KFMPB 15-10 F,2088.0,EUR,false,Rotopino.fr,/go/3263572511679317835.html?categoryId=3750&offerKey=0950724a65c1f8213724b8302d66c1d5&offerListId=5395463-E998BC3A8B47B22271AA7DF1BCAF4016&pos=6&price=2088.00&productid=5395463&sid=287166&type=offer,0,/prix/5395463/metabo-kfmpb-15-10-f-601755500.html
6,11645,Metabo 601755500 / KFMPB 15-10 F,2124.99,EUR,false,Fixami.fr,/go/3235106844764537114.html?categoryId=3750&offerKey=6bdd9645c010947b4f598df412cab76e&offerListId=5395463-E998BC3A8B47B22271AA7DF1BCAF4016&pos=7&price=2124.99&productid=5395463&sid=306120&type=offer,0,/prix/5395463/metabo-kfmpb-15-10-f-601755500.html
7,11645,"
document.getElementById(""result-7-offerinfo"").title = document.getElementById(""result-7-offerinfo"").innerHTML = idealoApp.getContents('|6E23@ `dd_ ( 3@C5D sU624FE6j7@?46FD6 \<7\>A3 `d\\`_ u[ ` A:U68C2G6j46[ e_`fddd__');
",2222.63,EUR,false,Amazon.fr,/go/3231541743209938999.html?categoryId=3750&offerKey=c00c14f99a764cb3e4a9a084ad204727&offerListId=5395463-E998BC3A8B47B22271AA7DF1BCAF4016&pos=8&price=2222.63&productid=5395463&sid=12003&type=offer,0,/prix/5395463/metabo-kfmpb-15-10-f-601755500.html
8,11691,Per­fo­ra­teur Burineur Makita SDS-Plus 720 Watt 23 mm modèle HR2320TSP1,217.56,EUR,false,Master-outillage.com,/go/3155423456925854097.html?categoryId=15397&offerKey=ae6cb39750d1768255368080a43fe67d&offerListId=3847206-A23137FA6478789F614617598702657D&pos=1&price=217.56&productid=3847206&sid=282706&type=offer,0,/prix/3847206/makita-hr2310tsp1.html
9,11691,Per­fo-bu­ri­neur SDS-Plus 720 W 23 mm,227.34,EUR,false,Comptoirdespros.com,/go/3226800683206314761.html?categoryId=15397&offerKey=9e41747672756bbb481e4510343802ed&offerListId=3847206-A23137FA6478789F614617598702657D&pos=2&price=227.34&productid=3847206&sid=283959&type=offer,0,/prix/3847206/makita-hr2310tsp1.html
10,11691,Per­fo-Bu­ri­neur Sds-Plus 720W 23Mm Hr2320Tsp1 Makita |,228.67,EUR,false,Clickoutil.com,/go/3221886893704618343.html?categoryId=15397&offerKey=237453f1e9b7c99f116a73575138d965&offerListId=3847206-A23137FA6478789F614617598702657D&pos=3&price=228.67&productid=3847206&sid=289388&type=offer,0,/prix/3847206/makita-hr2310tsp1.html
11,11691,Per­fo-bu­ri­neur MAKITA SDS-Plus 720 W 23 mm -HR2320TSP1,229.14,EUR,false,Bati-avenue.com,/go/3174964791632465501.html?categoryId=15397&offerKey=9c7ba80fefaa4dd82ffc7d4748d694df&offerListId=3847206-A23137FA6478789F614617598702657D&pos=4&price=229.14&productid=3847206&sid=283034&type=offer,0,/prix/3847206/makita-hr2310tsp1.html
12,11691,Makita Per­fo­ra­teur burineur SDS-Plus 720W béton Ø23mm + coffret alu + kit d'ac­ces­soires HR2320TSP1,229.14,EUR,false,Rueducommerce.fr (Marketplace),/go/3249402885739383488.html?categoryId=15397&offerKey=511432cc0b40534d2c68ff2a7e8b25d9&offerListId=3847206-A23137FA6478789F614617598702657D&pos=5&price=229.14&productid=3847206&sid=25482&type=offer,0,/prix/3847206/makita-hr2310tsp1.html
13,11691,Makita Per­fo­ra­teur burineur SDS-Plus 720W béton Ø23mm + coffret alu + kit d'ac­ces­soires HR2320TSP1,267.18,EUR,false,Rueducommerce.fr (Marketplace),/go/3214442014210796597.html?categoryId=15397&offerKey=97593acc65b17381f1ddd4627b518474&offerListId=3847206-A23137FA6478789F614617598702657D&pos=6&price=267.18&productid=3847206&sid=25482&type=offer,0,/prix/3847206/makita-hr2310tsp1.html
14,11691,Per­fo-bu­ri­neur SDS-Plus 720 W 23 mm MAKITA - HR2320TSP1,367.49,EUR,false,Maxoutil.com,/go/3256020826478087009.html?categoryId=15397&offerKey=447aa85f52481b7c59f6a369f90756d4&offerListId=3847206-A23137FA6478789F614617598702657D&pos=7&price=367.49&productid=3847206&sid=254364&type=offer,0,/prix/3847206/makita-hr2310tsp1.html
15,11709,"DeWalt DW621KT-QS, Routeur",349.0,EUR,false,Alternate.fr,/go/3252319417836504377.html?categoryId=3750&offerKey=34dbac4ee7cf211109027581a9b81817&offerListId=4893999-0AD41B6D1DEFE2A223B2331C34FB3DF6&pos=1&price=349.00&productid=4893999&sid=291809&type=offer,0,/prix/4893999/dewalt-dw621kt.html
16,11709,"
document.getElementById(""result-1-offerinfo"").title = document.getElementById(""result-1-offerinfo"").innerHTML = idealoApp.getContents('s6(2=E s(ea`z%\\\""$');
",356.99,EUR,false,Amazon.fr,/go/7662946867.html?categoryId=3750&offerKey=54fad113ba513d9e15712cdeab8f8739&offerListId=4893999-0AD41B6D1DEFE2A223B2331C34FB3DF6&pos=2&price=356.99&productid=4893999&sid=12003&type=offer,0,/prix/4893999/dewalt-dw621kt.html
17,11709,Défonceuse DeWalt DW621KT,369.0,EUR,false,Rotopino.fr,/go/3189951181768112757.html?categoryId=3750&offerKey=f4aef911593be8f9d52b9334f68ce686&offerListId=4893999-0AD41B6D1DEFE2A223B2331C34FB3DF6&pos=3&price=369.00&productid=4893999&sid=287166&type=offer,0,/prix/4893999/dewalt-dw621kt.html
18,11709,DeWalt DW621KT Défonceuse dans TSTAK - 1100W - 8mm,377.99,EUR,false,Fixami.fr,/go/3235106645155513613.html?categoryId=3750&offerKey=588bbb417672de74199483f8d7fd80c0&offerListId=4893999-0AD41B6D1DEFE2A223B2331C34FB3DF6&pos=4&price=377.99&productid=4893999&sid=306120&type=offer,0,/prix/4893999/dewalt-dw621kt.html
19,11709,Dewalt Dw621KT Défonceuse Ø6-8mm 1100W guide parallèle à réglage coffret T-stak,398.11,EUR,false,Rueducommerce.fr (Marketplace),/go/3213757057907827671.html?categoryId=3750&offerKey=78e035674f8f358c0d472b7ba13dadde&offerListId=4893999-0AD41B6D1DEFE2A223B2331C34FB3DF6&pos=5&price=398.11&productid=4893999&sid=25482&type=offer,0,/prix/4893999/dewalt-dw621kt.html
20,11709,Dewalt Dw621KT Défonceuse Ø6-8mm 1100W guide parallèle à réglage coffret T-stak,399.47,EUR,false,Rueducommerce.fr (Marketplace),/go/3213757070010492178.html?categoryId=3750&offerKey=49b2a9ff9c21ff9051ebf24ff3fa5fb4&offerListId=4893999-0AD41B6D1DEFE2A223B2331C34FB3DF6&pos=6&price=399.47&productid=4893999&sid=25482&type=offer,0,/prix/4893999/dewalt-dw621kt.html
21,11709,DeWALT DW621KT Défonceuse Ø6-8mm 1100W guide parallèle à réglage coffret T-Stak,405.86,EUR,false,Rakuten.com FR,/go/9802885334.html?categoryId=3750&offerKey=d635fcd976f6b85ce2277104f33c19ec&offerListId=4893999-0AD41B6D1DEFE2A223B2331C34FB3DF6&pos=7&price=405.86&productid=4893999&sid=26246&type=offer,0,/prix/4893999/dewalt-dw621kt.html
22,11709,Dewalt Dw621KT Défonceuse Ø6-8mm 1100W guide parallèle à réglage coffret T-stak,424.86,EUR,false,Rueducommerce.fr (Marketplace),/go/3267512897451852201.html?categoryId=3750&offerKey=734afd610a117b9a0ba17b32898ea4e7&offerListId=4893999-0AD41B6D1DEFE2A223B2331C34FB3DF6&pos=8&price=424.86&productid=4893999&sid=25482&type=offer,0,/prix/4893999/dewalt-dw621kt.html
23,11709,Défonceuse DeWalt DW621KT,428.39,EUR,false,Ubaldi.com (Marketplace),/go/3221509589958664298.html?categoryId=3750&offerKey=83998a8b4360d5bfdb57f6dc6c055c71&offerListId=4893999-0AD41B6D1DEFE2A223B2331C34FB3DF6&pos=9&price=428.39&productid=4893999&sid=316737&type=offer,0,/prix/4893999/dewalt-dw621kt.html
24,11709,Connec­tique interne Dewalt D_ecute_fon­ceuse dewalt dw621kt,432.09,EUR,false,Darty.com (Marketplace),/go/3219855442920350960.html?categoryId=3750&offerKey=a6b0ec7325784183ba39e694da3ae2de&offerListId=4893999-0AD41B6D1DEFE2A223B2331C34FB3DF6&pos=10&price=432.09&productid=4893999&sid=316364&type=offer,0,/prix/4893999/dewalt-dw621kt.html
25,11709,Dewalt Dw621KT Défonceuse Ø6-8mm 1100W guide parallèle à réglage coffret T-stak,467.56,EUR,false,Rueducommerce.fr (Marketplace),/go/3213756259350098289.html?categoryId=3750&offerKey=b9d8faebff28014f2370ddc36274a898&offerListId=4893999-0AD41B6D1DEFE2A223B2331C34FB3DF6&pos=11&price=467.56&productid=4893999&sid=25482&type=offer,0,/prix/4893999/dewalt-dw621kt.html
26,11709,Dewalt Dw621KT Défonceuse Ø6-8mm 1100W guide parallèle à réglage coffret T-stak,536.87,EUR,false,Rueducommerce.fr (Marketplace),/go/3253253192122630984.html?categoryId=3750&offerKey=066451c8d5c9782381a5b171e9e2db80&offerListId=4893999-0AD41B6D1DEFE2A223B2331C34FB3DF6&pos=12&price=536.87&productid=4893999&sid=25482&type=offer,0,/prix/4893999/dewalt-dw621kt.html
27,11719,"
document.getElementById(""result-0-offerinfo"").title = document.getElementById(""result-0-offerinfo"").innerHTML = idealoApp.getContents('q@D49 qFC:? |2CE62F |2CE62F U28C2G6j !6C4FDD:@? vD9 `` t |2=6EE6');
",509.24,EUR,false,baumarkt-hamm,/go/3252165988933697995.html?categoryId=15397&offerKey=4195e97c68b28f630a2555f49240502b&offerListId=282394-9F658704EE68A263C319E5A9DEAF8273&pos=1&price=509.24&productid=282394&sid=24572&type=offer,0,/prix/282394/bosch-gsh-11-e-professional-0-611-316-703.html
28,11719,"
document.getElementById(""result-1-offerinfo"").title = document.getElementById(""result-1-offerinfo"").innerHTML = idealoApp.getContents('q@D49 !C@UD9Jj76DUD9JjD:@UD9Jj?2= |2CE62F !:BF6FC `` \<8 $s$\\\>2I v$w `` t e``b`ef_b');
",527.9,EUR,false,Baumarkt Bender,/go/3262068044800722013.html?categoryId=15397&offerKey=24121942ad7f97cfdafc26490df35b3f&offerListId=282394-9F658704EE68A263C319E5A9DEAF8273&pos=2&price=527.90&productid=282394&sid=24573&type=offer,0,/prix/282394/bosch-gsh-11-e-professional-0-611-316-703.html
29,11719,"Bosch GSH 11 E Pro­fes­sio­nal Marteau Piqueur 11 kg 16,8 joules SDS-max 0611316703",552.9,EUR,false,ManoMano.fr,/go/9659199723.html?categoryId=15397&offerKey=dbe71b856aac9e2c8ef95c000c665483&offerListId=282394-9F658704EE68A263C319E5A9DEAF8273&pos=3&price=552.90&productid=282394&sid=291209&type=offer,0,/prix/282394/bosch-gsh-11-e-professional-0-611-316-703.html
30,11719,Brise-bé­ton marteau piqueur SDS-Max 10.1Kg GSH 11 E BOSCH 0611316703,553.5,EUR,false,Rakuten.com FR,/go/8358760533.html?categoryId=15397&offerKey=ffd2ae69f7bb599e754e8289744f1c25&offerListId=282394-9F658704EE68A263C319E5A9DEAF8273&pos=4&price=553.50&productid=282394&sid=26246&type=offer,0,/prix/282394/bosch-gsh-11-e-professional-0-611-316-703.html
31,11719,Bosch Mar­teau-pi­queur SDS-max GSH 11 E Pro­fes­sio­nal,553.5,EUR,false,Rueducommerce.fr (Marketplace),/go/3219187425494439586.html?categoryId=15397&offerKey=ef1ee9c15dc2974db745044f7c31a883&offerListId=282394-9F658704EE68A263C319E5A9DEAF8273&pos=5&price=553.50&productid=282394&sid=25482&type=offer,0,/prix/282394/bosch-gsh-11-e-professional-0-611-316-703.html
32,11719,Bosch GSH 11 E Marteau piqueur dans coffre - 1500W - 16.8J,589.99,EUR,false,Fixami.fr,/go/3235106641722476403.html?categoryId=15397&offerKey=28808c55905e99af69aca95adf66cde2&offerListId=282394-9F658704EE68A263C319E5A9DEAF8273&pos=6&price=589.99&productid=282394&sid=306120&type=offer,0,/prix/282394/bosch-gsh-11-e-professional-0-611-316-703.html
33,11719,Bosch Mar­teau-pi­queur SDS-max GSH 11 E Pro­fes­sio­nal,590.21,EUR,false,Rueducommerce.fr (Marketplace),/go/3213755903069129366.html?categoryId=15397&offerKey=5b85b7431df8abb605c7522e780767a3&offerListId=282394-9F658704EE68A263C319E5A9DEAF8273&pos=7&price=590.21&productid=282394&sid=25482&type=offer,0,/prix/282394/bosch-gsh-11-e-professional-0-611-316-703.html
34,11719,Bosch Marteau piqueur 11 kg SDS-max GSH 11 E,641.6,EUR,false,Mytoolstore.fr,/go/3229324283085848596.html?categoryId=15397&offerKey=c2dfa2d541b3312f8f8d2c841236f05b&offerListId=282394-9F658704EE68A263C319E5A9DEAF8273&pos=8&price=641.60&productid=282394&sid=29224&type=offer,0,/prix/282394/bosch-gsh-11-e-professional-0-611-316-703.html
35,11719,Bosch Mar­teau-pi­queur SDS-max GSH 11 E Pro­fes­sio­nal,648.14,EUR,false,Rueducommerce.fr (Marketplace),/go/3215709285398887000.html?categoryId=15397&offerKey=228b3e74bc32974d579b5c0c43935a45&offerListId=282394-9F658704EE68A263C319E5A9DEAF8273&pos=9&price=648.14&productid=282394&sid=25482&type=offer,0,/prix/282394/bosch-gsh-11-e-professional-0-611-316-703.html
36,11719,Bosch burineur piqueur sds-max 17 joules gsh11e - 0611316703,652.68,EUR,false,Guedo-outillage.fr,/go/3236919984600908817.html?categoryId=15397&offerKey=281f12b93a3313db9044f636093c4139&offerListId=282394-9F658704EE68A263C319E5A9DEAF8273&pos=10&price=652.68&productid=282394&sid=69278&type=offer,0,/prix/282394/bosch-gsh-11-e-professional-0-611-316-703.html
37,11719,Marteau piqueure Bosch GSH 11 E Pro­fes­sio­nal,658.21,EUR,false,Ubaldi.com (Marketplace),/go/3221509586513039855.html?categoryId=15397&offerKey=90f91311c3a0a1b4336970addda88988&offerListId=282394-9F658704EE68A263C319E5A9DEAF8273&pos=11&price=658.21&productid=282394&sid=316737&type=offer,0,/prix/282394/bosch-gsh-11-e-professional-0-611-316-703.html
38,11719,Marteau piqueur Bosch pro 11 kg SDS-max GSH 11 E 0611316703,690.52,EUR,false,Master-outillage.com,/go/3155431873195286270.html?categoryId=15397&offerKey=49de651486d242d21365cd327b967b55&offerListId=282394-9F658704EE68A263C319E5A9DEAF8273&pos=12&price=690.52&productid=282394&sid=282706&type=offer,0,/prix/282394/bosch-gsh-11-e-professional-0-611-316-703.html
39,11719,"Marteau burineur Bosch GSH11E Pro­fes­sio­nal, 1500W Nouveau",769.48,EUR,false,Heiz24.de (FR),/go/3256641890337948670.html?categoryId=15397&offerKey=ed6691724550b2ef1074b04db7bbd098&offerListId=282394-9F658704EE68A263C319E5A9DEAF8273&pos=13&price=769.48&productid=282394&sid=287343&type=offer,0,/prix/282394/bosch-gsh-11-e-professional-0-611-316-703.html
40,11719,Mar­teau-pi­queur GSH 11 E Bosch Pro­fes­sio­nal,797.27,EUR,false,Mabeo-direct.com,/go/4461533311.html?categoryId=15397&offerKey=23d6ad9da61e78c6021133ac13d1e17f&offerListId=282394-9F658704EE68A263C319E5A9DEAF8273&pos=14&price=797.27&productid=282394&sid=297509&type=offer,0,/prix/282394/bosch-gsh-11-e-professional-0-611-316-703.html
41,11768,"
document.getElementById(""result-0-offerinfo"").title = document.getElementById(""result-0-offerinfo"").innerHTML = idealoApp.getContents('u6DE@@= 2\<UD9Jj\<F\\56=UD9JjE2UD9JjD49=6:UD9Jj76C s%$r c__ {:\\q2D:4 a_`dae');
",301.71,EUR,false,autorefinish,/go/3243651486558716562.html?categoryId=3706&offerKey=87e3666c45857b4b8e795eb0f7d489ec&offerListId=5702803-62D62A414D6F6678DF474C624B6F0792&pos=1&price=301.71&productid=5702803&sid=24572&type=offer,0,/prix/5702803/festool-dtsc-400-li-basic-201526.html
42,11768,Ponceuse Delta hybride DTSC 400 Li-Basic,307.13,EUR,false,Comptoirdespros.com,/go/3226800641359743118.html?categoryId=3706&offerKey=53fd640aed7d00ae755e7a356528a2a0&offerListId=5702803-62D62A414D6F6678DF474C624B6F0792&pos=2&price=307.13&productid=5702803&sid=283959&type=offer,0,/prix/5702803/festool-dtsc-400-li-basic-201526.html
43,11768,Ponceuse Delta Sans Fil Dtsc 400 Li-Basic Festool | - 201526,308.0,EUR,false,Clickoutil.com,/go/3221886837559659383.html?categoryId=3706&offerKey=db1bf73891ff0356b5a80c5719a701db&offerListId=5702803-62D62A414D6F6678DF474C624B6F0792&pos=3&price=308.00&productid=5702803&sid=289388&type=offer,0,/prix/5702803/festool-dtsc-400-li-basic-201526.html
44,11768,Festool DTSC 400 Li-Basic 18V Ponceuse Delta hybride sans fil avec boîtier Systainer - sans Batterie ni Chargeur ( 201526 ),312.34,EUR,false,Rakuten.com FR,/go/3219511609139400785.html?categoryId=3706&offerKey=8bbe69b8b9383e24e6a4a79f6a9cef95&offerListId=5702803-62D62A414D6F6678DF474C624B6F0792&pos=4&price=312.34&productid=5702803&sid=26246&type=offer,0,/prix/5702803/festool-dtsc-400-li-basic-201526.html
45,11768,"
document.getElementById(""result-4-offerinfo"").title = document.getElementById(""result-4-offerinfo"").innerHTML = idealoApp.getContents('u6DE@@= s%$r c__ `g \' {:UD9JjE9:F\>\\x@? W{:\\x@?X ~C3:E2= $2?56C \\ $2?D u:= $2?56CD W~C3:E2= $2?56C[ G6=4C@[ EC:2?8=6[ e___ EC^\>:?[ `____ EC^\>:?[ a]d \>^DUDFAajX');
",319.9,EUR,false,ferramentacioni,/go/3262026991810904726.html?categoryId=3706&offerKey=37bda8b33372eaf7d5f4ecffc9f2b0a9&offerListId=5702803-62D62A414D6F6678DF474C624B6F0792&pos=5&price=319.90&productid=5702803&sid=24573&type=offer,0,/prix/5702803/festool-dtsc-400-li-basic-201526.html
46,11768,Festool Ponceuse Delta hybride DTSC 400 Li-Basic - 201526,381.48,EUR,false,ManoMano.fr,/go/3202673555959460194.html?categoryId=3706&offerKey=d8435b86c07ced3126002c6c70d8daa4&offerListId=5702803-62D62A414D6F6678DF474C624B6F0792&pos=6&price=381.48&productid=5702803&sid=291209&type=offer,0,/prix/5702803/festool-dtsc-400-li-basic-201526.html
47,11768,Festool Ponceuse Delta hybride DTSC 400 Li-Basic - 201526,381.48,EUR,false,Mytoolstore.fr,/go/3266804349596075775.html?categoryId=3706&offerKey=a652883ae3ec6a6b8abcc5eb8a68bd94&offerListId=5702803-62D62A414D6F6678DF474C624B6F0792&pos=7&price=381.48&productid=5702803&sid=29224&type=offer,0,/prix/5702803/festool-dtsc-400-li-basic-201526.html
48,11769,Metabo KFM 16-15 F (601753500) AF­FLEU­REUSES,2091.72,EUR,false,ManoMano.fr,/go/3193059653768459873.html?categoryId=3750&offerKey=b5a5684cf5932a3be2a5e8e96e48361c&offerListId=5395507-AB8D8D80DDA1341044D4CC1FEB3898F0&pos=1&price=2091.72&productid=5395507&sid=291209&type=offer,0,/prix/5395507/metabo-kfm-16-15-f-601753500.html
49,11769,"
document.getElementById(""result-1-offerinfo"").title = document.getElementById(""result-1-offerinfo"").innerHTML = idealoApp.getContents('|6E23@ `e__ ( 3@C5D sU624FE6j7@?46FD6 zu| `e\\`d u[ ` A:U68C2G6j46[ e_`fdbd__');
",2156.87,EUR,false,RUBART,/go/3150613460581100127.html?categoryId=3750&offerKey=16782a0ada43b2fab14ad0c173d1bba9&offerListId=5395507-AB8D8D80DDA1341044D4CC1FEB3898F0&pos=2&price=2156.87&productid=5395507&sid=24573&type=offer,0,/prix/5395507/metabo-kfm-16-15-f-601753500.html
50,11769,Metabo Af­fleu­reuse à métaux 1600W Kmf 16-15 F - 601753500,2171.26,EUR,false,Rueducommerce.fr (Marketplace),/go/3234047900992407500.html?categoryId=3750&offerKey=ac67be1651ceb7425c2baa0fedac6283&offerListId=5395507-AB8D8D80DDA1341044D4CC1FEB3898F0&pos=3&price=2171.26&productid=5395507&sid=25482&type=offer,0,/prix/5395507/metabo-kfm-16-15-f-601753500.html
51,11769,"Metabo KFM 16-15 F Af­fleu­reuses, Coffret en tôle d'acier - 601753500",2179.14,EUR,false,Rakuten.com FR,/go/3192875655079410416.html?categoryId=3750&offerKey=8699ae50ed97acaf8d6dd1a16bb513f7&offerListId=5395507-AB8D8D80DDA1341044D4CC1FEB3898F0&pos=4&price=2179.14&productid=5395507&sid=26246&type=offer,0,/prix/5395507/metabo-kfm-16-15-f-601753500.html
52,11769,"
document.getElementById(""result-4-offerinfo"").title = document.getElementById(""result-4-offerinfo"").innerHTML = idealoApp.getContents('|6E23@ e_`fdbd__ h__H z7\> `e\\`d u q6G6==:?8 ~FE:= ac_G');
",2238.01,EUR,false,folkestonefixings,/go/3267010867694143176.html?categoryId=3750&offerKey=0c3d232986f929e1196926131a574b38&offerListId=5395507-AB8D8D80DDA1341044D4CC1FEB3898F0&pos=5&price=2238.01&productid=5395507&sid=24572&type=offer,0,/prix/5395507/metabo-kfm-16-15-f-601753500.html
53,11769,Af­fleu­reuse Metabo KFM 16-15 F,2256.0,EUR,false,Rotopino.fr,/go/3263572511824021324.html?categoryId=3750&offerKey=efefb0a1593834c4896db41deecfedf7&offerListId=5395507-AB8D8D80DDA1341044D4CC1FEB3898F0&pos=6&price=2256.00&productid=5395507&sid=287166&type=offer,0,/prix/5395507/metabo-kfm-16-15-f-601753500.html
54,11769,"Metabo KFM 16-15 F Af­fleu­reuses, Coffret en tôle d'acier - 601753500",2256.9,EUR,false,Mytoolstore.fr,/go/3229324292866968020.html?categoryId=3750&offerKey=ff97385de1fd5073c128bd0f991613eb&offerListId=5395507-AB8D8D80DDA1341044D4CC1FEB3898F0&pos=7&price=2256.90&productid=5395507&sid=29224&type=offer,0,/prix/5395507/metabo-kfm-16-15-f-601753500.html
55,11769,Metabo af­fleu­reuse à métaux 1600w kmf 16-15 f - 601753500,2268.0,EUR,false,Guedo-outillage.fr,/go/9510338961.html?categoryId=3750&offerKey=061b99c44dbced8bac554b42fa9daaa8&offerListId=5395507-AB8D8D80DDA1341044D4CC1FEB3898F0&pos=8&price=2268.00&productid=5395507&sid=69278&type=offer,0,/prix/5395507/metabo-kfm-16-15-f-601753500.html
56,11769,Metabo 601753500 / KFM 16-15 F,2329.99,EUR,false,Fixami.fr,/go/3235106846163339842.html?categoryId=3750&offerKey=9e8bca1b8eb4ec438ce679a7fe0d3a47&offerListId=5395507-AB8D8D80DDA1341044D4CC1FEB3898F0&pos=9&price=2329.99&productid=5395507&sid=306120&type=offer,0,/prix/5395507/metabo-kfm-16-15-f-601753500.html
