,index_data,product_name,product_price,currency,voucher,shop_name,url_origin,url_image,id_page
0,2502,3M COMMAND Crochet clear déco clip - Transparent,2.87,EUR,false,Cdiscount.com,/go/3242270358478259319.html?price=2.87&sid=29061&type=oc_offer,0,/type/4046711601286.html
1,2502,Set de 20 crochets déco clip Command Transparent,2.99,EUR,false,Fnac.com,/go/3259745333506212829.html?price=2.99&sid=25536&type=oc_offer,0,/type/4046711601286.html
2,2502,3M COMMAND Crochet clear déco clip - Transparent,5.5,EUR,false,ManoMano.fr,/go/3210391776212825827.html?price=5.50&sid=291209&type=oc_offer,0,/type/4046711601286.html
3,2502,"Crochets 3M Command déco clip transparents, 20 clips 24 languettes",6.0,EUR,false,Rakuten.com FR (Occasion),/go/3219131475144222238.html?price=6.00&sid=277809&type=oc_offer,0,/type/4046711601286.html
4,2502,"Crochets 3M Command déco clip transparents, 20 clips 24 languettes",8.21,EUR,false,Rakuten.com FR,/go/3185473972133180548.html?price=8.21&sid=26246&type=oc_offer,0,/type/4046711601286.html
5,2502,Porte serviette 3m 3m command crochet clear déco clip - transparent,9.0,EUR,false,Darty.com (Marketplace),/go/3208673907691231741.html?price=9.00&sid=316364&type=oc_offer,0,/type/4046711601286.html
6,2509,SIKA Scellement chimique rapide - Ton pierre Kit,20.4,EUR,false,Rakuten.com FR,/go/3168609236435349502.html?price=20.40&sid=26246&type=oc_offer,0,/type/7612894870114.html
7,2509,Kit scellement chimique rapide SIKA Anchorfix 1 Evolution - Ton pierre,27.9,EUR,false,ManoMano.fr,/go/3212998027014833340.html?price=27.90&sid=291209&type=oc_offer,0,/type/7612894870114.html
8,2509,"Sika Anchorfix, Kit de scellement chimique, Ton pierre",27.9,EUR,false,,/go/3255765099786274145.html?price=27.90&sid=24573&type=oc_offer,0,/type/7612894870114.html
9,2509,Kit scellement chimique rapide SIKA Anchorfix 1 Evolution,27.9,EUR,false,Ubaldi.com (Marketplace),/go/3222693904543395564.html?price=27.90&sid=316737&type=oc_offer,0,/type/7612894870114.html
10,2538,PINCE UNI­VER­SELLE ISOLÉE 1000V,13.1,EUR,false,Comptoirdespros.com,/go/3254686434384151400.html?categoryId=19084&offerKey=df171567d57e0d32d13afb3f0bd66344&offerListId=2345119-4584B047C884D3086AD93A422F892A43&pos=1&price=13.10&productid=2345119&sid=283959&type=offer,0,/prix/2345119/stanley-84-001.html
11,2538,"
document.getElementById(""result-1-offerinfo"").title = document.getElementById(""result-1-offerinfo"").innerHTML = idealoApp.getContents('$E2?=6J _gc__` \'st !:?46 F?:UD9JjG6CUD9JjD6==6 `g_\>\> Wx\>A@CE vC2?56 qC6E28?6X');
",15.35,EUR,false,,/go/8675303355.html?categoryId=19084&offerKey=3e260f81973c76130564cf359d878cb2&offerListId=2345119-4584B047C884D3086AD93A422F892A43&pos=2&price=15.35&productid=2345119&sid=24573&type=offer,0,/prix/2345119/stanley-84-001.html
12,2538,"
document.getElementById(""result-2-offerinfo"").title = document.getElementById(""result-2-offerinfo"").innerHTML = idealoApp.getContents('$E2?=6J _gc__` \'st !:?46 F?:UD9JjG6CUD9JjD6==6 `g_\>\> Wx\>A@CE vC2?56 qC6E28?6X');
",16.0,EUR,false,Amazon.fr,/go/7352443761.html?categoryId=19084&offerKey=96803157fc08cfd40740fa90a55c53d6&offerListId=2345119-4584B047C884D3086AD93A422F892A43&pos=3&price=16.00&productid=2345119&sid=12003&type=offer,0,/prix/2345119/stanley-84-001.html
13,2538,Pinza 1000v isolé 175mm 084001,19.62,EUR,false,ManoMano.fr,/go/3149894711395746921.html?categoryId=19084&offerKey=84a9db2982a418c0291bc5ec4e2ed5dc&offerListId=2345119-4584B047C884D3086AD93A422F892A43&pos=4&price=19.62&productid=2345119&sid=291209&type=offer,0,/prix/2345119/stanley-84-001.html
14,2538,STANLEY Pinces Uni­ver­selles Isolées 1000V MaxSteel® 0-84001,21.8,EUR,false,Rueducommerce.fr (Marketplace),/go/3213751734646094661.html?categoryId=19084&offerKey=5e381938195eabee41dcfe784a31f323&offerListId=2345119-4584B047C884D3086AD93A422F892A43&pos=5&price=21.80&productid=2345119&sid=25482&type=offer,0,/prix/2345119/stanley-84-001.html
15,2538,STANLEY Pince uni­ver­selle 185mm isolée 1000V,22.4,EUR,false,Rakuten.com FR,/go/4153116611.html?categoryId=19084&offerKey=492139735afa968c424d709b035fb7fa&offerListId=2345119-4584B047C884D3086AD93A422F892A43&pos=6&price=22.40&productid=2345119&sid=26246&type=offer,0,/prix/2345119/stanley-84-001.html
16,2538,Pince uni­ver­selle isolée 1000V - Stanley A193629,23.22,EUR,false,Manutan.fr,/go/3206151721430557206.html?categoryId=19084&offerKey=2a1cc937fec73afc408af4a8b5748a95&offerListId=2345119-4584B047C884D3086AD93A422F892A43&pos=7&price=23.22&productid=2345119&sid=61993&type=offer,0,/prix/2345119/stanley-84-001.html
17,2538,Stanley Pince Uni­ver­selle Isolee 1000V - 175 mm,23.24,EUR,false,Mytoolstore.fr,/go/3228077589111245754.html?categoryId=19084&offerKey=8e9aaf3d8aea7b022350870984770dcd&offerListId=2345119-4584B047C884D3086AD93A422F892A43&pos=8&price=23.24&productid=2345119&sid=29224&type=offer,0,/prix/2345119/stanley-84-001.html
18,2538,STANLEY Pinces Uni­ver­selles Isolées 1000V MaxSteel® 0-84001,28.78,EUR,false,Rueducommerce.fr (Marketplace),/go/3243058919832027659.html?categoryId=19084&offerKey=460509b2467234bcead56233504d14be&offerListId=2345119-4584B047C884D3086AD93A422F892A43&pos=9&price=28.78&productid=2345119&sid=25482&type=offer,0,/prix/2345119/stanley-84-001.html
19,2538,STANLEY Pinces Uni­ver­selles Isolées 1000V MaxSteel® 0-84001,29.7,EUR,false,Rueducommerce.fr (Marketplace),/go/3213754050558305661.html?categoryId=19084&offerKey=7d99ec231353094f495203d3dba7cee0&offerListId=2345119-4584B047C884D3086AD93A422F892A43&pos=10&price=29.70&productid=2345119&sid=25482&type=offer,0,/prix/2345119/stanley-84-001.html
20,2547,Accu Li-Ion AEG L1850R 18V PRO - 5.0Ah,109.99,EUR,false,Fixami.fr,/go/3258600534036185861.html?categoryId=18715&offerKey=025ec61145f57a27b74696b992ccf7cd&offerListId=5790988-3F8C100C8574B73B98230EFEDF877AA1&pos=1&price=109.99&productid=5790988&sid=306120&type=offer,0,/prix/5790988/aeg-l1850r-pro-li-ion-18v-5-0-ah.html
21,2547,"
document.getElementById(""result-1-offerinfo"").title = document.getElementById(""result-1-offerinfo"").innerHTML = idealoApp.getContents('q2EE6C:6 ptv !~(t#%~~{$ {:UD9JjE9:F\>\\:@?[ `g \'');
",125.96,EUR,false,,/go/3259294562134264537.html?categoryId=18715&offerKey=6b67bc5f64b4116a4fa69e27b4eed79b&offerListId=5790988-3F8C100C8574B73B98230EFEDF877AA1&pos=2&price=125.96&productid=5790988&sid=24573&type=offer,0,/prix/5790988/aeg-l1850r-pro-li-ion-18v-5-0-ah.html
22,2547,AEG Batterie L1850R - 18 V - 5 Ah Li-ION - Système GBS,129.99,EUR,false,Cdiscount.com,/go/3200075723234620063.html?categoryId=18715&offerKey=cb656ea3bb56f53ed5015e6d6790838e&offerListId=5790988-3F8C100C8574B73B98230EFEDF877AA1&pos=3&price=129.99&productid=5790988&sid=29061&type=offer,0,/prix/5790988/aeg-l1850r-pro-li-ion-18v-5-0-ah.html
23,2547,Batterie AEG 18V Li­thium-ion 5.0Ah L1850R,134.01,EUR,false,ManoMano.fr,/go/3154512097310681021.html?categoryId=18715&offerKey=dc85b57ae7efb7c1267a8c583b578a7c&offerListId=5790988-3F8C100C8574B73B98230EFEDF877AA1&pos=4&price=134.01&productid=5790988&sid=291209&type=offer,0,/prix/5790988/aeg-l1850r-pro-li-ion-18v-5-0-ah.html
24,2547,"
document.getElementById(""result-4-offerinfo"").title = document.getElementById(""result-4-offerinfo"").innerHTML = idealoApp.getContents('q2EE6C:6 ptv `g\' {:UD9JjE9:F\>\\:@? d]_p9 {`gd_#');
",142.44,EUR,false,espace-bricolage,/go/3243624206973272896.html?categoryId=18715&offerKey=ce7b89370b7d8ac10d80394b3f547729&offerListId=5790988-3F8C100C8574B73B98230EFEDF877AA1&pos=5&price=142.44&productid=5790988&sid=24572&type=offer,0,/prix/5790988/aeg-l1850r-pro-li-ion-18v-5-0-ah.html
25,2547,Batterie AEG 18V Li­thium-ion 5.0Ah L1850R,142.44,EUR,false,Ubaldi.com (Marketplace),/go/3221509304485942157.html?categoryId=18715&offerKey=4a4195f6b302b30939f2bd563b3ce5c8&offerListId=5790988-3F8C100C8574B73B98230EFEDF877AA1&pos=6&price=142.44&productid=5790988&sid=316737&type=offer,0,/prix/5790988/aeg-l1850r-pro-li-ion-18v-5-0-ah.html
26,2547,Aeg Batterie 18V Li­thium-ion 5.0Ah L1850R,142.44,EUR,false,Rueducommerce.fr (Marketplace),/go/3213757253890875369.html?categoryId=18715&offerKey=a35f90c35b0cbd45baeec9142c3f0eae&offerListId=5790988-3F8C100C8574B73B98230EFEDF877AA1&pos=7&price=142.44&productid=5790988&sid=25482&type=offer,0,/prix/5790988/aeg-l1850r-pro-li-ion-18v-5-0-ah.html
27,2547,Batterie AEG 18V Li­thium-ion 5.0Ah L1850R,144.82,EUR,false,Rakuten.com FR,/go/3160465189782947675.html?categoryId=18715&offerKey=8b5aaccac32f7f989a6bbf1ae9b43c5b&offerListId=5790988-3F8C100C8574B73B98230EFEDF877AA1&pos=8&price=144.82&productid=5790988&sid=26246&type=offer,0,/prix/5790988/aeg-l1850r-pro-li-ion-18v-5-0-ah.html
28,2547,Aeg Batterie 18V Li­thium-ion 5.0Ah L1850R,146.42,EUR,false,Rueducommerce.fr (Marketplace),/go/3261536105196948252.html?categoryId=18715&offerKey=a7ca2888ffbd0c818f3d65acdb655d1c&offerListId=5790988-3F8C100C8574B73B98230EFEDF877AA1&pos=9&price=146.42&productid=5790988&sid=25482&type=offer,0,/prix/5790988/aeg-l1850r-pro-li-ion-18v-5-0-ah.html
29,2547,Batterie et chargeur Aeg Batterie aeg 18v li­thium-ion 5.0ah l1850r,151.21,EUR,false,Darty.com (Marketplace),/go/3223133623941072863.html?categoryId=18715&offerKey=53d31c6296e117089811d00ec92954ec&offerListId=5790988-3F8C100C8574B73B98230EFEDF877AA1&pos=10&price=151.21&productid=5790988&sid=316364&type=offer,0,/prix/5790988/aeg-l1850r-pro-li-ion-18v-5-0-ah.html
30,2547,Aeg Batterie 18V Li­thium-ion 5.0Ah L1850R,156.48,EUR,false,Rueducommerce.fr (Marketplace),/go/3226435970645623672.html?categoryId=18715&offerKey=fc3cd9ecd7702bfcd7d02ae37155ae9e&offerListId=5790988-3F8C100C8574B73B98230EFEDF877AA1&pos=11&price=156.48&productid=5790988&sid=25482&type=offer,0,/prix/5790988/aeg-l1850r-pro-li-ion-18v-5-0-ah.html
31,2547,Aeg Batterie 18V Li­thium-ion 5.0Ah L1850R,168.12,EUR,false,Rueducommerce.fr (Marketplace),/go/3244145417197193758.html?categoryId=18715&offerKey=1a5b5dc2feb444bf2b3084d2a3896c4c&offerListId=5790988-3F8C100C8574B73B98230EFEDF877AA1&pos=12&price=168.12&productid=5790988&sid=25482&type=offer,0,/prix/5790988/aeg-l1850r-pro-li-ion-18v-5-0-ah.html
32,2547,Aeg Batterie 18V Li­thium-ion 5.0Ah L1850R,170.6,EUR,false,Rueducommerce.fr (Marketplace),/go/3241066087661438785.html?categoryId=18715&offerKey=023e8ffd7810223b58332dcd8c1497fa&offerListId=5790988-3F8C100C8574B73B98230EFEDF877AA1&pos=13&price=170.60&productid=5790988&sid=25482&type=offer,0,/prix/5790988/aeg-l1850r-pro-li-ion-18v-5-0-ah.html
33,2547,Aeg Batterie 18V Li­thium-ion 5.0Ah L1850R,185.51,EUR,false,Rueducommerce.fr (Marketplace),/go/3241111330773534557.html?categoryId=18715&offerKey=18e034c776d30fc5464f1973a84893a4&offerListId=5790988-3F8C100C8574B73B98230EFEDF877AA1&pos=14&price=185.51&productid=5790988&sid=25482&type=offer,0,/prix/5790988/aeg-l1850r-pro-li-ion-18v-5-0-ah.html
34,2554,"
document.getElementById(""result-0-offerinfo"").title = document.getElementById(""result-0-offerinfo"").innerHTML = idealoApp.getContents('$E2?=6J uC2?46 s:G:D:@? %@@=D \\ |6DFC6 u2E |2 ) b| {2C8 `e a\\bb\\eg`');
",8.76,EUR,false,Amazon.fr,/go/7314301189.html?categoryId=22315&offerKey=72deacc753cdf20ea2006ca4c3cbd39a&offerListId=1900175-2A36C13698CEA65928FA8D2AC2D1FAF6&pos=1&price=8.76&productid=1900175&sid=12003&type=offer,0,/prix/1900175/stanley-fatmax-mini-3-m-33-681.html
35,2554,Ruban de mesure 3M FatMax® STANLEY 2-33681,9.36,EUR,false,Rakuten.com FR,/go/2302574870.html?categoryId=22315&offerKey=c44980eccb6809d647396d0d059a4344&offerListId=1900175-2A36C13698CEA65928FA8D2AC2D1FAF6&pos=2&price=9.36&productid=1900175&sid=26246&type=offer,0,/prix/1900175/stanley-fatmax-mini-3-m-33-681.html
36,2554,MESURE 3M X 16MM FATMAX STANLEY 1-33681,10.5,EUR,false,Rakuten.com FR,/go/1752170406.html?categoryId=22315&offerKey=fdae0010d17697a4f1d69d694847d655&offerListId=1900175-2A36C13698CEA65928FA8D2AC2D1FAF6&pos=3&price=10.50&productid=1900175&sid=26246&type=offer,0,/prix/1900175/stanley-fatmax-mini-3-m-33-681.html
37,2554,1-33-681 Mètre Dynagrip 3 m,10.88,EUR,false,ManoMano.fr,/go/3191434278439225899.html?categoryId=22315&offerKey=6f6a4ed638972300ec62daa45a98bb29&offerListId=1900175-2A36C13698CEA65928FA8D2AC2D1FAF6&pos=4&price=10.88&productid=1900175&sid=291209&type=offer,0,/prix/1900175/stanley-fatmax-mini-3-m-33-681.html
38,2554,MÈTRE A RUBAN MESURE 3M X 16MM STANLEY FATMAX 1-33-681,10.9,EUR,false,Master-outillage.com,/go/3157309267682264782.html?categoryId=22315&offerKey=898ce8d7f33ce73b97ec6630ca404ca8&offerListId=1900175-2A36C13698CEA65928FA8D2AC2D1FAF6&pos=5&price=10.90&productid=1900175&sid=282706&type=offer,0,/prix/1900175/stanley-fatmax-mini-3-m-33-681.html
39,2554,MÈTRE A RUBAN MESURE 3M X 16MM STANLEY FATMAX 2-33-681,11.27,EUR,false,Master-outillage.com,/go/3157309267755665104.html?categoryId=22315&offerKey=be3e7802a807c96e11159370be6f63d1&offerListId=1900175-2A36C13698CEA65928FA8D2AC2D1FAF6&pos=6&price=11.27&productid=1900175&sid=282706&type=offer,0,/prix/1900175/stanley-fatmax-mini-3-m-33-681.html
40,2554,MESURE FATMAX® DOUBLE MARQUAGE DU RUBAN,11.78,EUR,false,Comptoirdespros.com,/go/3256679554107837424.html?categoryId=22315&offerKey=4672690e0bef3642646e8f750b4dee75&offerListId=1900175-2A36C13698CEA65928FA8D2AC2D1FAF6&pos=7&price=11.78&productid=1900175&sid=283959&type=offer,0,/prix/1900175/stanley-fatmax-mini-3-m-33-681.html
41,2554,Mètre ruban antichocs - longueur 3 m - largeur 16 mm - Fat Max STANLEY,12.08,EUR,false,Bricozor.com,/go/3267557132819498396.html?categoryId=22315&offerKey=029c252c21084ea6fc0c90678c7673df&offerListId=1900175-2A36C13698CEA65928FA8D2AC2D1FAF6&pos=8&price=12.08&productid=1900175&sid=272921&type=offer,0,/prix/1900175/stanley-fatmax-mini-3-m-33-681.html
42,2554,MESURE FATMAX® DOUBLE MARQUAGE DU RUBAN,12.17,EUR,false,Comptoirdespros.com,/go/3256693615889484665.html?categoryId=22315&offerKey=e9cf1a86fca616531ed00a5159b7af13&offerListId=1900175-2A36C13698CEA65928FA8D2AC2D1FAF6&pos=9&price=12.17&productid=1900175&sid=283959&type=offer,0,/prix/1900175/stanley-fatmax-mini-3-m-33-681.html
43,2554,Mètre FatMax Dynagrip 3 mètres largeur 16 mm,12.48,EUR,false,Quincaillerie.pro,/go/7485541777.html?categoryId=22315&offerKey=30796795f1035b7f7feeb8c735396128&offerListId=1900175-2A36C13698CEA65928FA8D2AC2D1FAF6&pos=10&price=12.48&productid=1900175&sid=279458&type=offer,0,/prix/1900175/stanley-fatmax-mini-3-m-33-681.html
44,2554,STANLEY - Mesure Fatmax 3mx16mm,13.73,EUR,false,Ubaldi.com (Marketplace),/go/3221509347953609277.html?categoryId=22315&offerKey=eb8d7f097579d230070d7dc9b2b74a86&offerListId=1900175-2A36C13698CEA65928FA8D2AC2D1FAF6&pos=11&price=13.73&productid=1900175&sid=316737&type=offer,0,/prix/1900175/stanley-fatmax-mini-3-m-33-681.html
45,2554,Multimètre STANLEY Ruban de mesure 3m fatmax® stanley 2-33681,13.95,EUR,false,Darty.com (Marketplace),/go/3218540309826768245.html?categoryId=22315&offerKey=c48f28793affd8218dbfc4184cffd3bc&offerListId=1900175-2A36C13698CEA65928FA8D2AC2D1FAF6&pos=12&price=13.95&productid=1900175&sid=316364&type=offer,0,/prix/1900175/stanley-fatmax-mini-3-m-33-681.html
46,2554,Mesure fatmax stanley,14.9,EUR,false,Alexis-robert-bricolage.com,/go/3222599231856446724.html?categoryId=22315&offerKey=4fc85b48493ad7e7ef5b76c5365a88d1&offerListId=1900175-2A36C13698CEA65928FA8D2AC2D1FAF6&pos=13&price=14.90&productid=1900175&sid=288310&type=offer,0,/prix/1900175/stanley-fatmax-mini-3-m-33-681.html
47,2554,Mesure courte fat max 3 m x 16 mm STANLEY 1-33-681,14.93,EUR,false,Debonix.fr,/go/3244052947071404508.html?categoryId=22315&offerKey=39640a1d2559f160bdc0aa1a2d04c3c1&offerListId=1900175-2A36C13698CEA65928FA8D2AC2D1FAF6&pos=14&price=14.93&productid=1900175&sid=277777&type=offer,0,/prix/1900175/stanley-fatmax-mini-3-m-33-681.html
48,2554,"
document.getElementById(""result-14-offerinfo"").title = document.getElementById(""result-14-offerinfo"").innerHTML = idealoApp.getContents('$E2?=6J `\\bb\\eg` u2E|2I |U68C2G6jEC6 U28C2G6j CF32? b \>[ `e \>\> 56 =2C86FC[ =64EFC6 C64UD9JjE@^UE9:?DAjG6CUD9JjD@');
",15.32,EUR,false,,/go/3267045063219216570.html?categoryId=22315&offerKey=d3657ac5692f1de283b819f03465451d&offerListId=1900175-2A36C13698CEA65928FA8D2AC2D1FAF6&pos=15&price=15.32&productid=1900175&sid=24573&type=offer,0,/prix/1900175/stanley-fatmax-mini-3-m-33-681.html
49,2555,"Stanley DETECTEUR THERMIQUE, Ther­mo­mètre",38.49,EUR,false,Alternate.fr,/go/3239080448462160794.html?categoryId=22382&offerKey=28816ee2fdd0d16b5fbb1b03cb4b2e0d&offerListId=5231498-B3DD01330C43F6203D2D60EDAD235ABF&pos=1&price=38.49&productid=5231498&sid=291809&type=offer,0,/prix/5231498/stanley-stht0-77365.html
50,2555,STANLEY Détecteur thermique - Ecran LCD - STHT0-77365,44.25,EUR,false,Rueducommerce.fr (Marketplace),/go/3213756745203591967.html?categoryId=22382&offerKey=e19a0060e9fe3e609a4145a5c84485b0&offerListId=5231498-B3DD01330C43F6203D2D60EDAD235ABF&pos=2&price=44.25&productid=5231498&sid=25482&type=offer,0,/prix/5231498/stanley-stht0-77365.html
51,2555,"
document.getElementById(""result-2-offerinfo"").title = document.getElementById(""result-2-offerinfo"").innerHTML = idealoApp.getContents('$E2?=6J $%w%_\\ffbed %96CUD9Jj\>@UD9Jj\>U68C2G6jEC6 {2D6C[ y2F?6');
",46.48,EUR,false,Amazon.fr,/go/7666085283.html?categoryId=22382&offerKey=1fea8aaeeebe4835e81e683d5e275e8a&offerListId=5231498-B3DD01330C43F6203D2D60EDAD235ABF&pos=3&price=46.48&productid=5231498&sid=12003&type=offer,0,/prix/5231498/stanley-stht0-77365.html
52,2555,"
document.getElementById(""result-3-offerinfo"").title = document.getElementById(""result-3-offerinfo"").innerHTML = idealoApp.getContents('$E2?=6J $%w%_\\ffbed %96CUD9Jj\>@UD9Jj\>U68C2G6jEC6 {2D6C[ y2F?6');
",48.37,EUR,false,SEDIVA FR,/go/3266999618983953873.html?categoryId=22382&offerKey=204c001392c37b7eaf94ce56d029fecd&offerListId=5231498-B3DD01330C43F6203D2D60EDAD235ABF&pos=4&price=48.37&productid=5231498&sid=24573&type=offer,0,/prix/5231498/stanley-stht0-77365.html
53,2555,Détecteur thermique STANLEY - Ecran LCD - STHT0-77365,51.45,EUR,false,Rakuten.com FR,/go/6240276055.html?categoryId=22382&offerKey=c431ca33b516cfa88b8c0763519002c8&offerListId=5231498-B3DD01330C43F6203D2D60EDAD235ABF&pos=5&price=51.45&productid=5231498&sid=26246&type=offer,0,/prix/5231498/stanley-stht0-77365.html
54,2555,DETECTEUR THERMIQUE Stanley STHT0-77365,52.44,EUR,false,Master-outillage.com,/go/3158033227036241785.html?categoryId=22382&offerKey=fc657533012184b9b7851e24d072a355&offerListId=5231498-B3DD01330C43F6203D2D60EDAD235ABF&pos=6&price=52.44&productid=5231498&sid=282706&type=offer,0,/prix/5231498/stanley-stht0-77365.html
55,2555,STANLEY Détecteur thermique - Ecran LCD - STHT0-77365,52.49,EUR,false,Rueducommerce.fr (Marketplace),/go/3227701077396686369.html?categoryId=22382&offerKey=9f1c20d45fbaf4828090ec737f0b57a3&offerListId=5231498-B3DD01330C43F6203D2D60EDAD235ABF&pos=7&price=52.49&productid=5231498&sid=25482&type=offer,0,/prix/5231498/stanley-stht0-77365.html
56,2555,STANLEY Détecteur thermique - Ecran LCD - STHT0-77365,55.55,EUR,false,Rueducommerce.fr (Marketplace),/go/3235856534636333420.html?categoryId=22382&offerKey=77d1e0b69f78648a0850bec1fa0071db&offerListId=5231498-B3DD01330C43F6203D2D60EDAD235ABF&pos=8&price=55.55&productid=5231498&sid=25482&type=offer,0,/prix/5231498/stanley-stht0-77365.html
57,2555,DÉTECTEUR THERMIQUE,56.64,EUR,false,Comptoirdespros.com,/go/3254883001894439811.html?categoryId=22382&offerKey=67c7a9204d6214a9ae064e292b186bbf&offerListId=5231498-B3DD01330C43F6203D2D60EDAD235ABF&pos=9&price=56.64&productid=5231498&sid=283959&type=offer,0,/prix/5231498/stanley-stht0-77365.html
58,2555,STANLEY Détecteur thermique - Ecran LCD - STHT0-77365,59.64,EUR,false,Rueducommerce.fr (Marketplace),/go/3213756705043132751.html?categoryId=22382&offerKey=fc1c7b87105e44e185588f0b766adee3&offerListId=5231498-B3DD01330C43F6203D2D60EDAD235ABF&pos=10&price=59.64&productid=5231498&sid=25482&type=offer,0,/prix/5231498/stanley-stht0-77365.html
59,2555,STANLEY Détecteur thermique - Ecran LCD - STHT0-77365,63.49,EUR,false,Rueducommerce.fr (Marketplace),/go/3213754808815069549.html?categoryId=22382&offerKey=b0036db473a42d5010bc7302ce8cc0b1&offerListId=5231498-B3DD01330C43F6203D2D60EDAD235ABF&pos=11&price=63.49&productid=5231498&sid=25482&type=offer,0,/prix/5231498/stanley-stht0-77365.html
60,2555,THER­MO­METRE DETECTEUR,69.46,EUR,false,ManoMano.fr,/go/6331309565.html?categoryId=22382&offerKey=9bd56d4abaa3d5546562d6201bd9af78&offerListId=5231498-B3DD01330C43F6203D2D60EDAD235ABF&pos=12&price=69.46&productid=5231498&sid=291209&type=offer,0,/prix/5231498/stanley-stht0-77365.html
61,2555,STANLEY Détecteur thermique - Ecran LCD - STHT0-77365,72.91,EUR,false,Rueducommerce.fr (Marketplace),/go/3259539814774473464.html?categoryId=22382&offerKey=870216228a4fa3864a57dfbe7bbbbd91&offerListId=5231498-B3DD01330C43F6203D2D60EDAD235ABF&pos=13&price=72.91&productid=5231498&sid=25482&type=offer,0,/prix/5231498/stanley-stht0-77365.html
62,2555,STANLEY Détecteur thermique - Ecran LCD - STHT0-77365,80.92,EUR,false,Rueducommerce.fr (Marketplace),/go/3264070970012339129.html?categoryId=22382&offerKey=dedcff4c507e63cc9ced4f3cb14f227c&offerListId=5231498-B3DD01330C43F6203D2D60EDAD235ABF&pos=14&price=80.92&productid=5231498&sid=25482&type=offer,0,/prix/5231498/stanley-stht0-77365.html
63,2563,"Sika Boom XL, Mousse expansive d'isolation, 400ml, Blanc",9.8,EUR,false,Amazon.fr,/go/3247276885960295749.html?price=9.80&sid=12003&type=oc_offer,0,/type/7612894975826.html
64,2563,Mousse polyuréthane expansive SIKA Sika Boom XL - 400ml,9.9,EUR,false,Rakuten.com FR,/go/3225519346516232356.html?price=9.90&sid=26246&type=oc_offer,0,/type/7612894975826.html
65,2563,"Sika Boom XL, Mousse expansive d'isolation, 400ml, Blanc",11.5,EUR,false,,/go/3225377391870216740.html?price=11.50&sid=24573&type=oc_offer,0,/type/7612894975826.html
66,2563,Mousse polyuréthane expansive SIKA Sika Boom XL - 400ml,14.52,EUR,false,ManoMano.fr,/go/3225697286356994291.html?price=14.52&sid=291209&type=oc_offer,0,/type/7612894975826.html
67,2563,"Pistolet à colle, colle Sika Mousse polyuréthane expansive sika sika boom xl - 400ml",15.06,EUR,false,Darty.com (Marketplace),/go/3226029216713673049.html?price=15.06&sid=316364&type=oc_offer,0,/type/7612894975826.html
68,2581,Marteau rivoir manche fibre de verre 35 mm STANLEY - STHT0-54154,12.72,EUR,false,ManoMano.fr,/go/3181097074978469459.html?price=12.72&sid=291209&type=oc_offer,0,/type/3253560541545.html
69,2581,Marteaux rivoir - manche graphite - tête 35 mm - STHT0-54154 STANLEY,12.72,EUR,false,Rakuten.com FR,/go/3156652356108561612.html?price=12.72&sid=26246&type=oc_offer,0,/type/3253560541545.html
70,2581,MARTEAU RIVOIR MANCHE FIBRE DE VERRE 35MM STANLEY STHT0-54154,13.12,EUR,false,Master-outillage.com,/go/3213125639135568084.html?price=13.12&sid=282706&type=oc_offer,0,/type/3253560541545.html
71,2581,Marteaux rivoir - manche graphite - tête 35 mm - STHT0-54154 STANLEY,14.24,EUR,false,Bricozor.com,/go/3267557138429378709.html?price=14.24&sid=272921&type=oc_offer,0,/type/3253560541545.html
72,2581,"Stanley STHT0-54154 Marteau rivoir, Noir",16.07,EUR,false,,/go/3248386074573016045.html?price=16.07&sid=24573&type=oc_offer,0,/type/3253560541545.html
73,2581,"Stanley STHT0-54154 Marteau rivoir, Noir",19.88,EUR,false,Amazon.fr,/go/3197472202718982679.html?price=19.88&sid=12003&type=oc_offer,0,/type/3253560541545.html
74,2581,Marteau rivoir manche fibre de verre 35 mm A260914 Grey,20.82,EUR,false,Manutan.fr,/go/3209782684366679152.html?price=20.82&sid=61993&type=oc_offer,0,/type/3253560541545.html
75,2581,STANLEY Marteau rivoir manche fibre de verre 35 mm - STHT0-54154,24.13,EUR,false,Rueducommerce.fr (Marketplace),/go/3221169531279909321.html?price=24.13&sid=25482&type=oc_offer,0,/type/3253560541545.html
76,2581,STANLEY Marteau rivoir manche fibre de verre 35 mm - STHT0-54154,25.95,EUR,false,Rueducommerce.fr (Marketplace),/go/3264070969737609407.html?price=25.95&sid=25482&type=oc_offer,0,/type/3253560541545.html
77,2581,STANLEY Marteau rivoir manche fibre de verre 35mm,26.75,EUR,false,Home-boulevard.com,/go/3263520559209644285.html?price=26.75&sid=280884&type=oc_offer,0,/type/3253560541545.html
78,2581,STANLEY Marteau rivoir manche fibre de verre 35 mm - STHT0-54154,34.15,EUR,false,Rueducommerce.fr (Marketplace),/go/3264070969903287218.html?price=34.15&sid=25482&type=oc_offer,0,/type/3253560541545.html
79,2588,Sika - pistolet ergonomique pour cartouche de mastic - 300 ml,19.9,EUR,false,Rakuten.com FR,/go/3219511549427189857.html?price=19.90&sid=26246&type=oc_offer,0,/type/7612895188836.html
80,2588,Pistolet ergonomique mk 2 evo pour mastic en cartouche de 300 ml sika,24.9,EUR,false,Alexis-robert-bricolage.com,/go/3222599243847962292.html?price=24.90&sid=288310&type=oc_offer,0,/type/7612895188836.html
81,2588,Pistolet manuel pour cartouches SIKA MK2 EVO - 300 ml,25.6,EUR,false,ManoMano.fr,/go/3181096897475522790.html?price=25.60&sid=291209&type=oc_offer,0,/type/7612895188836.html
82,2588,Sika - pistolet ergonomique pour cartouche de mastic - 300 ml,25.6,EUR,false,espace-bricolage,/go/3252911085442826536.html?price=25.60&sid=24573&type=oc_offer,0,/type/7612895188836.html
83,2592,TOURNEVIS PHILLIPS BOULE FATMAX®,3.36,EUR,false,Comptoirdespros.com,/go/3256679554407728924.html?categoryId=19083&offerKey=1a82f8af7cf4d7f75c8ad24e46d6e983&offerListId=2361094-B4E492E98B9C4C3316D33082F0CEA8A8&pos=1&price=3.36&productid=2361094&sid=283959&type=offer,0,/prix/2361094/stanley-65-407.html
84,2592,TOURNEVIS PHILLIPS BOULE FATMAX®,3.47,EUR,false,Comptoirdespros.com,/go/3256679551450745784.html?categoryId=19083&offerKey=e9fcdc7d991bf496858cf5844ab84318&offerListId=2361094-B4E492E98B9C4C3316D33082F0CEA8A8&pos=2&price=3.47&productid=2361094&sid=283959&type=offer,0,/prix/2361094/stanley-65-407.html
85,2592,"
document.getElementById(""result-2-offerinfo"").title = document.getElementById(""result-2-offerinfo"").innerHTML = idealoApp.getContents('$E2?=6J u2E|2I _\\ed\\c_f %@FC?6G:D !9:==:AD }@] a I b_ \>\>');
",3.7,EUR,false,,/go/3215568124965296744.html?categoryId=19083&offerKey=c492aac818f919cbea912ba34c3378bf&offerListId=2361094-B4E492E98B9C4C3316D33082F0CEA8A8&pos=3&price=3.70&productid=2361094&sid=24573&type=offer,0,/prix/2361094/stanley-65-407.html
86,2592,FatMax Tournevis Phillips PH2 X 30mm Stanley - 3253560654078,3.86,EUR,false,Rakuten.com FR,/go/1678944508.html?categoryId=19083&offerKey=292af65e4f46f714f12c4a7377361326&offerListId=2361094-B4E492E98B9C4C3316D33082F0CEA8A8&pos=4&price=3.86&productid=2361094&sid=26246&type=offer,0,/prix/2361094/stanley-65-407.html
87,2592,"Tournevis boule cruciforme - PH2 - Ø 6 mm - Lame 2,5 cm - Stanley Fatmax",4.06,EUR,false,ManoMano.fr,/go/6638109430.html?categoryId=19083&offerKey=9701f63c676897a945fc2d7beb5de79d&offerListId=2361094-B4E492E98B9C4C3316D33082F0CEA8A8&pos=5&price=4.06&productid=2361094&sid=291209&type=offer,0,/prix/2361094/stanley-65-407.html
88,2592,STANLEY Tournevis Phillips boule Fatmax PH2 30 mm,4.49,EUR,false,Cdiscount.com,/go/3169710274766705373.html?categoryId=19083&offerKey=29f489d87ad2d568d2d68d8d52d907d6&offerListId=2361094-B4E492E98B9C4C3316D33082F0CEA8A8&pos=6&price=4.49&productid=2361094&sid=29061&type=offer,0,/prix/2361094/stanley-65-407.html
89,2592,Tournevis boule Phillips Fatmax Stanley - PH2,5.54,EUR,false,ManoMano.fr,/go/3149894724039480659.html?categoryId=19083&offerKey=672b687b63ac3c9e9bb6005902753885&offerListId=2361094-B4E492E98B9C4C3316D33082F0CEA8A8&pos=7&price=5.54&productid=2361094&sid=291209&type=offer,0,/prix/2361094/stanley-65-407.html
90,2592,Tournevis phillips boule fatmax® A193464,5.94,EUR,false,Manutan.fr,/go/3206151721315217605.html?categoryId=19083&offerKey=18c868998481846cdfa09e38175746a1&offerListId=2361094-B4E492E98B9C4C3316D33082F0CEA8A8&pos=8&price=5.94&productid=2361094&sid=61993&type=offer,0,/prix/2361094/stanley-65-407.html
91,2592,"
document.getElementById(""result-8-offerinfo"").title = document.getElementById(""result-8-offerinfo"").innerHTML = idealoApp.getContents('%@FC?6G:D !9:==:AD q@F=6 u2E\>2I !wa\\b_ \>\>');
",6.43,EUR,false,Amazon.fr,/go/7357910703.html?categoryId=19083&offerKey=4e2b5aae982d770edcb3c96e4c6e5e2a&offerListId=2361094-B4E492E98B9C4C3316D33082F0CEA8A8&pos=9&price=6.43&productid=2361094&sid=12003&type=offer,0,/prix/2361094/stanley-65-407.html
92,2592,"Tournevis philips, boule - PH 2, 6 x 25 mm",7.47,EUR,false,Rakuten.com FR,/go/2249687537.html?categoryId=19083&offerKey=ef2cf2633c52641c9e6499e63c3fe324&offerListId=2361094-B4E492E98B9C4C3316D33082F0CEA8A8&pos=10&price=7.47&productid=2361094&sid=26246&type=offer,0,/prix/2361094/stanley-65-407.html
93,2592,Stanley Tournevis Phillips Boule Fatmax PH2 30 mm,10.18,EUR,false,Mytoolstore.fr,/go/3229324279950608765.html?categoryId=19083&offerKey=6b6f4797d4f37e2fd300be93bfe87104&offerListId=2361094-B4E492E98B9C4C3316D33082F0CEA8A8&pos=11&price=10.18&productid=2361094&sid=29224&type=offer,0,/prix/2361094/stanley-65-407.html
94,2592,Stanley Tournevis boule phillips fatmax ls ph2 x 30,21.45,EUR,false,Rueducommerce.fr (Marketplace),/go/3266609970990286701.html?categoryId=19083&offerKey=0bd390c3cd65c783e99110cb141d94c1&offerListId=2361094-B4E492E98B9C4C3316D33082F0CEA8A8&pos=12&price=21.45&productid=2361094&sid=25482&type=offer,0,/prix/2361094/stanley-65-407.html
95,2597,AEG AUN608452 Disjoncteur Différentiel 16 A 30 mA Type AC,62.17,EUR,false,Amazon.fr,/go/7313881481.html?price=62.17&sid=12003&type=oc_offer,0,/type/5413656084525.html
96,2597,Disjonct Diff 16a 30ma Type Ac,70.21,EUR,false,Rakuten.com FR,/go/5048611503.html?price=70.21&sid=26246&type=oc_offer,0,/type/5413656084525.html
97,2597,Disjoncteur différentiel - 16 A 30 mA - Type AC AEG,72.24,EUR,false,Bricozor.com,/go/3147319935879881918.html?price=72.24&sid=272921&type=oc_offer,0,/type/5413656084525.html
98,2597,AEG AUN608452 Disjoncteur Différentiel 16 A 30 mA Type AC,113.46,EUR,false,,/go/3265877975951737706.html?price=113.46&sid=24573&type=oc_offer,0,/type/5413656084525.html
99,2608,STANLEY Jeu de pinces 1000V MaxSteel® - 4 pces 4-84489,49.86,EUR,false,Rueducommerce.fr (Marketplace),/go/3221329404516898757.html?categoryId=19084&offerKey=85f56a48775402e09a4a4305dd1fe0ee&offerListId=5055151-5C3E0CEF731DB86282D6410923C01B0E&pos=1&price=49.86&productid=5055151&sid=25482&type=offer,0,/prix/5055151/stanley-4-84-489.html
100,2608,COFFRET DE 4 PINCES ISOLEES 1000V STANLEY 4-84-489,52.63,EUR,false,Master-outillage.com,/go/3157309302702619471.html?categoryId=19084&offerKey=58ec9435c79c1d987770edb619306055&offerListId=5055151-5C3E0CEF731DB86282D6410923C01B0E&pos=2&price=52.63&productid=5055151&sid=282706&type=offer,0,/prix/5055151/stanley-4-84-489.html
101,2608,Jeu de pinces 1000V MaxSteel 4 pces,53.26,EUR,false,Rakuten.com FR,/go/1776875170.html?categoryId=19084&offerKey=f2377456728033b61c5a07532bd53e74&offerListId=5055151-5C3E0CEF731DB86282D6410923C01B0E&pos=3&price=53.26&productid=5055151&sid=26246&type=offer,0,/prix/5055151/stanley-4-84-489.html
102,2608,"
document.getElementById(""result-3-offerinfo"").title = document.getElementById(""result-3-offerinfo"").innerHTML = idealoApp.getContents('$E2?=6J c\\gc\\cgh r@77C6E 56 c !:?46D :D@=U624FE6j6D `___ \'');
",55.07,EUR,false,,/go/3246007215951186800.html?categoryId=19084&offerKey=f07925d4b8e2352c32e35ab989d004af&offerListId=5055151-5C3E0CEF731DB86282D6410923C01B0E&pos=4&price=55.07&productid=5055151&sid=24573&type=offer,0,/prix/5055151/stanley-4-84-489.html
103,2608,COFFRET DE 4 PINCES ISOLÉES 1000V,56.84,EUR,false,Comptoirdespros.com,/go/3254867671249846493.html?categoryId=19084&offerKey=8ee7b4f4db3ab0718ac64b183aa61ecc&offerListId=5055151-5C3E0CEF731DB86282D6410923C01B0E&pos=5&price=56.84&productid=5055151&sid=283959&type=offer,0,/prix/5055151/stanley-4-84-489.html
104,2608,"
document.getElementById(""result-5-offerinfo"").title = document.getElementById(""result-5-offerinfo"").innerHTML = idealoApp.getContents('$E2?=6J c\\gc\\cgh r@77C6E 56 c !:?46D :D@=U624FE6j6D `___ \'');
",57.0,EUR,false,Amazon.fr,/go/7352403743.html?categoryId=19084&offerKey=5d6c06dbf232be1700d447eac7d7720c&offerListId=5055151-5C3E0CEF731DB86282D6410923C01B0E&pos=6&price=57.00&productid=5055151&sid=12003&type=offer,0,/prix/5055151/stanley-4-84-489.html
105,2608,STANLEY Jeu de pinces 1000V MaxSteel® - 4 pces 4-84489,57.65,EUR,false,Rueducommerce.fr (Marketplace),/go/3227700965205345382.html?categoryId=19084&offerKey=d1aec1c94f5e164873c0a762703eba9e&offerListId=5055151-5C3E0CEF731DB86282D6410923C01B0E&pos=7&price=57.65&productid=5055151&sid=25482&type=offer,0,/prix/5055151/stanley-4-84-489.html
106,2608,STANLEY Jeu de pinces 1000V MaxSteel® - 4 pces 4-84489,62.11,EUR,false,Rueducommerce.fr (Marketplace),/go/3238719935968446932.html?categoryId=19084&offerKey=5be5456636b4c1aaaa4b0c9598d45389&offerListId=5055151-5C3E0CEF731DB86282D6410923C01B0E&pos=8&price=62.11&productid=5055151&sid=25482&type=offer,0,/prix/5055151/stanley-4-84-489.html
107,2608,Stanley Coffret de 4 pinces isolees 1000V - 4-84-489,63.2,EUR,false,ManoMano.fr,/go/5674349727.html?categoryId=19084&offerKey=a913c8ea52d5ea82c4360de1d3af22f9&offerListId=5055151-5C3E0CEF731DB86282D6410923C01B0E&pos=9&price=63.20&productid=5055151&sid=291209&type=offer,0,/prix/5055151/stanley-4-84-489.html
108,2608,Stanley Coffret de 4 pinces isolees 1000V - 4-84-489,63.2,EUR,false,Mytoolstore.fr,/go/3230210475641798714.html?categoryId=19084&offerKey=9b32234453303fc8d76579957f82ab89&offerListId=5055151-5C3E0CEF731DB86282D6410923C01B0E&pos=10&price=63.20&productid=5055151&sid=29224&type=offer,0,/prix/5055151/stanley-4-84-489.html
109,2608,Stanley 4-84-489 Coffret de pinces isolées (4 pcs),63.69,EUR,false,Fixami.fr,/go/3235106642383080066.html?categoryId=19084&offerKey=7f6763750e2b1e7a6b105844049cada4&offerListId=5055151-5C3E0CEF731DB86282D6410923C01B0E&pos=11&price=63.69&productid=5055151&sid=306120&type=offer,0,/prix/5055151/stanley-4-84-489.html
110,2608,STANLEY Jeu de pinces 1000V MaxSteel® - 4 pces 4-84489,65.42,EUR,false,Rueducommerce.fr (Marketplace),/go/3240932028868200755.html?categoryId=19084&offerKey=a77ffc1ba3b1a4c736843698ba6eb267&offerListId=5055151-5C3E0CEF731DB86282D6410923C01B0E&pos=12&price=65.42&productid=5055151&sid=25482&type=offer,0,/prix/5055151/stanley-4-84-489.html
111,2608,STANLEY Jeu de pinces 1000V MaxSteel® - 4 pces 4-84489,73.51,EUR,false,Rueducommerce.fr (Marketplace),/go/3239434798250328089.html?categoryId=19084&offerKey=bb61bb1253202e7c0679069731234a9c&offerListId=5055151-5C3E0CEF731DB86282D6410923C01B0E&pos=13&price=73.51&productid=5055151&sid=25482&type=offer,0,/prix/5055151/stanley-4-84-489.html
112,2608,"
document.getElementById(""result-13-offerinfo"").title = document.getElementById(""result-13-offerinfo"").innerHTML = idealoApp.getContents('$E2?=6J $%pcgccgh u2E\>2I \'st !:?46 t?D6\>3=6 c !:U68C2G6j46D');
",76.34,EUR,false,folkestonefixings,/go/3266896779932599058.html?categoryId=19084&offerKey=5c204a2d8ba87a17124fe107e3065f8e&offerListId=5055151-5C3E0CEF731DB86282D6410923C01B0E&pos=14&price=76.34&productid=5055151&sid=24572&type=offer,0,/prix/5055151/stanley-4-84-489.html
113,2608,Coffret de 4 pinces isolées 1000V - Stanley A193690,100.68,EUR,false,Manutan.fr,/go/3186588747508494881.html?categoryId=19084&offerKey=083fd357ff0519b0d052f02afbde5cea&offerListId=5055151-5C3E0CEF731DB86282D6410923C01B0E&pos=15&price=100.68&productid=5055151&sid=61993&type=offer,0,/prix/5055151/stanley-4-84-489.html
114,2610,"
document.getElementById(""result-0-offerinfo"").title = document.getElementById(""result-0-offerinfo"").innerHTML = idealoApp.getContents('$E2?=6J _ gc __b !:?46 4@FA2?E6 5:28@?2=6 \'st `fd \>\> Wx\>A@CE vC2?56 qC6E28?6X');
",11.99,EUR,false,Amazon.fr,/go/7299627330.html?categoryId=19084&offerKey=bd60a3a4b7a82877fc9c42fd55683c5e&offerListId=2345129-4B605A91F8D17FD78A0358FA7DF09F55&pos=1&price=11.99&productid=2345129&sid=12003&type=offer,0,/prix/2345129/stanley-84-003.html
115,2610,Pince coupante 1000 V diagonale 175mm STANLEY,11.99,EUR,false,Cdiscount.com,/go/9508498225.html?categoryId=19084&offerKey=076ced829c27363b7e8b564942658e42&offerListId=2345129-4B605A91F8D17FD78A0358FA7DF09F55&pos=2&price=11.99&productid=2345129&sid=29061&type=offer,0,/prix/2345129/stanley-84-003.html
116,2610,PINCE COUPANTE DIAGONALE ISOLÉE 1000V,17.74,EUR,false,Comptoirdespros.com,/go/3254686434690335952.html?categoryId=19084&offerKey=c6c64ba15a8b6cbec78398e00aaa0af9&offerListId=2345129-4B605A91F8D17FD78A0358FA7DF09F55&pos=3&price=17.74&productid=2345129&sid=283959&type=offer,0,/prix/2345129/stanley-84-003.html
117,2610,Pince coupante diagonale isolée 1000V STANLEY,21.4,EUR,false,ManoMano.fr,/go/6529893906.html?categoryId=19084&offerKey=b60496ed86ec04db6c9b1bf92a9e6045&offerListId=2345129-4B605A91F8D17FD78A0358FA7DF09F55&pos=4&price=21.40&productid=2345129&sid=291209&type=offer,0,/prix/2345129/stanley-84-003.html
118,2610,Pince et tenaille STANLEY Pince coupante diagonale isolée 1000v maxsteel® stanley 0-84003,22.8,EUR,false,Darty.com (Marketplace),/go/3208676168999896234.html?categoryId=19084&offerKey=099e8a9a64bca20a11615cb84afa190c&offerListId=2345129-4B605A91F8D17FD78A0358FA7DF09F55&pos=5&price=22.80&productid=2345129&sid=316364&type=offer,0,/prix/2345129/stanley-84-003.html
119,2610,STANLEY Pince Coupante Diagonale Isolée 1000V MaxSteel® 0-84003,23.05,EUR,false,Rueducommerce.fr (Marketplace),/go/3213755622176596309.html?categoryId=19084&offerKey=f7d3a78bb8e54d836eabc8a1d6ac3682&offerListId=2345129-4B605A91F8D17FD78A0358FA7DF09F55&pos=6&price=23.05&productid=2345129&sid=25482&type=offer,0,/prix/2345129/stanley-84-003.html
120,2610,Stanley Pince Coupe Diagonale FatMax¿ VDE (Corde à Piano),23.06,EUR,false,Rakuten.com FR,/go/1564353785.html?categoryId=19084&offerKey=23ba413d722d747cbe80c6ac96f00f91&offerListId=2345129-4B605A91F8D17FD78A0358FA7DF09F55&pos=7&price=23.06&productid=2345129&sid=26246&type=offer,0,/prix/2345129/stanley-84-003.html
121,2610,STANLEY Pince Coupante Diagonale Isolée 1000V MaxSteel® 0-84003,23.15,EUR,false,Rueducommerce.fr (Marketplace),/go/3213754940463780977.html?categoryId=19084&offerKey=a19cdd1ea923dbaeb104e9d5241df0e0&offerListId=2345129-4B605A91F8D17FD78A0358FA7DF09F55&pos=8&price=23.15&productid=2345129&sid=25482&type=offer,0,/prix/2345129/stanley-84-003.html
122,2610,Stanley Pince Coupe Diagonale FatMax VDE (Corde à Piano),26.32,EUR,false,Mytoolstore.fr,/go/3229324279298394047.html?categoryId=19084&offerKey=485df358f93d2ee678936c790a94d5c2&offerListId=2345129-4B605A91F8D17FD78A0358FA7DF09F55&pos=9&price=26.32&productid=2345129&sid=29224&type=offer,0,/prix/2345129/stanley-84-003.html
123,2610,STANLEY Pince Coupante Diagonale Isolée 1000V MaxSteel® 0-84003,27.87,EUR,false,Rueducommerce.fr (Marketplace),/go/3213754206848561696.html?categoryId=19084&offerKey=37103c3048d5261411c8a810cfb58fdc&offerListId=2345129-4B605A91F8D17FD78A0358FA7DF09F55&pos=10&price=27.87&productid=2345129&sid=25482&type=offer,0,/prix/2345129/stanley-84-003.html
124,2610,Pince coupante diagonale isolée 1000V - Stanley A193640,31.5,EUR,false,Manutan.fr,/go/3206151721715767643.html?categoryId=19084&offerKey=cc7c6f3ff8a51c539b0e440e16d811f6&offerListId=2345129-4B605A91F8D17FD78A0358FA7DF09F55&pos=11&price=31.50&productid=2345129&sid=61993&type=offer,0,/prix/2345129/stanley-84-003.html
125,2610,PInce coupante diagonale isolée 1000V STANLEY - 0-84-003,45.55,EUR,false,Maxoutil.com,/go/3263714072515840022.html?categoryId=19084&offerKey=3f1a33fbab753a74cacc9655eb394e03&offerListId=2345129-4B605A91F8D17FD78A0358FA7DF09F55&pos=12&price=45.55&productid=2345129&sid=254364&type=offer,0,/prix/2345129/stanley-84-003.html
126,2626,Stanley 0-47-011 Compas à ressort à pointe 200 mm,11.99,EUR,false,Amazon.fr,/go/7331992262.html?price=11.99&sid=12003&type=oc_offer,0,/type/3253560470111.html
127,2626,STANLEY Compas à ressort à pointe 200mm,11.99,EUR,false,Cdiscount.com,/go/3207323746092190963.html?price=11.99&sid=29061&type=oc_offer,0,/type/3253560470111.html
128,2626,COMPAS RESSORT POINTE200MM,12.86,EUR,false,Rakuten.com FR,/go/2305543548.html?price=12.86&sid=26246&type=oc_offer,0,/type/3253560470111.html
129,2626,Mesure et traçage STANLEY Stanley compas a ressort a pointe 200mm,15.13,EUR,false,Darty.com (Marketplace),/go/3208673786677169506.html?price=15.13&sid=316364&type=oc_offer,0,/type/3253560470111.html
130,2626,COMPAS A RESSORT A POINTE 200MM STANLEY 0-47-011,15.27,EUR,false,Master-outillage.com,/go/3157309269179631344.html?price=15.27&sid=282706&type=oc_offer,0,/type/3253560470111.html
131,2626,Compas à ressort avec pointes et réglage rapide 200mm,16.38,EUR,false,Quincaillerie.pro,/go/8568134692.html?price=16.38&sid=279458&type=oc_offer,0,/type/3253560470111.html
132,2626,COMPAS À RESSORT,16.49,EUR,false,Comptoirdespros.com,/go/3254384418755708526.html?price=16.49&sid=283959&type=oc_offer,0,/type/3253560470111.html
133,2626,Stanley 0-47-011 Compas à ressort à pointe 200 mm,16.62,EUR,false,Mon Magasin General,/go/3206775920463450244.html?price=16.62&sid=24573&type=oc_offer,0,/type/3253560470111.html
134,2626,Compas à ressort en acier poli Stanley - Dimensions 20 cm,18.06,EUR,false,ManoMano.fr,/go/3188711138927849849.html?price=18.06&sid=291209&type=oc_offer,0,/type/3253560470111.html
135,2626,Stanley Compas à ressort en acier poli 20cm,23.57,EUR,false,Rueducommerce.fr (Marketplace),/go/3213756508120561777.html?price=23.57&sid=25482&type=oc_offer,0,/type/3253560470111.html
136,2626,Stanley - Embouts boussole,23.57,EUR,false,,/go/3262129593315754372.html?price=23.57&sid=24573&type=oc_offer,0,/type/3253560470111.html
137,2626,Stanley Compas à ressort en acier poli 20cm,24.36,EUR,false,Rueducommerce.fr (Marketplace),/go/3213752837265689605.html?price=24.36&sid=25482&type=oc_offer,0,/type/3253560470111.html
138,2626,Stanley - Embouts boussole,24.7,EUR,false,AS-Discount,/go/3246664161408582811.html?price=24.70&sid=24573&type=oc_offer,0,/type/3253560470111.html
139,2626,Stanley Compas à ressort en acier poli 20cm,28.62,EUR,false,Rueducommerce.fr (Marketplace),/go/3247045696928351480.html?price=28.62&sid=25482&type=oc_offer,0,/type/3253560470111.html
140,2626,Compas à ressort - Stanley A193762,29.4,EUR,false,Manutan.fr,/go/3206151720902078618.html?price=29.40&sid=61993&type=oc_offer,0,/type/3253560470111.html
141,2630,0-89-873 Pince à dénuder MaxSteel,12.41,EUR,false,ManoMano.fr,/go/6925317126.html?categoryId=19084&offerKey=8e48eb4e7e827187ad808c63ab26e8e7&offerListId=2345109-8AD5E5F62B39D00BF30AEB689B905DCD&pos=1&price=12.41&productid=2345109&sid=291209&type=offer,0,/prix/2345109/stanley-89-873.html
142,2630,Pince à denuder 160mm FatMax Stanley - 3253560898731,12.41,EUR,false,Rakuten.com FR,/go/1661099981.html?categoryId=19084&offerKey=6f69d1fd715fe499f1030381de4bf566&offerListId=2345109-8AD5E5F62B39D00BF30AEB689B905DCD&pos=2&price=12.41&productid=2345109&sid=26246&type=offer,0,/prix/2345109/stanley-89-873.html
143,2630,PINCE A DENUDER 165MM STANLEY FATMAX 0-89-873,12.43,EUR,false,Master-outillage.com,/go/3157309301897305052.html?categoryId=19084&offerKey=cacffa70ce40370b86edd319be0251b5&offerListId=2345109-8AD5E5F62B39D00BF30AEB689B905DCD&pos=3&price=12.43&productid=2345109&sid=282706&type=offer,0,/prix/2345109/stanley-89-873.html
144,2630,PINCE À DÉNUDER 165MM FATMAX®,13.42,EUR,false,Comptoirdespros.com,/go/3256679551767414515.html?categoryId=19084&offerKey=dcca139b30621b5064087a63186677d2&offerListId=2345109-8AD5E5F62B39D00BF30AEB689B905DCD&pos=4&price=13.42&productid=2345109&sid=283959&type=offer,0,/prix/2345109/stanley-89-873.html
145,2630,Pince à dénuder fatmax 0-89-873,16.9,EUR,false,Alexis-robert-bricolage.com,/go/3222599236862347465.html?categoryId=19084&offerKey=38415596389a9df00152d48fd4c163f2&offerListId=2345109-8AD5E5F62B39D00BF30AEB689B905DCD&pos=5&price=16.90&productid=2345109&sid=288310&type=offer,0,/prix/2345109/stanley-89-873.html
146,2630,"
document.getElementById(""result-5-offerinfo"").title = document.getElementById(""result-5-offerinfo"").innerHTML = idealoApp.getContents('$E2?=6J _ gh gfb |2I $E66= !:?46 U28C2G6j 5U624FE6j?F56C `d_ \>\> Wx\>A@CE vC2?56 qC6E28?6X');
",20.0,EUR,false,,/go/3267521990635815461.html?categoryId=19084&offerKey=4b988ce3943aa09b2243ee3d15b76586&offerListId=2345109-8AD5E5F62B39D00BF30AEB689B905DCD&pos=6&price=20.00&productid=2345109&sid=24573&type=offer,0,/prix/2345109/stanley-89-873.html
147,2630,Pince à dénuder 165mm fatmax® A193551,23.75,EUR,false,Manutan.fr,/go/3206151720843351580.html?categoryId=19084&offerKey=fd124cdfd534acdc23597fafa90089b2&offerListId=2345109-8AD5E5F62B39D00BF30AEB689B905DCD&pos=7&price=23.75&productid=2345109&sid=61993&type=offer,0,/prix/2345109/stanley-89-873.html
148,2638,"Toile paillage vert 1,25x100m weedsol ref.2014541",89.34,EUR,false,ManoMano.fr,/go/3178191589488988397.html?price=89.34&sid=291209&type=oc_offer,0,/type/8413246018807.html
149,2638,"Toile paillage vert 1,25x100m weedsol ref.2014541",94.67,EUR,false,,/go/3248295585909836443.html?price=94.67&sid=24573&type=oc_offer,0,/type/8413246018807.html
150,2638,"Toile paillage vert 1,25x100m weedsol ref.2014541",97.38,EUR,false,,/go/3214326143089913144.html?price=97.38&sid=24573&type=oc_offer,0,/type/8413246018807.html
151,2638,"Toile De Paillage Tissée Weedsol - 1,25 X 100 M Vert",99.91,EUR,false,Rakuten.com FR,/go/3219329843004965973.html?price=99.91&sid=26246&type=oc_offer,0,/type/8413246018807.html
152,2658,NIVEAU LASER CROIX AU­TO­MA­TIQUE CLLI - Stanley 1-77-123,106.84,EUR,false,Master-outillage.com,/go/3158033226188992354.html?categoryId=22275&offerKey=9ac91f04db8d3cf30a1815454015d06b&offerListId=2670472-5A7E62BFDC7ACA35E0F566852950F2AE&pos=1&price=106.84&productid=2670472&sid=282706&type=offer,0,/prix/2670472/stanley-fatmax-clli-set.html
153,2658,Stanley 177123 Kit Niveau Laser Croix CLLi + Pôle 77-123,128.3,EUR,false,Mytoolstore.fr,/go/7380769821.html?categoryId=22275&offerKey=b621794192f27acbdb6e40bbcd41904f&offerListId=2670472-5A7E62BFDC7ACA35E0F566852950F2AE&pos=2&price=128.30&productid=2670472&sid=29224&type=offer,0,/prix/2670472/stanley-fatmax-clli-set.html
154,2658,Niveau laser croix fatmax clli + pôle 1-77-123 stanley,130.04,EUR,false,Alexis-robert-bricolage.com,/go/3222599232944875706.html?categoryId=22275&offerKey=a4bfed58eeaf38ffc95e0df823768faf&offerListId=2670472-5A7E62BFDC7ACA35E0F566852950F2AE&pos=3&price=130.04&productid=2670472&sid=288310&type=offer,0,/prix/2670472/stanley-fatmax-clli-set.html
155,2658,Niveau laser croix FatMax CLLi + Pôle 1-77-123 STANLEY,131.09,EUR,false,ManoMano.fr,/go/4746121521.html?categoryId=22275&offerKey=12a161d8cc4d52ced5e67c59dbcb9139&offerListId=2670472-5A7E62BFDC7ACA35E0F566852950F2AE&pos=4&price=131.09&productid=2670472&sid=291209&type=offer,0,/prix/2670472/stanley-fatmax-clli-set.html
156,2658,STANLEY 1-77-123 CLLI Niveau Laser Croix Au­to­ma­tique Canne 2.7m Sacoche Cible,131.34,EUR,false,Rueducommerce.fr (Marketplace),/go/3213753672250964323.html?categoryId=22275&offerKey=fab374567f0a99dadef83626d75ce36a&offerListId=2670472-5A7E62BFDC7ACA35E0F566852950F2AE&pos=5&price=131.34&productid=2670472&sid=25482&type=offer,0,/prix/2670472/stanley-fatmax-clli-set.html
157,2658,"
document.getElementById(""result-5-offerinfo"").title = document.getElementById(""result-5-offerinfo"").innerHTML = idealoApp.getContents('$E2?=6J `\\ff\\`ab z:E }:G62F {2D6C pFUD9JjE@UD9Jj\>2UD9JjE:BF6 r{{ x');
",132.07,EUR,false,Amazon.fr,/go/7311563010.html?categoryId=22275&offerKey=d16257a48b1ead4278f939dadabc8a0e&offerListId=2670472-5A7E62BFDC7ACA35E0F566852950F2AE&pos=6&price=132.07&productid=2670472&sid=12003&type=offer,0,/prix/2670472/stanley-fatmax-clli-set.html
158,2658,Laser en croix Stanley CLLi,133.77,EUR,false,Rakuten.com FR,/go/2291824962.html?categoryId=22275&offerKey=7b3677c2ab30d80bcd2699a514189ec7&offerListId=2670472-5A7E62BFDC7ACA35E0F566852950F2AE&pos=7&price=133.77&productid=2670472&sid=26246&type=offer,0,/prix/2670472/stanley-fatmax-clli-set.html
159,2658,"
document.getElementById(""result-7-offerinfo"").title = document.getElementById(""result-7-offerinfo"").innerHTML = idealoApp.getContents('$E2?=6J `\\ff\\`ab zC6FKUD9Jj=:UD9Jj?:6?UD9Jj=2UD9JjD6C\\$6E r==: `_\> 2G64 r2??6 %U624FE6jUD9Jj=6DUD9Jj4@UD9JjA:BF6');
",134.0,EUR,false,promarco,/go/3243629312768739687.html?categoryId=22275&offerKey=800d1048e944e2506ba1e6cc3d6bd815&offerListId=2670472-5A7E62BFDC7ACA35E0F566852950F2AE&pos=8&price=134.00&productid=2670472&sid=24572&type=offer,0,/prix/2670472/stanley-fatmax-clli-set.html
160,2658,Niveau làser à croix au­to­ma­tique Stanley CLLi,137.0,EUR,false,ManoMano.fr,/go/3266130200632492173.html?categoryId=22275&offerKey=19984ea2699b393bc19084f1d3b252e2&offerListId=2670472-5A7E62BFDC7ACA35E0F566852950F2AE&pos=9&price=137.00&productid=2670472&sid=291209&type=offer,0,/prix/2670472/stanley-fatmax-clli-set.html
161,2658,Laser en croix Stanley CLLi,140.0,EUR,false,Rotopino.fr,/go/4919416295.html?categoryId=22275&offerKey=19b3497d60d5c00e4b4e7acdcf178202&offerListId=2670472-5A7E62BFDC7ACA35E0F566852950F2AE&pos=10&price=140.00&productid=2670472&sid=287166&type=offer,0,/prix/2670472/stanley-fatmax-clli-set.html
162,2658,Niveau laser STANLEY Stanley 1-77-123 Kit Niveau laser au­to­ma­tique CLL I,140.81,EUR,false,Darty.com (Marketplace),/go/3219809355834591606.html?categoryId=22275&offerKey=3cd5ab0802902426e4a21eb8597024c0&offerListId=2670472-5A7E62BFDC7ACA35E0F566852950F2AE&pos=11&price=140.81&productid=2670472&sid=316364&type=offer,0,/prix/2670472/stanley-fatmax-clli-set.html
163,2658,Stanley 1-77-123,140.99,EUR,false,Fixami.fr,/go/3235106857146125137.html?categoryId=22275&offerKey=b384e5434d760da2306124b06c4e8366&offerListId=2670472-5A7E62BFDC7ACA35E0F566852950F2AE&pos=12&price=140.99&productid=2670472&sid=306120&type=offer,0,/prix/2670472/stanley-fatmax-clli-set.html
164,2658,STANLEY 1-77-123 CLLI Niveau Laser Croix Au­to­ma­tique Canne 2.7m Sacoche Cible,142.11,EUR,false,Rueducommerce.fr (Marketplace),/go/3213754927585175066.html?categoryId=22275&offerKey=62ed8d5e2918c073acca238576383b1c&offerListId=2670472-5A7E62BFDC7ACA35E0F566852950F2AE&pos=13&price=142.11&productid=2670472&sid=25482&type=offer,0,/prix/2670472/stanley-fatmax-clli-set.html
165,2658,Niveau laser en croix CLLi,144.75,EUR,false,Ubaldi.com (Marketplace),/go/3221509345420255038.html?categoryId=22275&offerKey=db3d35dc9c25e0aa8680337397c2f1ce&offerListId=2670472-5A7E62BFDC7ACA35E0F566852950F2AE&pos=14&price=144.75&productid=2670472&sid=316737&type=offer,0,/prix/2670472/stanley-fatmax-clli-set.html
166,2658,STANLEY 1-77-123 CLLI Niveau Laser Croix Au­to­ma­tique Canne 2.7m Sacoche Cible,146.76,EUR,false,Rueducommerce.fr (Marketplace),/go/3214442447528537126.html?categoryId=22275&offerKey=3943f962b408482f527cc0273e7bb68b&offerListId=2670472-5A7E62BFDC7ACA35E0F566852950F2AE&pos=15&price=146.76&productid=2670472&sid=25482&type=offer,0,/prix/2670472/stanley-fatmax-clli-set.html
167,2667,"
document.getElementById(""result-0-offerinfo"").title = document.getElementById(""result-0-offerinfo"").innerHTML = idealoApp.getContents('$E2?=6J `\\ed\\bc_ %@FC?6G:D 82\>\>6');
",3.53,EUR,false,,/go/3253727575085679972.html?categoryId=19083&offerKey=a609ad733026ea93d36da3685e2fb08b&offerListId=2361062-D57A55530957A198EB92ED92DF070694&pos=1&price=3.53&productid=2361062&sid=24573&type=offer,0,/prix/2361062/stanley-65-340.html
168,2667,TOURNEVIS TAMPER TORX FATMAX®,4.08,EUR,false,Comptoirdespros.com,/go/3256679554181237751.html?categoryId=19083&offerKey=e548d9569721dd14cf8e7b4972774b81&offerListId=2361062-D57A55530957A198EB92ED92DF070694&pos=2&price=4.08&productid=2361062&sid=283959&type=offer,0,/prix/2361062/stanley-65-340.html
169,2667,TOURNEVIS TAMPER TORX FATMAX®,4.2,EUR,false,Comptoirdespros.com,/go/3256679551775801477.html?categoryId=19083&offerKey=4b95b9bf18eff2c81f66866070e36634&offerListId=2361062-D57A55530957A198EB92ED92DF070694&pos=3&price=4.20&productid=2361062&sid=283959&type=offer,0,/prix/2361062/stanley-65-340.html
170,2667,FatMax Tournevis Torx TT10 X 75mm Stanley - 3253560653408,4.2,EUR,false,Rakuten.com FR,/go/1678944418.html?categoryId=19083&offerKey=0b98b6615b8c75b05a4f5bc85272b233&offerListId=2361062-D57A55530957A198EB92ED92DF070694&pos=4&price=4.20&productid=2361062&sid=26246&type=offer,0,/prix/2361062/stanley-65-340.html
171,2667,"Tournevis torx - T10 - Ø 3 mm - Lame 7,5 cm - Stanley Fatmax",5.1,EUR,false,ManoMano.fr,/go/6408883635.html?categoryId=19083&offerKey=f9e3a7ce4091230b4848fcc595265351&offerListId=2361062-D57A55530957A198EB92ED92DF070694&pos=5&price=5.10&productid=2361062&sid=291209&type=offer,0,/prix/2361062/stanley-65-340.html
172,2667,Tournevis torx tamper fatmax stanley,5.8,EUR,false,Alexis-robert-bricolage.com,/go/3222599237881561196.html?categoryId=19083&offerKey=3d3ea4dca25a83e48902b3d33fe84a74&offerListId=2361062-D57A55530957A198EB92ED92DF070694&pos=6&price=5.80&productid=2361062&sid=288310&type=offer,0,/prix/2361062/stanley-65-340.html
173,2667,"
document.getElementById(""result-6-offerinfo"").title = document.getElementById(""result-6-offerinfo"").innerHTML = idealoApp.getContents('$E2?=6J `\\ed\\bc_ %@FC?6G:D 82\>\>6');
",5.87,EUR,false,Amazon.fr,/go/7355232263.html?categoryId=19083&offerKey=7fafb54a57a8c8c8b381cbd3f1d3031c&offerListId=2361062-D57A55530957A198EB92ED92DF070694&pos=7&price=5.87&productid=2361062&sid=12003&type=offer,0,/prix/2361062/stanley-65-340.html
174,2667,Tournevis tamper torx fatmax® A193484,7.26,EUR,false,Manutan.fr,/go/3206151721954842992.html?categoryId=19083&offerKey=9aa4758dda01ce0fdb3af9e801a255b4&offerListId=2361062-D57A55530957A198EB92ED92DF070694&pos=8&price=7.26&productid=2361062&sid=61993&type=offer,0,/prix/2361062/stanley-65-340.html
175,2667,Stanley Tournevis Tamper Torx Fatmax TT10 - 75 mm,9.7,EUR,false,ManoMano.fr,/go/3267643121927718641.html?categoryId=19083&offerKey=b148293b747719e199656481e7ead450&offerListId=2361062-D57A55530957A198EB92ED92DF070694&pos=9&price=9.70&productid=2361062&sid=291209&type=offer,0,/prix/2361062/stanley-65-340.html
176,2667,FATMAX Tournevis Fatmax Torx Tamper T10 75mm,13.43,EUR,false,Home-boulevard.com,/go/3263520566419655111.html?categoryId=19083&offerKey=3e5d08831e3751f857262c3a9c5769c6&offerListId=2361062-D57A55530957A198EB92ED92DF070694&pos=10&price=13.43&productid=2361062&sid=280884&type=offer,0,/prix/2361062/stanley-65-340.html
177,2667,"Tournevis torx - TT 10, 3 x 75 mm",15.24,EUR,false,Rakuten.com FR,/go/2305555211.html?categoryId=19083&offerKey=08d3b522d48c2eb1c9feb3606d8aa65f&offerListId=2361062-D57A55530957A198EB92ED92DF070694&pos=11&price=15.24&productid=2361062&sid=26246&type=offer,0,/prix/2361062/stanley-65-340.html
