,index_data,product_name,product_price,currency,voucher,shop_name,url_origin,url_image,id_page
0,1987,Chauffe-eau électrique 300 litres Vizengo Atlantic vertical sur socle,813.68,EUR,false,Lecomptoirdesenergies.com,/go/3489998095.html?categoryId=14459&offerKey=02824520f10b1b3979e470649aec6f79&offerListId=2674024-7A6FDE0B597AB64B5CC98DD64B2A78C6&pos=1&price=813.68&productid=2674024&sid=282195&type=offer,0,/prix/2674024/atlantic-vizengo-vertical-sur-socle-300-l.html
1,1987,Chauffe-eau stéatite vertical stable 300L mono VIZENGO,832.58,EUR,false,ManoMano.fr,/go/6227779465.html?categoryId=14459&offerKey=bc53ea1edd17821c3dffe85d2383b063&offerListId=2674024-7A6FDE0B597AB64B5CC98DD64B2A78C6&pos=2&price=832.58&productid=2674024&sid=291209&type=offer,0,/prix/2674024/atlantic-vizengo-vertical-sur-socle-300-l.html
2,1987,Atlantic Vizengo Cumulus Electrique Vertical Sur Socle Mo­no­ki­table Aci Per­for­mance 300l,861.15,EUR,false,Rakuten.com FR,/go/3268164567703750368.html?categoryId=14459&offerKey=103683b181c84e3640a9e80f87ef05c3&offerListId=2674024-7A6FDE0B597AB64B5CC98DD64B2A78C6&pos=3&price=861.15&productid=2674024&sid=26246&type=offer,0,/prix/2674024/atlantic-vizengo-vertical-sur-socle-300-l.html
3,1987,"Vizengo vertical sur socle, 154430 300 Litres 300 Litres",917.84,EUR,false,Maison-energy.com,/go/7754580466.html?categoryId=14459&offerKey=d091912c78bbe44535af387fcfe7582e&offerListId=2674024-7A6FDE0B597AB64B5CC98DD64B2A78C6&pos=4&price=917.84&productid=2674024&sid=255809&type=offer,0,/prix/2674024/atlantic-vizengo-vertical-sur-socle-300-l.html
4,1987,"
document.getElementById(""result-4-offerinfo"").title = document.getElementById(""result-4-offerinfo"").innerHTML = idealoApp.getContents('pE=2?E:4 \\ r92F776\\62F U624FE6j=64EC:BF6 DFC $@4=6 \':K6?8@ b__ {');
",925.0,EUR,false,,/go/3268322655454888981.html?categoryId=14459&offerKey=bd4b29fbeb811466b561e0236857cd36&offerListId=2674024-7A6FDE0B597AB64B5CC98DD64B2A78C6&pos=5&price=925.00&productid=2674024&sid=24573&type=offer,0,/prix/2674024/atlantic-vizengo-vertical-sur-socle-300-l.html
5,2046,Chauffe-eau blindé vertical mural 150L compact,253.92,EUR,false,Comptoirdespros.com,/go/3226800677434949962.html?categoryId=14459&offerKey=49307a1ef656c147493e338990d7b673&offerListId=2673032-BA65F666C46D5C14261CBB843E68F0A9&pos=1&price=253.92&productid=2673032&sid=283959&type=offer,0,/prix/2673032/thermor-vertical-mural-blinde-150-l.html
6,2046,Chauffe-eau électrique THERMOR Blindé - 150 litres - Vertical mural - Mono - 271072,257.9,EUR,false,Maxoutil.com,/go/6464902981.html?categoryId=14459&offerKey=9591afc5f83b3b8ba9b5b0b133460d0f&offerListId=2673032-BA65F666C46D5C14261CBB843E68F0A9&pos=2&price=257.90&productid=2673032&sid=254364&type=offer,0,/prix/2673032/thermor-vertical-mural-blinde-150-l.html
7,2046,Blindé 871515 150 Litres Vertical mural compact 150 Litres Vertical mural compact,258.92,EUR,false,Maison-energy.com,/go/3212672992272199521.html?categoryId=14459&offerKey=fe7786dc22e04adaae2d52e57792f0a3&offerListId=2673032-BA65F666C46D5C14261CBB843E68F0A9&pos=3&price=258.92&productid=2673032&sid=255809&type=offer,0,/prix/2673032/thermor-vertical-mural-blinde-150-l.html
8,2046,Blindé 150L vertical mural mono compact,274.62,EUR,false,ManoMano.fr,/go/3182186976723864370.html?categoryId=14459&offerKey=0d122bede0f2dea63b12068c584ba8e7&offerListId=2673032-BA65F666C46D5C14261CBB843E68F0A9&pos=4&price=274.62&productid=2673032&sid=291209&type=offer,0,/prix/2673032/thermor-vertical-mural-blinde-150-l.html
9,2046,"
document.getElementById(""result-4-offerinfo"").title = document.getElementById(""result-4-offerinfo"").innerHTML = idealoApp.getContents('rwp\&uut tp\& q{x}st \'t#%xrp{ |\&#p{ `d_{ r~|!pr% `e__( sdf_ %wt#|~#');
",287.37,EUR,false,Brico-travo,/go/3248043121132440522.html?categoryId=14459&offerKey=ea37fa64a51a35f6992ae8ef210e24c1&offerListId=2673032-BA65F666C46D5C14261CBB843E68F0A9&pos=5&price=287.37&productid=2673032&sid=24573&type=offer,0,/prix/2673032/thermor-vertical-mural-blinde-150-l.html
