,index_data,product_name,product_price,currency,voucher,shop_name,url_origin,url_image,id_page
0,12513,Cléopâtre - AD1L - Flacon de Recharge de Colle transparente forte 1 L,6.99,EUR,false,Amazon.fr,/go/3249466794049538695.html?price=6.99&sid=12003&type=oc_offer,0,/type/3134722040017.html
1,12513,Colle forte transparente - 1 l,7.85,EUR,false,Scrapmalin.com,/go/3248349426709695373.html?price=7.85&sid=309466&type=oc_offer,0,/type/3134722040017.html
2,12513,"Cléopâtre Colle Transparente Forte ""Adhésive"" En 1 Kg",8.34,EUR,false,Rakuten.com FR,/go/3215191712169208578.html?price=8.34&sid=26246&type=oc_offer,0,/type/3134722040017.html
3,12513,Cléopâtre - AD1L - Flacon de Recharge de Colle transparente forte 1 L,9.95,EUR,false,,/go/3265633042605016933.html?price=9.95&sid=24573&type=oc_offer,0,/type/3134722040017.html
4,12513,Ruban adhésif & colle Cleopatre Colle transparente adhésive cléopâtre 1 kg,14.25,EUR,false,Darty.com (Marketplace),/go/3268937459353780438.html?price=14.25&sid=316364&type=oc_offer,0,/type/3134722040017.html
5,12513,Rue Du Commerce Colle transparente adhésive Cléopâtre 1 kg,29.13,EUR,false,Rueducommerce.fr (Marketplace),/go/3264071068037415275.html?price=29.13&sid=25482&type=oc_offer,0,/type/3134722040017.html
6,12545,Scie à chantourner 405 mm 80 w - PEU132159,166.55,EUR,false,Bricommerce.com,/go/5226671043.html?price=166.55&sid=62171&type=oc_offer,0,/type/3611351321590.html
7,12545,Peugeot ENERGYSCROLL-400VE 132159 Scie à chantourner 80 W,169.99,EUR,false,Amazon.fr,/go/3163655199701078208.html?price=169.99&sid=12003&type=oc_offer,0,/type/3611351321590.html
8,12545,Scie à chantourner à vitesse variable 80W - ENERGYSCROLL-405VE 132159 PEUGEOT,169.99,EUR,false,Bricozor.com,/go/3267557147461813198.html?price=169.99&sid=272921&type=oc_offer,0,/type/3611351321590.html
9,12545,PEUGEOT Scie à chantourner Energyscroll 405VE 80W,169.99,EUR,false,Cdiscount.com,/go/9513421886.html?price=169.99&sid=29061&type=oc_offer,0,/type/3611351321590.html
10,12545,Scie à chantourner Peugeot - 132159,169.99,EUR,false,Rakuten.com FR,/go/5310742574.html?price=169.99&sid=26246&type=oc_offer,0,/type/3611351321590.html
11,12545,Peugeot Scie à chantourner col de cygne 405 mm - 80 W 230 V Energyscroll-405VE - 132159,228.38,EUR,false,Rueducommerce.fr (Marketplace),/go/3236981612587516294.html?price=228.38&sid=25482&type=oc_offer,0,/type/3611351321590.html
12,12545,Peugeot - Scie à chantourner à vitesse variable 80W - EnergyScroll-405VE,236.67,EUR,false,ManoMano.fr,/go/6537974447.html?price=236.67&sid=291209&type=oc_offer,0,/type/3611351321590.html
13,12545,Peugeot Scie à chantourner col de cygne 405 mm - 80 W 230 V Energyscroll-405VE - 132159,236.67,EUR,false,Rueducommerce.fr (Marketplace),/go/3267198949699619146.html?price=236.67&sid=25482&type=oc_offer,0,/type/3611351321590.html
14,12563,"Perceuse, visseuse Bosch Bosch - perceuse visseuse à batterie 12v 2x2ah - gsr 12v-15 fc flex",145.5,EUR,false,Darty.com (Marketplace),/go/3233141703210698325.html?categoryId=3687&offerKey=1d4458a3e5d11adb5ffb0c80867ef771&offerListId=5364843-D8FA0030688D1E77C043930123596D8F&pos=1&price=145.50&productid=5364843&sid=316364&type=offer,0,/prix/5364843/bosch-gsr-12v-15-fc-professional-06019f6001.html
15,12563,Bosch perceuse visseuse gsr12v-15fc flex 2x2ah - 06019f6001,145.5,EUR,false,Rueducommerce.fr (Marketplace),/go/3267693272100767830.html?categoryId=3687&offerKey=5ec4f29924ada8b282830879f995a35d&offerListId=5364843-D8FA0030688D1E77C043930123596D8F&pos=2&price=145.50&productid=5364843&sid=25482&type=offer,0,/prix/5364843/bosch-gsr-12v-15-fc-professional-06019f6001.html
16,12563,Bosch GSR 12V-15 FC Perceuse visseuse à batteries 12V Li-Ion (2x batterie 2.0Ah) dans L-Boxx,145.99,EUR,false,Fixami.fr,/go/3235106748767405893.html?categoryId=3687&offerKey=b4ab93913a1d4522510ce687b09fb893&offerListId=5364843-D8FA0030688D1E77C043930123596D8F&pos=3&price=145.99&productid=5364843&sid=306120&type=offer,0,/prix/5364843/bosch-gsr-12v-15-fc-professional-06019f6001.html
17,12563,"
document.getElementById(""result-3-offerinfo"").title = document.getElementById(""result-3-offerinfo"").innerHTML = idealoApp.getContents('q@D49 !C@UD9Jj76DUD9JjD:@UD9Jj?2= _e_`hue__` v$# `a\'\\`d ur !6C46FD6 G:DD6FD6 {:\\x@?');
",154.0,EUR,false,Amazon.fr,/go/3162754850890986154.html?categoryId=3687&offerKey=0a90ee70aa78cb0a5a23bde8e1886b0b&offerListId=5364843-D8FA0030688D1E77C043930123596D8F&pos=4&price=154.00&productid=5364843&sid=12003&type=offer,0,/prix/5364843/bosch-gsr-12v-15-fc-professional-06019f6001.html
18,12563,Per­ceuse-vis­seuse Bosch GSR 12V-15 FC Flex,154.0,EUR,false,Rotopino.fr,/go/3168464241365616980.html?categoryId=3687&offerKey=67f10688bb924380203346454c9bc911&offerListId=5364843-D8FA0030688D1E77C043930123596D8F&pos=5&price=154.00&productid=5364843&sid=287166&type=offer,0,/prix/5364843/bosch-gsr-12v-15-fc-professional-06019f6001.html
19,12563,"Bosch GSR 12V-15 FC Pro­fes­sio­nal Noir, Bleu Perceuse à poignée pistolet Li­thium-Ion (Li-Ion) 600g, Tournevix",154.9,EUR,false,Alternate.fr,/go/3220081981006021223.html?categoryId=3687&offerKey=74c05ca112869e3b67bd3e05745f8b8c&offerListId=5364843-D8FA0030688D1E77C043930123596D8F&pos=6&price=154.90&productid=5364843&sid=291809&type=offer,0,/prix/5364843/bosch-gsr-12v-15-fc-professional-06019f6001.html
20,12563,Bosch - Perceuse visseuse à batterie 12V 2x2Ah - GSR 12V-15 FC Flex,156.53,EUR,false,Rakuten.com FR,/go/9761606454.html?categoryId=3687&offerKey=61a15fcc105d9a95e3553e9c8a0e690c&offerListId=5364843-D8FA0030688D1E77C043930123596D8F&pos=7&price=156.53&productid=5364843&sid=26246&type=offer,0,/prix/5364843/bosch-gsr-12v-15-fc-professional-06019f6001.html
21,12563,Per­ceuse-vis­seuse sans fil Bosch GSR 12V-15 FC Pro­fes­sio­nal 06019F6001,164.16,EUR,false,Master-outillage.com,/go/3155423450527434673.html?categoryId=3687&offerKey=357dcc3997672020075486b2833e6683&offerListId=5364843-D8FA0030688D1E77C043930123596D8F&pos=8&price=164.16&productid=5364843&sid=282706&type=offer,0,/prix/5364843/bosch-gsr-12v-15-fc-professional-06019f6001.html
22,12563,"
document.getElementById(""result-8-offerinfo"").title = document.getElementById(""result-8-offerinfo"").innerHTML = idealoApp.getContents('q@D49 !C@UD9Jj76DUD9JjD:@UD9Jj?2= _e_`hue__` v$# `a\'\\`d ur !6C46FD6 G:DD6FD6 {:\\x@?');
",164.79,EUR,false,SEDIVA FR,/go/3267225427724207895.html?categoryId=3687&offerKey=f880cebabc5b5d533686a9d632acb43f&offerListId=5364843-D8FA0030688D1E77C043930123596D8F&pos=9&price=164.79&productid=5364843&sid=24573&type=offer,0,/prix/5364843/bosch-gsr-12v-15-fc-professional-06019f6001.html
23,12563,Bosch perceuse visseuse gsr12v-15fc flex 2x2ah - 06019f6001,168.61,EUR,false,Rueducommerce.fr (Marketplace),/go/3235856514744844572.html?categoryId=3687&offerKey=c692caa0102b265121d0bec39b9d89cd&offerListId=5364843-D8FA0030688D1E77C043930123596D8F&pos=10&price=168.61&productid=5364843&sid=25482&type=offer,0,/prix/5364843/bosch-gsr-12v-15-fc-professional-06019f6001.html
24,12563,Bosch perceuse visseuse gsr12v-15fc flex 2x2ah - 06019f6001,172.88,EUR,false,Rueducommerce.fr (Marketplace),/go/3267512897661568975.html?categoryId=3687&offerKey=0f2869b0153fa5852c7450a0748fe989&offerListId=5364843-D8FA0030688D1E77C043930123596D8F&pos=11&price=172.88&productid=5364843&sid=25482&type=offer,0,/prix/5364843/bosch-gsr-12v-15-fc-professional-06019f6001.html
25,12563,BOSCH Perceuse visseuse GSR12V-15FC Flex 2x2Ah - 06019F6001,175.08,EUR,false,ManoMano.fr,/go/3185810644681107861.html?categoryId=3687&offerKey=b5d9b6eeecbfdaec11a4535d8eb7f9fb&offerListId=5364843-D8FA0030688D1E77C043930123596D8F&pos=12&price=175.08&productid=5364843&sid=291209&type=offer,0,/prix/5364843/bosch-gsr-12v-15-fc-professional-06019f6001.html
26,12563,Bosch perceuse visseuse gsr12v-15fc flex 2x2ah - 06019f6001,175.08,EUR,false,Guedo-outillage.fr,/go/8082058175.html?categoryId=3687&offerKey=f9a20c793fcc938c933e10b939137dea&offerListId=5364843-D8FA0030688D1E77C043930123596D8F&pos=13&price=175.08&productid=5364843&sid=69278&type=offer,0,/prix/5364843/bosch-gsr-12v-15-fc-professional-06019f6001.html
27,12563,"Bosch Per­ceuse-vis­seuse sans fil GSR 12V-15 FC, avec 2 x 2,0 Ah batteries, L-BOXX - 06019F6001",179.0,EUR,false,Mytoolstore.fr,/go/3239406331811072478.html?categoryId=3687&offerKey=a0651c149df72e6e31f8cbc23cda4733&offerListId=5364843-D8FA0030688D1E77C043930123596D8F&pos=14&price=179.00&productid=5364843&sid=29224&type=offer,0,/prix/5364843/bosch-gsr-12v-15-fc-professional-06019f6001.html
28,12563,Bosch perceuse visseuse gsr12v-15fc flex 2x2ah - 06019f6001,181.38,EUR,false,Rueducommerce.fr (Marketplace),/go/3262257558932425709.html?categoryId=3687&offerKey=709ed89fb570f33b551fc164bbc2070b&offerListId=5364843-D8FA0030688D1E77C043930123596D8F&pos=15&price=181.38&productid=5364843&sid=25482&type=offer,0,/prix/5364843/bosch-gsr-12v-15-fc-professional-06019f6001.html
29,12622,Fendeur de bûches horizontal 2100 w 6 T - 182024,411.85,EUR,false,Bricommerce.com,/go/3425932244.html?categoryId=14461&offerKey=3edebb497b02608293ec095400557edd&offerListId=2203070-FC34D84ED7E0B888F849B9100C06FACD&pos=1&price=411.85&productid=2203070&sid=62171&type=offer,0,/prix/2203070/far-tools-fb-520.html
30,12622,Fendeur de buches 6 tonnes sur support Fartools,411.85,EUR,false,Rakuten.com FR,/go/5274287207.html?categoryId=14461&offerKey=cad8569429f20cc992cc38fc341866e1&offerListId=2203070-FC34D84ED7E0B888F849B9100C06FACD&pos=2&price=411.85&productid=2203070&sid=26246&type=offer,0,/prix/2203070/far-tools-fb-520.html
31,12622,Fendeur de bûches horizontal 2100 w 6 T,445.39,EUR,false,ManoMano.fr,/go/3154692627331289083.html?categoryId=14461&offerKey=c7209d134248796923b8e68c26981465&offerListId=2203070-FC34D84ED7E0B888F849B9100C06FACD&pos=3&price=445.39&productid=2203070&sid=291209&type=offer,0,/prix/2203070/far-tools-fb-520.html
32,12658,"
document.getElementById(""result-0-offerinfo"").title = document.getElementById(""result-0-offerinfo"").innerHTML = idealoApp.getContents('s6(2=E srsfgd|a\\\""( !6CUD9Jj46FD6\\G:DUD9JjD6FD6 U28C2G6j A6C4FDD:@? `g \'');
",228.79,EUR,false,Amazon.fr,/go/7329760002.html?categoryId=3687&offerKey=1befc9a1a0402c3411d2ce77f48ec249&offerListId=3367946-99DCA00B599E2E842F0EAD4A7C74DEFA&pos=1&price=228.79&productid=3367946&sid=12003&type=offer,0,/prix/3367946/dewalt-dcd785m2-2-x-4-0ah.html
33,12658,Perceuse visseuse à percussion 18V XR Li-Ion 2x4.0Ah - DEWALT DCD785M2,228.79,EUR,false,ManoMano.fr,/go/3186535788997257260.html?categoryId=3687&offerKey=1131fecf7e5f0809940ed48100a72781&offerListId=3367946-99DCA00B599E2E842F0EAD4A7C74DEFA&pos=2&price=228.79&productid=3367946&sid=291209&type=offer,0,/prix/3367946/dewalt-dcd785m2-2-x-4-0ah.html
34,12658,Dewalt DCD785M2 Perceuse à Percussion Visseuse s. fil 18V 4Ah 2 Accus coffret,230.89,EUR,false,Rueducommerce.fr (Marketplace),/go/3267381729563772179.html?categoryId=3687&offerKey=c765c187c1dbfe0d14119efc9d262880&offerListId=3367946-99DCA00B599E2E842F0EAD4A7C74DEFA&pos=3&price=230.89&productid=3367946&sid=25482&type=offer,0,/prix/3367946/dewalt-dcd785m2-2-x-4-0ah.html
35,12658,"
document.getElementById(""result-3-offerinfo"").title = document.getElementById(""result-3-offerinfo"").innerHTML = idealoApp.getContents('s6H2=E srsfgd|a `gG )# r@\>A24E {:E9:F\> !6C46FD6 |2CE62F r@\>3: aI c]_29 q2EE6C:6D');
",235.72,EUR,false,buyaparcel-store,/go/3268160305881941505.html?categoryId=3687&offerKey=e57175c93039de08f5576eeb1e944972&offerListId=3367946-99DCA00B599E2E842F0EAD4A7C74DEFA&pos=4&price=235.72&productid=3367946&sid=24572&type=offer,0,/prix/3367946/dewalt-dcd785m2-2-x-4-0ah.html
36,12658,Dewalt perceuse visseuse percu 18v li-ion 4ah xr - dcd785m1,250.0,EUR,false,Guedo-outillage.fr,/go/3249784809595078932.html?categoryId=3687&offerKey=b7a837749c1e47a5b0fbcdf35987e8cb&offerListId=3367946-99DCA00B599E2E842F0EAD4A7C74DEFA&pos=5&price=250.00&productid=3367946&sid=69278&type=offer,0,/prix/3367946/dewalt-dcd785m2-2-x-4-0ah.html
37,12658,"Perceuse, visseuse Dewalt Perceuse visseuse à percussion 18V Li-Ion livrée avec 2 batteries 4Ah en coffret DEWALT DCD785M2",250.83,EUR,false,Darty.com (Marketplace),/go/3238317041446292110.html?categoryId=3687&offerKey=f08fe36efcc2dcfdf0edb389906e3940&offerListId=3367946-99DCA00B599E2E842F0EAD4A7C74DEFA&pos=6&price=250.83&productid=3367946&sid=316364&type=offer,0,/prix/3367946/dewalt-dcd785m2-2-x-4-0ah.html
38,12658,Dewalt DCD785M2 Perceuse à Percussion Visseuse s. fil 18V 4Ah 2 Accus coffret,268.57,EUR,false,Rueducommerce.fr (Marketplace),/go/3254657320684094871.html?categoryId=3687&offerKey=16039529813def96e448836b46d23d6a&offerListId=3367946-99DCA00B599E2E842F0EAD4A7C74DEFA&pos=7&price=268.57&productid=3367946&sid=25482&type=offer,0,/prix/3367946/dewalt-dcd785m2-2-x-4-0ah.html
39,12658,Perceuse visseuse percussion DEWALT 13 mm Compact 18 V 4Ah Li-Ion - DCD785M2,273.2,EUR,false,Rakuten.com FR,/go/3846907989.html?categoryId=3687&offerKey=979b5c32e08ad7b86ce7f6253556a1e5&offerListId=3367946-99DCA00B599E2E842F0EAD4A7C74DEFA&pos=8&price=273.20&productid=3367946&sid=26246&type=offer,0,/prix/3367946/dewalt-dcd785m2-2-x-4-0ah.html
40,12658,Dewalt DCD785M2 Perceuse à Percussion Visseuse s. fil 18V 4Ah 2 Accus coffret,276.08,EUR,false,Rueducommerce.fr (Marketplace),/go/3213754847880815373.html?categoryId=3687&offerKey=c02f46249eac1bc71f9cbd650f062909&offerListId=3367946-99DCA00B599E2E842F0EAD4A7C74DEFA&pos=9&price=276.08&productid=3367946&sid=25482&type=offer,0,/prix/3367946/dewalt-dcd785m2-2-x-4-0ah.html
41,12658,Dewalt DCD785M2 Perceuse à Percussion Visseuse s. fil 18V 4Ah 2 Accus coffret,282.62,EUR,false,Rueducommerce.fr (Marketplace),/go/3213757746170042131.html?categoryId=3687&offerKey=2b0f2ab097197c2e32b3e457635f4383&offerListId=3367946-99DCA00B599E2E842F0EAD4A7C74DEFA&pos=10&price=282.62&productid=3367946&sid=25482&type=offer,0,/prix/3367946/dewalt-dcd785m2-2-x-4-0ah.html
42,12658,Dewalt DCD785M2 Perceuse à Percussion Visseuse s. fil 18V 4Ah 2 Accus coffret,289.3,EUR,false,Rueducommerce.fr (Marketplace),/go/3214299683453152733.html?categoryId=3687&offerKey=9350119de98eb91bceeb101140ae805d&offerListId=3367946-99DCA00B599E2E842F0EAD4A7C74DEFA&pos=11&price=289.30&productid=3367946&sid=25482&type=offer,0,/prix/3367946/dewalt-dcd785m2-2-x-4-0ah.html
43,12658,Per­ceuse-vis­seuse à chocs DeWalt DCD785M2,297.0,EUR,false,Rotopino.fr,/go/9351343711.html?categoryId=3687&offerKey=a83815ff88d1007d6e345117822db81d&offerListId=3367946-99DCA00B599E2E842F0EAD4A7C74DEFA&pos=12&price=297.00&productid=3367946&sid=287166&type=offer,0,/prix/3367946/dewalt-dcd785m2-2-x-4-0ah.html
44,12658,Dewalt DCD785M2 Perceuse à Percussion Visseuse s. fil 18V 4Ah 2 Accus coffret,298.0,EUR,false,Rueducommerce.fr (Marketplace),/go/3267198949793990189.html?categoryId=3687&offerKey=6c92f8c92d93b194999b723ca65db762&offerListId=3367946-99DCA00B599E2E842F0EAD4A7C74DEFA&pos=13&price=298.00&productid=3367946&sid=25482&type=offer,0,/prix/3367946/dewalt-dcd785m2-2-x-4-0ah.html
45,12658,Dewalt DCD785M2 Perceuse à Percussion Visseuse s. fil 18V 4Ah 2 Accus coffret,302.29,EUR,false,Rueducommerce.fr (Marketplace),/go/3213754004710367110.html?categoryId=3687&offerKey=99c814233d137ad14e389d2947d0c494&offerListId=3367946-99DCA00B599E2E842F0EAD4A7C74DEFA&pos=14&price=302.29&productid=3367946&sid=25482&type=offer,0,/prix/3367946/dewalt-dcd785m2-2-x-4-0ah.html
46,12658,Dewalt DCD785M2 Perceuse à Percussion Visseuse s. fil 18V 4Ah 2 Accus coffret,311.63,EUR,false,Rueducommerce.fr (Marketplace),/go/3250125250293139798.html?categoryId=3687&offerKey=38c54f8477e038f4ba17d83fd40f214a&offerListId=3367946-99DCA00B599E2E842F0EAD4A7C74DEFA&pos=15&price=311.63&productid=3367946&sid=25482&type=offer,0,/prix/3367946/dewalt-dcd785m2-2-x-4-0ah.html
47,12664,"
document.getElementById(""result-0-offerinfo"").title = document.getElementById(""result-0-offerinfo"").innerHTML = idealoApp.getContents('$@:? ^ 5U624FE6jUD9Jj3C@FDUD9JjD2:==6FD6 (~#) (v`ebt 7@FC?: a 32EE6C:6D {x%wx\&| a_\' a]_ 29');
",139.4,EUR,false,2013agrifer,/go/3244904635994998378.html?categoryId=11275&offerKey=cfec62f107ca002af6861c1342581ef6&offerListId=5587289-75AF9E497A5157BE9AADD29C1D5022CF&pos=1&price=139.40&productid=5587289&sid=24572&type=offer,0,/prix/5587289/worx-wg163e.html
