,index_data,product_name,product_price,currency,voucher,shop_name,url_origin,url_image,id_page
0,2907,"Stanley MESURE BIMATIERE TYLON, Mètre à ruban",2.89,EUR,false,Alternate.fr,/go/3266819015288291670.html?categoryId=22315&offerKey=817fe8d1b59970fa986620731954e573&offerListId=1902168-BB2F5A53A433F002A5252CFCAB45C084&pos=1&price=2.89&productid=1902168&sid=291809&type=offer,0,/prix/1902168/stanley-tylon-3-m-30-687.html
1,2907,"Stanley MESURE BIMATIERE TYLON, Mètre à ruban",3.19,EUR,false,Alternate.fr,/go/3218088386608768308.html?categoryId=22315&offerKey=2b104ce467e80687e7be2098447a0f63&offerListId=1902168-BB2F5A53A433F002A5252CFCAB45C084&pos=2&price=3.19&productid=1902168&sid=291809&type=offer,0,/prix/1902168/stanley-tylon-3-m-30-687.html
2,2907,Mesure stanley tape bi-matière 3m,3.95,EUR,false,Rakuten.com FR,/go/1731372656.html?categoryId=22315&offerKey=81b5ed04d30931d32f31fbd93dbbdcf6&offerListId=1902168-BB2F5A53A433F002A5252CFCAB45C084&pos=3&price=3.95&productid=1902168&sid=26246&type=offer,0,/prix/1902168/stanley-tylon-3-m-30-687.html
3,2907,"
document.getElementById(""result-3-offerinfo"").title = document.getElementById(""result-3-offerinfo"").innerHTML = idealoApp.getContents('$E2?=6J _\\b_\\egf |6DFC6 b \> I `a[f \>\> 3:\\\>2E:U68C2G6jC6 %J=@?');
",3.99,EUR,false,Amazon.fr,/go/3266343501905788947.html?categoryId=22315&offerKey=3d68f5190be3fd5f44ba6ca31cf596fa&offerListId=1902168-BB2F5A53A433F002A5252CFCAB45C084&pos=4&price=3.99&productid=1902168&sid=12003&type=offer,0,/prix/1902168/stanley-tylon-3-m-30-687.html
4,2907,"STANLEY Mètre ruban 3m x 12,7mm en Tylon",3.99,EUR,false,Cdiscount.com,/go/9516140282.html?categoryId=22315&offerKey=ed6d3be575d55f06f5660577d7fde21f&offerListId=1902168-BB2F5A53A433F002A5252CFCAB45C084&pos=5&price=3.99&productid=1902168&sid=29061&type=offer,0,/prix/1902168/stanley-tylon-3-m-30-687.html
5,2907,STANLEY Ruban à mesurer bi-matière Tylon 1-30-687,4.0,EUR,false,Cdiscount.com,/go/3206417851325881178.html?categoryId=22315&offerKey=1dc104e4f2b81865fee67084d8621bde&offerListId=1902168-BB2F5A53A433F002A5252CFCAB45C084&pos=6&price=4.00&productid=1902168&sid=29061&type=offer,0,/prix/1902168/stanley-tylon-3-m-30-687.html
6,2907,Mètre bi-matière Tylon STANLEY - 3 m x 12.7 mm - 1-30-687,4.06,EUR,false,ManoMano.fr,/go/3189803427263678340.html?categoryId=22315&offerKey=fd5dc0db99d6b17b2c26e1dc172baa78&offerListId=1902168-BB2F5A53A433F002A5252CFCAB45C084&pos=7&price=4.06&productid=1902168&sid=291209&type=offer,0,/prix/1902168/stanley-tylon-3-m-30-687.html
7,2907,"
document.getElementById(""result-7-offerinfo"").title = document.getElementById(""result-7-offerinfo"").innerHTML = idealoApp.getContents('$E2?=6J `\\b_\\egf[ #F32? U28C2G6j \>6DFC6C 3:\\\>2E:U68C2G6jC6 b \> I `a[f[ }@:C^y2F?6');
",4.07,EUR,false,get goods,/go/3267101382993251103.html?categoryId=22315&offerKey=458ecf34b91e6cbc8542e9d153851846&offerListId=1902168-BB2F5A53A433F002A5252CFCAB45C084&pos=8&price=4.07&productid=1902168&sid=24573&type=offer,0,/prix/1902168/stanley-tylon-3-m-30-687.html
8,2907,"Mètre Stanley Tylon bi-matière 12,7mm x 3m",4.08,EUR,false,Quincaillerie.pro,/go/7481783899.html?categoryId=22315&offerKey=9486543cb71f0fbdbc470bb183b301bc&offerListId=1902168-BB2F5A53A433F002A5252CFCAB45C084&pos=9&price=4.08&productid=1902168&sid=279458&type=offer,0,/prix/1902168/stanley-tylon-3-m-30-687.html
9,2907,Mesure courte bimatière 3mx12.7mm STANLEY 0-30-687,4.38,EUR,false,Debonix.fr,/go/3244052735477156218.html?categoryId=22315&offerKey=afe09bebb29c4c77b30782a80485fe65&offerListId=1902168-BB2F5A53A433F002A5252CFCAB45C084&pos=10&price=4.38&productid=1902168&sid=277777&type=offer,0,/prix/1902168/stanley-tylon-3-m-30-687.html
10,2907,Mesure courte bimatière 3mx12.7mm STANLEY 0-30-687,4.38,EUR,false,ManoMano.fr,/go/3188710037455379284.html?categoryId=22315&offerKey=a6e32088b658650bade4fe5ad5018778&offerListId=1902168-BB2F5A53A433F002A5252CFCAB45C084&pos=11&price=4.38&productid=1902168&sid=291209&type=offer,0,/prix/1902168/stanley-tylon-3-m-30-687.html
11,2907,Mètre ruban - boîtier bi-matière er­go­no­mique - 3 m - Tylon STANLEY,4.39,EUR,false,Bricozor.com,/go/3267557122807695329.html?categoryId=22315&offerKey=31aac18370f073e13d5c3f4967cd2e92&offerListId=1902168-BB2F5A53A433F002A5252CFCAB45C084&pos=12&price=4.39&productid=1902168&sid=272921&type=offer,0,/prix/1902168/stanley-tylon-3-m-30-687.html
12,2907,MESURE BIMATIERE TYLON,4.69,EUR,false,Comptoirdespros.com,/go/3254384418627783043.html?categoryId=22315&offerKey=f5c1056e176a1aa638189a592cf465ad&offerListId=1902168-BB2F5A53A433F002A5252CFCAB45C084&pos=13&price=4.69&productid=1902168&sid=283959&type=offer,0,/prix/1902168/stanley-tylon-3-m-30-687.html
13,2907,Mesure bi-matière tylon stanley,5.3,EUR,false,Alexis-robert-bricolage.com,/go/3222599232345087096.html?categoryId=22315&offerKey=f23e6561c83bd78dfe98c8dd9836c873&offerListId=1902168-BB2F5A53A433F002A5252CFCAB45C084&pos=14&price=5.30&productid=1902168&sid=288310&type=offer,0,/prix/1902168/stanley-tylon-3-m-30-687.html
14,2907,Mesure courte bimatière 3mx12.7mm STANLEY 1-30-687,5.54,EUR,false,Debonix.fr,/go/3258363223973299836.html?categoryId=22315&offerKey=5cb8e04384abe8ebd307179706eed4c4&offerListId=1902168-BB2F5A53A433F002A5252CFCAB45C084&pos=15&price=5.54&productid=1902168&sid=277777&type=offer,0,/prix/1902168/stanley-tylon-3-m-30-687.html
15,2930,AEG AUN608453 Disjoncteur Différentiel 20 A 30 mA Type AC,51.42,EUR,false,Mon Magasin General,/go/3155834891703160063.html?price=51.42&sid=24573&type=oc_offer,0,/type/5413656084532.html
16,2930,AEG AUN608453 Disjoncteur Différentiel 20 A 30 mA Type AC,60.52,EUR,false,Amazon.fr,/go/7315584379.html?price=60.52&sid=12003&type=oc_offer,0,/type/5413656084532.html
17,2930,Disjoncteur différentiel AEG - Intensité 20 A - Type AC,60.52,EUR,false,ManoMano.fr,/go/3216639715216210642.html?price=60.52&sid=291209&type=oc_offer,0,/type/5413656084532.html
18,2930,Disjoncteur différentiel - 20 A 30 mA - Type AC AEG,72.24,EUR,false,Bricozor.com,/go/3267557138324521067.html?price=72.24&sid=272921&type=oc_offer,0,/type/5413656084532.html
19,2930,AEG AUN608453 Disjoncteur Différentiel 20 A 30 mA Type AC,75.12,EUR,false,Fnac.com (Marketplace),/go/3252362976545474083.html?price=75.12&sid=307622&type=oc_offer,0,/type/5413656084532.html
20,3000,STANLEY Cutter bimatière 25mm,8.34,EUR,false,Cdiscount.com,/go/9507239316.html?categoryId=19088&offerKey=cd1c26ec611efc0b60b54a5177e515c9&offerListId=2343903-3C23AD3ECC42428557D69F2F0676C73F&pos=1&price=8.34&productid=2343903&sid=29061&type=offer,0,/prix/2343903/stanley-cutter-25-mm-10-425.html
21,3000,Cutter 25mm,8.48,EUR,false,Rakuten.com FR,/go/1489410956.html?categoryId=19088&offerKey=20dcb095f252e3298625b199d7979286&offerListId=2343903-3C23AD3ECC42428557D69F2F0676C73F&pos=2&price=8.48&productid=2343903&sid=26246&type=offer,0,/prix/2343903/stanley-cutter-25-mm-10-425.html
22,3000,"
document.getElementById(""result-2-offerinfo"").title = document.getElementById(""result-2-offerinfo"").innerHTML = idealoApp.getContents('$E2?=6J _\\`_\\cad rFEE6C ad \>\> 3:\\\>2E:U68C2G6jC6');
",8.49,EUR,false,Amazon.fr,/go/7310963685.html?categoryId=19088&offerKey=0a911c5a7982a478d96076002d9c00ef&offerListId=2343903-3C23AD3ECC42428557D69F2F0676C73F&pos=3&price=8.49&productid=2343903&sid=12003&type=offer,0,/prix/2343903/stanley-cutter-25-mm-10-425.html
23,3000,CUTTER 25MM BI MATIÈRE STANLEY 1-10-425,8.76,EUR,false,Master-outillage.com,/go/3258068862551195965.html?categoryId=19088&offerKey=e4d6a606663410a9105dd170c356b1a6&offerListId=2343903-3C23AD3ECC42428557D69F2F0676C73F&pos=4&price=8.76&productid=2343903&sid=282706&type=offer,0,/prix/2343903/stanley-cutter-25-mm-10-425.html
24,3000,CUTTER 25MM BIMATIERE,9.46,EUR,false,Comptoirdespros.com,/go/3254697805437994700.html?categoryId=19088&offerKey=7475733d97b0455a3ffcfcc8fda8b53b&offerListId=2343903-3C23AD3ECC42428557D69F2F0676C73F&pos=5&price=9.46&productid=2343903&sid=283959&type=offer,0,/prix/2343903/stanley-cutter-25-mm-10-425.html
25,3000,Cutter bi matière 25 mm - Stanley,9.55,EUR,false,ManoMano.fr,/go/3191434360691629754.html?categoryId=19088&offerKey=29869cdd7356c8ec5104a048882c6fdc&offerListId=2343903-3C23AD3ECC42428557D69F2F0676C73F&pos=6&price=9.55&productid=2343903&sid=291209&type=offer,0,/prix/2343903/stanley-cutter-25-mm-10-425.html
26,3000,CUTTER 25MM BI MATIÈRE STANLEY 0-10-425,9.74,EUR,false,Master-outillage.com,/go/3157309279485043009.html?categoryId=19088&offerKey=d7b7879993c13ae30af4a79414759a6b&offerListId=2343903-3C23AD3ECC42428557D69F2F0676C73F&pos=7&price=9.74&productid=2343903&sid=282706&type=offer,0,/prix/2343903/stanley-cutter-25-mm-10-425.html
27,3000,Cutter à lame standard 25 mm à molette bimatière,9.76,EUR,false,Quincaillerie.pro,/go/7486491290.html?categoryId=19088&offerKey=88b469a7d413156f64fc4cf80629848e&offerListId=2343903-3C23AD3ECC42428557D69F2F0676C73F&pos=8&price=9.76&productid=2343903&sid=279458&type=offer,0,/prix/2343903/stanley-cutter-25-mm-10-425.html
28,3000,Cutter à lame de 25 mm DynaGrip™ STANLEY,9.78,EUR,false,Bricozor.com,/go/3267557116824518829.html?categoryId=19088&offerKey=389ecefa478de6f3dacc06c68b78508d&offerListId=2343903-3C23AD3ECC42428557D69F2F0676C73F&pos=9&price=9.78&productid=2343903&sid=272921&type=offer,0,/prix/2343903/stanley-cutter-25-mm-10-425.html
29,3000,CUTTER 25MM BIMATIERE,10.51,EUR,false,Comptoirdespros.com,/go/3254339445559658049.html?categoryId=19088&offerKey=b3040d5c0382a54b4a2987438ba024ce&offerListId=2343903-3C23AD3ECC42428557D69F2F0676C73F&pos=10&price=10.51&productid=2343903&sid=283959&type=offer,0,/prix/2343903/stanley-cutter-25-mm-10-425.html
30,3000,"
document.getElementById(""result-10-offerinfo"").title = document.getElementById(""result-10-offerinfo"").innerHTML = idealoApp.getContents('$E2?=6J `\\`_\\cad rFEE6C ad \>\> 3:\\\>2E:U68C2G6jC6');
",10.57,EUR,false,Cazabox,/go/3240005214379443035.html?categoryId=19088&offerKey=24d1d2fb48c20571b7c067ff848073f7&offerListId=2343903-3C23AD3ECC42428557D69F2F0676C73F&pos=11&price=10.57&productid=2343903&sid=24573&type=offer,0,/prix/2343903/stanley-cutter-25-mm-10-425.html
31,3000,Cutter 25mm bimatière + 1 lame,11.24,EUR,false,ManoMano.fr,/go/3188711188317875611.html?categoryId=19088&offerKey=c42634e0414ab6b7e5ec0af2729e653f&offerListId=2343903-3C23AD3ECC42428557D69F2F0676C73F&pos=12&price=11.24&productid=2343903&sid=291209&type=offer,0,/prix/2343903/stanley-cutter-25-mm-10-425.html
32,3000,Cutter Stanley 25mm,11.3,EUR,false,Toolstation.fr,/go/3193420580191746045.html?categoryId=19088&offerKey=eb6c5f121a784d58ec5f7a13e5fbae0e&offerListId=2343903-3C23AD3ECC42428557D69F2F0676C73F&pos=13&price=11.30&productid=2343903&sid=311283&type=offer,0,/prix/2343903/stanley-cutter-25-mm-10-425.html
33,3000,"Marteau, maillet, massette STANLEY Cutter 25mm STANLEY 1-10425",12.26,EUR,false,Darty.com (Marketplace),/go/3238316535439165990.html?categoryId=19088&offerKey=4acf131bb4f65e7c087c842be6019189&offerListId=2343903-3C23AD3ECC42428557D69F2F0676C73F&pos=14&price=12.26&productid=2343903&sid=316364&type=offer,0,/prix/2343903/stanley-cutter-25-mm-10-425.html
34,3000,Cutter bi-matière dynagrip 0-10-425 stanley,12.8,EUR,false,Alexis-robert-bricolage.com,/go/3222599231862747072.html?categoryId=19088&offerKey=e46aa88d7913a94c5e2147bfcddf2a83&offerListId=2343903-3C23AD3ECC42428557D69F2F0676C73F&pos=15&price=12.80&productid=2343903&sid=288310&type=offer,0,/prix/2343903/stanley-cutter-25-mm-10-425.html
35,3013,STANLEY Cutter 9mm interlock,3.99,EUR,false,Cdiscount.com,/go/3201155537303512528.html?categoryId=19088&offerKey=3b779ac4ddeaeab2dd9c46c229a1b661&offerListId=2343882-AAF2A268923A472D305A88474C485117&pos=1&price=3.99&productid=2343882&sid=29061&type=offer,0,/prix/2343882/stanley-10-095.html
36,3013,"
document.getElementById(""result-1-offerinfo"").title = document.getElementById(""result-1-offerinfo"").innerHTML = idealoApp.getContents('$E2?=6J h|| $?2A ~77 q=256 z?:76 _ `_ _hd');
",4.39,EUR,false,Mon Magasin General,/go/3197833215517667044.html?categoryId=19088&offerKey=9530ddfae8fb7e97cfdbe5eacc3a9e73&offerListId=2343882-AAF2A268923A472D305A88474C485117&pos=2&price=4.39&productid=2343882&sid=24573&type=offer,0,/prix/2343882/stanley-10-095.html
37,3013,CUTTER INTERLOCK 9MM,5.35,EUR,false,Comptoirdespros.com,/go/3254339445182170111.html?categoryId=19088&offerKey=b1a8af0a95d1ce7691d138b7c532118f&offerListId=2343882-AAF2A268923A472D305A88474C485117&pos=3&price=5.35&productid=2343882&sid=283959&type=offer,0,/prix/2343882/stanley-10-095.html
38,3013,Cutter à lame de 9 mm Interlock 0-10-095 STANLEY,5.76,EUR,false,Bricozor.com,/go/3267557151314282236.html?categoryId=19088&offerKey=d1155526c119a1483123d08dcfc18d42&offerListId=2343882-AAF2A268923A472D305A88474C485117&pos=4&price=5.76&productid=2343882&sid=272921&type=offer,0,/prix/2343882/stanley-10-095.html
39,3013,Cutter Interlock Stanley Outillage 9 mm avec corps métallique,5.76,EUR,false,Quincaillerie.pro,/go/7516162440.html?categoryId=19088&offerKey=abbcffc30b8bfa2e5bc65cbc6bac16eb&offerListId=2343882-AAF2A268923A472D305A88474C485117&pos=5&price=5.76&productid=2343882&sid=279458&type=offer,0,/prix/2343882/stanley-10-095.html
40,3013,Cutter métal interlock stanley,6.3,EUR,false,Alexis-robert-bricolage.com,/go/3222599232353475708.html?categoryId=19088&offerKey=d002f6d80479b10bd4c5e057db069799&offerListId=2343882-AAF2A268923A472D305A88474C485117&pos=6&price=6.30&productid=2343882&sid=288310&type=offer,0,/prix/2343882/stanley-10-095.html
41,3013,Cutter gris Interlock Stanley - Lame 9 mm,7.07,EUR,false,ManoMano.fr,/go/3189802200142450389.html?categoryId=19088&offerKey=acac6d17988758126eb0e2cd4a414afb&offerListId=2343882-AAF2A268923A472D305A88474C485117&pos=7&price=7.07&productid=2343882&sid=291209&type=offer,0,/prix/2343882/stanley-10-095.html
42,3013,Cutter INTERLOCK 9.5 mm STANLEY 0-10-095,7.32,EUR,false,Debonix.fr,/go/3244052731196867174.html?categoryId=19088&offerKey=be423f59424f70e0650ebb61f29a67f5&offerListId=2343882-AAF2A268923A472D305A88474C485117&pos=8&price=7.32&productid=2343882&sid=277777&type=offer,0,/prix/2343882/stanley-10-095.html
43,3013,"Cutter à lame segmentée Interlock - Lame largeur 9,5 mm 376M403",8.27,EUR,false,Manutan.fr,/go/3206151712884660708.html?categoryId=19088&offerKey=3f4a2338535e7604d0d6efd6c00c5878&offerListId=2343882-AAF2A268923A472D305A88474C485117&pos=9&price=8.27&productid=2343882&sid=61993&type=offer,0,/prix/2343882/stanley-10-095.html
44,3013,Stanley Cutter Interlock® 9mm,11.27,EUR,false,Mytoolstore.fr,/go/3170952819769358959.html?categoryId=19088&offerKey=de0b0179be47242e316f8d96d2d166ed&offerListId=2343882-AAF2A268923A472D305A88474C485117&pos=10&price=11.27&productid=2343882&sid=29224&type=offer,0,/prix/2343882/stanley-10-095.html
45,3013,"Marteau, maillet, massette STANLEY Cutter Interlock 9,5mm STANLEY 0-10095",14.62,EUR,false,Darty.com (Marketplace),/go/3208676157549449918.html?categoryId=19088&offerKey=06081050adaa9cfb345abef6eff1de47&offerListId=2343882-AAF2A268923A472D305A88474C485117&pos=11&price=14.62&productid=2343882&sid=316364&type=offer,0,/prix/2343882/stanley-10-095.html
46,3013,STANLEY - Cutter Interlock 135 x 9 mm,14.96,EUR,false,Ubaldi.com (Marketplace),/go/3221509422270386983.html?categoryId=19088&offerKey=8a841def0d8619cef8e8c80de6de0841&offerListId=2343882-AAF2A268923A472D305A88474C485117&pos=12&price=14.96&productid=2343882&sid=316737&type=offer,0,/prix/2343882/stanley-10-095.html
47,3024,"
document.getElementById(""result-0-offerinfo"").title = document.getElementById(""result-0-offerinfo"").innerHTML = idealoApp.getContents('$E2?=6J _ gc ___ !:?46 F?:UD9JjG6CUD9JjD6==6 \'st `e_ \>\> Wx\>A@CE vC2?56 qC6E28?6X');
",10.99,EUR,false,Amazon.fr,/go/7322315938.html?categoryId=19084&offerKey=041a45228ba536bc19dc98603869d3a5&offerListId=2345117-5394126292D0825D643135A6D90FD22E&pos=1&price=10.99&productid=2345117&sid=12003&type=offer,0,/prix/2345117/stanley-84-000.html
48,3024,Pince uni­ver­selle isolée 1000 volts 165mm STANLEY,10.99,EUR,false,Cdiscount.com,/go/3242270431232656980.html?categoryId=19084&offerKey=6a87389f942e4ffe88cb2ad5acfd1c58&offerListId=2345117-5394126292D0825D643135A6D90FD22E&pos=2&price=10.99&productid=2345117&sid=29061&type=offer,0,/prix/2345117/stanley-84-000.html
49,3024,PINCE UNI­VER­SELLE ISOLÉE 1000V,12.04,EUR,false,Comptoirdespros.com,/go/3254686434449163471.html?categoryId=19084&offerKey=83ddfc711847d4cd12585f8cfceae928&offerListId=2345117-5394126292D0825D643135A6D90FD22E&pos=3&price=12.04&productid=2345117&sid=283959&type=offer,0,/prix/2345117/stanley-84-000.html
50,3024,Pince uni­ver­selle isolée 1000V 165mm STANLEY,14.24,EUR,false,ManoMano.fr,/go/6525432990.html?categoryId=19084&offerKey=1acb4efd4cbd3ae9a88ece4006f2a47d&offerListId=2345117-5394126292D0825D643135A6D90FD22E&pos=4&price=14.24&productid=2345117&sid=291209&type=offer,0,/prix/2345117/stanley-84-000.html
51,3024,"Stanley 0-84-000, Pince",16.49,EUR,false,Alternate.fr,/go/3258521556866828948.html?categoryId=19084&offerKey=cd89ec67d18848da5860e470b45ccb0b&offerListId=2345117-5394126292D0825D643135A6D90FD22E&pos=5&price=16.49&productid=2345117&sid=291809&type=offer,0,/prix/2345117/stanley-84-000.html
52,3024,"
document.getElementById(""result-5-offerinfo"").title = document.getElementById(""result-5-offerinfo"").innerHTML = idealoApp.getContents('$E2?=6J _ gc ___ !:?46 F?:UD9JjG6CUD9JjD6==6 \'st `e_ \>\> Wx\>A@CE vC2?56 qC6E28?6X');
",17.66,EUR,false,Anjou Connectique,/go/3186038657408575409.html?categoryId=19084&offerKey=e2b1a4b1ff8f39859acf4c4266afeb24&offerListId=2345117-5394126292D0825D643135A6D90FD22E&pos=6&price=17.66&productid=2345117&sid=24573&type=offer,0,/prix/2345117/stanley-84-000.html
53,3024,Pince uni­ver­selle isolée 1000V - Stanley A193630,21.3,EUR,false,Manutan.fr,/go/3206151721453629656.html?categoryId=19084&offerKey=3a4d83093f4b542a44a7eb89cf870379&offerListId=2345117-5394126292D0825D643135A6D90FD22E&pos=7&price=21.30&productid=2345117&sid=61993&type=offer,0,/prix/2345117/stanley-84-000.html
54,3024,Stanley Pince uni­ver­selle isolée 1000 volts 165mm,21.83,EUR,false,Rueducommerce.fr (Marketplace),/go/3267919807760041726.html?categoryId=19084&offerKey=f747327ea7eee509e49dae349f89a823&offerListId=2345117-5394126292D0825D643135A6D90FD22E&pos=8&price=21.83&productid=2345117&sid=25482&type=offer,0,/prix/2345117/stanley-84-000.html
55,3024,Stanley Pince uni­ver­selle isolée 1000 volts 165mm,21.84,EUR,false,Rueducommerce.fr (Marketplace),/go/3213754716454397144.html?categoryId=19084&offerKey=bf0cc356773d2ddd4dea459cbcbc1a3a&offerListId=2345117-5394126292D0825D643135A6D90FD22E&pos=9&price=21.84&productid=2345117&sid=25482&type=offer,0,/prix/2345117/stanley-84-000.html
56,3024,Stanley Pince uni­ver­selle isolée 1000 volts 165mm,22.02,EUR,false,Rueducommerce.fr (Marketplace),/go/3223380804079985825.html?categoryId=19084&offerKey=95c8d1807aaa90026d60fd4535129d43&offerListId=2345117-5394126292D0825D643135A6D90FD22E&pos=10&price=22.02&productid=2345117&sid=25482&type=offer,0,/prix/2345117/stanley-84-000.html
57,3024,Stanley Pince uni­ver­selle isolée 1000 volts 165mm,22.11,EUR,false,Rueducommerce.fr (Marketplace),/go/3259539815388941283.html?categoryId=19084&offerKey=4c33f11ce9e15757b61af9aac62bcb60&offerListId=2345117-5394126292D0825D643135A6D90FD22E&pos=11&price=22.11&productid=2345117&sid=25482&type=offer,0,/prix/2345117/stanley-84-000.html
58,3024,Stanley Pince Uni­ver­selle Isolee 1000V - 150 mm,22.35,EUR,false,Mytoolstore.fr,/go/3229324279189342092.html?categoryId=19084&offerKey=4aae47278655311a640e9fd37595f5ae&offerListId=2345117-5394126292D0825D643135A6D90FD22E&pos=12&price=22.35&productid=2345117&sid=29224&type=offer,0,/prix/2345117/stanley-84-000.html
59,3024,Stanley Pince uni­ver­selle isolée 1000 volts 165mm,29.09,EUR,false,Rueducommerce.fr (Marketplace),/go/3251030962470912208.html?categoryId=19084&offerKey=39273956c926cbd00e929b5c7115cb83&offerListId=2345117-5394126292D0825D643135A6D90FD22E&pos=13&price=29.09&productid=2345117&sid=25482&type=offer,0,/prix/2345117/stanley-84-000.html
60,3092,"
document.getElementById(""result-0-offerinfo"").title = document.getElementById(""result-0-offerinfo"").innerHTML = idealoApp.getContents('q{przZUE9:?DAjstUD9Jjrzt# v%rbedda!r\\\""( %2:==6\\92:6D D2?D 7:= \\ dd 4\> \\ be \' \\ a[d p9 \\ t42CE6\>6?E i aa \>\> \\ r92C86FC `9d_ \\ %649UD9Jj?@UD9Jj=@UD9Jj8:6 2?UD9JjE:\\3=@UD9Jj4286');
",167.0,EUR,false,Amazon.fr,/go/7319720428.html?categoryId=11274&offerKey=a9331dac98844d2dbd82782410ecb2d7&offerListId=4990699-C5628D03E7A2EC8DE6EB7F2CCB743C1B&pos=1&price=167.00&productid=4990699&sid=12003&type=offer,0,/prix/4990699/black-decker-gtc36552pc.html
61,3092,BLACK & DECKER Taille-haies sans fil an­ti-blo­cage GTC36552PC 36 V,167.0,EUR,false,Cdiscount.com,/go/3219456944808920588.html?categoryId=11274&offerKey=12854453c9cdcd594593d35b8327bc05&offerListId=4990699-C5628D03E7A2EC8DE6EB7F2CCB743C1B&pos=2&price=167.00&productid=4990699&sid=29061&type=offer,0,/prix/4990699/black-decker-gtc36552pc.html
62,3092,"BLACK+ DE­CKER GTC36552PC Double-lame, Taille-haies",179.9,EUR,false,Alternate.fr,/go/6854608051.html?categoryId=11274&offerKey=a6684c49009c3ad2eb91aa41e60c701f&offerListId=4990699-C5628D03E7A2EC8DE6EB7F2CCB743C1B&pos=3&price=179.90&productid=4990699&sid=291809&type=offer,0,/prix/4990699/black-decker-gtc36552pc.html
63,3092,Black & Decker GTC36552PC Taille-haie 36V 2Ah 55cm Po­wer­com­mand an­ti-blo­cage,189.95,EUR,false,ManoMano.fr,/go/6519559802.html?categoryId=11274&offerKey=87635e00fe900dff63ca0d42c29d286a&offerListId=4990699-C5628D03E7A2EC8DE6EB7F2CCB743C1B&pos=4&price=189.95&productid=4990699&sid=291209&type=offer,0,/prix/4990699/black-decker-gtc36552pc.html
64,3092,Taille-haies Black And Decker Black and decker - taille-haie à batterie 36v 2ah 55 cm po­wer­com­mand an­ti-blo­cage - gtc36552pc,192.63,EUR,false,Darty.com (Marketplace),/go/3223134207637195023.html?categoryId=11274&offerKey=3c925752bcbd8306e223a7ff1408d5dc&offerListId=4990699-C5628D03E7A2EC8DE6EB7F2CCB743C1B&pos=5&price=192.63&productid=4990699&sid=316364&type=offer,0,/prix/4990699/black-decker-gtc36552pc.html
65,3092,BLACK & DECKER Taille-haies sans fil an­ti-blo­cage GTC36552PC 36 V,193.34,EUR,false,Fnac.com (Marketplace),/go/3252355713665599053.html?categoryId=11274&offerKey=6c9611a9633c852bf5fa4117e1dd068b&offerListId=4990699-C5628D03E7A2EC8DE6EB7F2CCB743C1B&pos=6&price=193.34&productid=4990699&sid=307622&type=offer,0,/prix/4990699/black-decker-gtc36552pc.html
66,3092,"
document.getElementById(""result-6-offerinfo"").title = document.getElementById(""result-6-offerinfo"").innerHTML = idealoApp.getContents('q=24\< U2\>Aj s64\<6C v%rbedda!r %2:==6\\92:6 be\' ap9 dd4\> !@UD9JjH6CUD9Jj4@\>UD9Jj\>2?5 2?UD9JjE:\\3=@UD9Jj4286');
",199.95,EUR,false,tuttitools,/go/3244170029696027090.html?categoryId=11274&offerKey=31a62ce5c07d00a455e07ddb9d655d0c&offerListId=4990699-C5628D03E7A2EC8DE6EB7F2CCB743C1B&pos=7&price=199.95&productid=4990699&sid=24572&type=offer,0,/prix/4990699/black-decker-gtc36552pc.html
67,3092,"
document.getElementById(""result-7-offerinfo"").title = document.getElementById(""result-7-offerinfo"").innerHTML = idealoApp.getContents('q{przZUE9:?DAjstUD9Jjrzt# v%rbedda!r\\\""( %2:==6\\92:6D D2?D 7:= \\ dd 4\> \\ be \' \\ a[d p9 \\ t42CE6\>6?E i aa \>\> \\ r92C86FC `9d_ \\ %649UD9Jj?@UD9Jj=@UD9Jj8:6 2?UD9JjE:\\3=@UD9Jj4286');
",200.36,EUR,false,,/go/3267430572611338558.html?categoryId=11274&offerKey=79168a93197694450b0220d9c70913ae&offerListId=4990699-C5628D03E7A2EC8DE6EB7F2CCB743C1B&pos=8&price=200.36&productid=4990699&sid=24573&type=offer,0,/prix/4990699/black-decker-gtc36552pc.html
68,3092,Taille haie BLACK & DECKER GTC36552PC,212.16,EUR,false,Ubaldi.com (Marketplace),/go/3221509590149506813.html?categoryId=11274&offerKey=d79127c9b259823a301f4ddc1e7a86d0&offerListId=4990699-C5628D03E7A2EC8DE6EB7F2CCB743C1B&pos=9&price=212.16&productid=4990699&sid=316737&type=offer,0,/prix/4990699/black-decker-gtc36552pc.html
69,3092,Black & Decker Taille-haie 36V 2Ah 55CM PO­WER­COM­MAND an­ti-blo­cage,223.98,EUR,false,Mytoolstore.fr,/go/3229324292057466155.html?categoryId=11274&offerKey=3e5c1b95ff412271be06fb5bdcdb45a9&offerListId=4990699-C5628D03E7A2EC8DE6EB7F2CCB743C1B&pos=10&price=223.98&productid=4990699&sid=29224&type=offer,0,/prix/4990699/black-decker-gtc36552pc.html
