,index_data,product_name,product_price,currency,voucher,shop_name,url_origin,url_image,id_page
0,18966,Mastic silicone Sanitaire Sikaseal 108 300ml Transparent,5.8,EUR,false,Toolstation.fr,/go/3256158051111011090.html?price=5.80&sid=311283&type=oc_offer,0,/type/7612895326535.html
1,18966,Mastic silicone anti-moisissure SIKA Sikaseal 108 Sanitaire - Transparent - 300ml,5.8,EUR,false,Rakuten.com FR,/go/3224586617100439593.html?price=5.80&sid=26246&type=oc_offer,0,/type/7612895326535.html
2,18966,Mastic sanitaire anti-moisissures Sikaseal 108 transparent 300 ml,5.99,EUR,false,Quincaillerie.pro,/go/3179449795647375259.html?price=5.99&sid=279458&type=oc_offer,0,/type/7612895326535.html
3,18966,"SikaSeal 108 Sanitaire, Mastic silicone anti-moisissure spécial salle de bain, 300ml, Transparent",6.2,EUR,false,espace-bricolage,/go/3225377442709375174.html?price=6.20&sid=24573&type=oc_offer,0,/type/7612895326535.html
4,18966,"SikaSeal 108 Sanitaire, Mastic silicone anti-moisissure spécial salle de bain, 300ml, Transparent",6.9,EUR,false,Amazon.fr,/go/3177475485019945239.html?price=6.90&sid=12003&type=oc_offer,0,/type/7612895326535.html
5,18966,Mastic silicone anti-moisissure SIKA Sikaseal 108 Sanitaire - Transparent - 300ml,6.9,EUR,false,ManoMano.fr,/go/3211606641220794153.html?price=6.90&sid=291209&type=oc_offer,0,/type/7612895326535.html
6,18966,"Pistolet à colle, colle Sika Mastic silicone anti-moisissure sika sikaseal 108 sanitaire - transparent - 300ml",8.04,EUR,false,Darty.com (Marketplace),/go/3225493651775816385.html?price=8.04&sid=316364&type=oc_offer,0,/type/7612895326535.html
7,18966,Mastic silicone neutre sikaseal 108 sanitaire anti-moisissures 300 ml sika,8.3,EUR,false,Alexis-robert-bricolage.com,/go/3222599243164294631.html?price=8.30&sid=288310&type=oc_offer,0,/type/7612895326535.html
8,19093,SIKA - Mastic pour raccord d'étanchéité en couverture - 540 g,6.0,EUR,false,Rakuten.com FR,/go/3163592692204569992.html?price=6.00&sid=26246&type=oc_offer,0,/type/7612895108643.html
9,19093,"Sika Blackseal BT, Mastic bitumineux pour raccord d'étanchéité en couverture, 300ml, Noir",7.12,EUR,false,espace-bricolage,/go/3225329300762790740.html?price=7.12&sid=24573&type=oc_offer,0,/type/7612895108643.html
10,19093,Mastic colle à base de caoutchouc butyl Sika Blackseal BT - 540g,7.5,EUR,false,ManoMano.fr,/go/3194877240332528733.html?price=7.50&sid=291209&type=oc_offer,0,/type/7612895108643.html
11,19093,"Sika Blackseal BT, Mastic bitumineux pour raccord d'étanchéité en couverture, 300ml, Noir",7.65,EUR,false,Amazon.fr,/go/3266343457064486497.html?price=7.65&sid=12003&type=oc_offer,0,/type/7612895108643.html
12,19093,"Pistolet à colle, colle Sika Sika - mastic pour raccord d'étanchéité en couverture - 540 g",17.28,EUR,false,Darty.com (Marketplace),/go/3208673874682066085.html?price=17.28&sid=316364&type=oc_offer,0,/type/7612895108643.html
