,index_data,product_name,product_price,currency,voucher,shop_name,url_origin,url_image,id_page
0,9656,Sac aspirateur Ryobi Sac de rechange 45 l ryobi rac359 pour rbv3000cesv,25.57,EUR,false,Darty.com (Marketplace),/go/3265857385385689677.html?price=25.57&sid=316364&type=oc_offer,0,/type/4892210131973.html
1,9656,Accessoires Aspirateur/Sac collecteur de feuilles RAC359 pour RBV3000CSV ou RBV3000CESV.,39.2,EUR,false,Indoostrial,/go/3253149550138885752.html?price=39.20&sid=24573&type=oc_offer,0,/type/4892210131973.html
2,9677,Réparateur de tuyau d'arrosage 19 mm (3/4 Pouces) GARDENA 18233-26,4.16,EUR,false,Debonix.fr,/go/3262342111478942321.html?price=4.16&sid=277777&type=oc_offer,0,/type/4078500042536.html
3,9677,Réparateur de tuyau d'arrosage 19 mm (3/4 Pouces) GARDENA 18233-26,4.16,EUR,false,ManoMano.fr,/go/3262686228610287214.html?price=4.16&sid=291209&type=oc_offer,0,/type/4078500042536.html
4,9763,Lot de 2 têtes doubles lames RYOBI pour coupe-bordures sur batterie RAC1392,13.49,EUR,false,ManoMano.fr,/go/3248041575011320396.html?price=13.49&sid=291209&type=oc_offer,0,/type/4892210154620.html
5,9763,Ryobi 5132003565 Lot de 2 couteaux en plastique pour coupe-bordure sans fil Montage facile RAC1392,13.49,EUR,false,espace-bricolage,/go/3261524934364495930.html?price=13.49&sid=24573&type=oc_offer,0,/type/4892210154620.html
6,9763,Accessoire coupe bordure Ryobi Lot de 2 têtes doubles lames ryobi pour coupe-bordures sur batterie rac1392,13.49,EUR,false,Darty.com (Marketplace),/go/3247925178467877391.html?price=13.49&sid=316364&type=oc_offer,0,/type/4892210154620.html
7,9763,Ryobi Lot de 2 têtes doubles lames RYOBI pour coupe-bordures sur batterie - RAC1392,24.0,EUR,false,Mytoolstore.fr,/go/3259955142887212145.html?price=24.00&sid=29224&type=oc_offer,0,/type/4892210154620.html
8,9809,"
document.getElementById(""result-0-offerinfo"").title = document.getElementById(""result-0-offerinfo"").innerHTML = idealoApp.getContents('{@E a 3@3:?6D Z 7:= E@CD256 b[`\> U@D=2D9j`[d\>\> #*~qx \\ C24 `_h \\ =E2_ea');
",9.9,EUR,false,Indoostrial,/go/3252412849233854824.html?categoryId=28678&offerKey=3935ec04f0f0394aace76fdfa5cf7268&offerListId=3981094-45A8596E65A1221620B2A43180BABCDD&pos=1&price=9.90&productid=3981094&sid=24573&type=offer,0,/prix/3981094/ryobi-rac109.html
9,9809,Lot de 2 bobines double fil torsadé RYOBI 1.5mm pour coupe-bor­dures - RAC109,12.49,EUR,false,ManoMano.fr,/go/3243273842717625230.html?categoryId=28678&offerKey=165a281e1b35f912bfe1344df66ab272&offerListId=3981094-45A8596E65A1221620B2A43180BABCDD&pos=2&price=12.49&productid=3981094&sid=291209&type=offer,0,/prix/3981094/ryobi-rac109.html
10,9809,Accessoire coupe bordure Ryobi Lot de 2 bobines double fil torsadé ryobi 1.5mm pour coupe-bor­dures - rac109,12.49,EUR,false,Darty.com (Marketplace),/go/3251173674861986236.html?categoryId=28678&offerKey=ab937a30c2b9f226645989c65380a1c4&offerListId=3981094-45A8596E65A1221620B2A43180BABCDD&pos=3&price=12.49&productid=3981094&sid=316364&type=offer,0,/prix/3981094/ryobi-rac109.html
11,9809,Ryobi RAC109 Bobine 1.5 mm pour RLT5030S - 5132002645,13.26,EUR,false,Mytoolstore.fr,/go/3229324282888718184.html?categoryId=28678&offerKey=fa70167787e39c8d8c8bbd7e34e0aa0d&offerListId=3981094-45A8596E65A1221620B2A43180BABCDD&pos=4&price=13.26&productid=3981094&sid=29224&type=offer,0,/prix/3981094/ryobi-rac109.html
12,9809,"
document.getElementById(""result-4-offerinfo"").title = document.getElementById(""result-4-offerinfo"").innerHTML = idealoApp.getContents('{@E a 3@3:?6D Z 7:= E@CD256 b[`\> U@D=2D9j`[d\>\> #*~qx \\ C24 `_h \\ =E2_ea');
",13.63,EUR,false,Amazon.fr,/go/7313161838.html?categoryId=28678&offerKey=fd6b296c7cf5b29d2f08dd6fa1f41d4f&offerListId=3981094-45A8596E65A1221620B2A43180BABCDD&pos=5&price=13.63&productid=3981094&sid=12003&type=offer,0,/prix/3981094/ryobi-rac109.html
13,9809,Ryobi RAC109 Bobines 1.5 mm pour RLT5030S - 2 pièces,14.09,EUR,false,Rakuten.com FR,/go/5783864636.html?categoryId=28678&offerKey=bcc93725fb948055d96a6f4ed53ac5a2&offerListId=3981094-45A8596E65A1221620B2A43180BABCDD&pos=6&price=14.09&productid=3981094&sid=26246&type=offer,0,/prix/3981094/ryobi-rac109.html
14,9809,"Ryobi RAC109, RAC109",20.77,EUR,false,fr.mioga.de,/go/3212651044456637579.html?categoryId=28678&offerKey=ef4fb31e7cdf4571501e2d5fc7fe6754&offerListId=3981094-45A8596E65A1221620B2A43180BABCDD&pos=7&price=20.77&productid=3981094&sid=310351&type=offer,0,/prix/3981094/ryobi-rac109.html
15,9846,Ryobi RGS410 Cisaille / Sculpteur à batteries 4V Li-Ion (1x batterie 1.5Ah),72.99,EUR,false,Fixami.fr,/go/3235106722028719075.html?categoryId=11274&offerKey=31143743c0b37cd06f17a75a3dd6d62a&offerListId=2709266-4D455565EF925BE04C0D6BD0D448D761&pos=1&price=72.99&productid=2709266&sid=306120&type=offer,0,/prix/2709266/ryobi-rgs410.html
16,9846,"
document.getElementById(""result-1-offerinfo"").title = document.getElementById(""result-1-offerinfo"").innerHTML = idealoApp.getContents('#J@3: d`bb___efg r:D2:==6 ^ r@FA6\\3@CUD9Jj5FC6 D2?D 7:= c \' Wx\>A@CE p==6\>28?6X');
",73.39,EUR,false,Amazon.fr,/go/7323235519.html?categoryId=11274&offerKey=9ba0993510a7ede4954bf0eaf6da4e88&offerListId=2709266-4D455565EF925BE04C0D6BD0D448D761&pos=2&price=73.39&productid=2709266&sid=12003&type=offer,0,/prix/2709266/ryobi-rgs410.html
17,9846,Cisaille à gazon RYOBI sculpteur de végétaux 4V - 1 batterie 1.5Ah - 1 chargeur RGS410,73.39,EUR,false,ManoMano.fr,/go/6523134129.html?categoryId=11274&offerKey=0ffc991135d39dff4bbd8ecf972bfcf2&offerListId=2709266-4D455565EF925BE04C0D6BD0D448D761&pos=3&price=73.39&productid=2709266&sid=291209&type=offer,0,/prix/2709266/ryobi-rgs410.html
18,9846,"RYOBI Cisaille sécateur 4V avec batterie 1,5Ah",74.21,EUR,false,Cdiscount.com,/go/3265155048771946746.html?categoryId=11274&offerKey=19514225fc3bd9ee1d7dfe573bca3ce6&offerListId=2709266-4D455565EF925BE04C0D6BD0D448D761&pos=4&price=74.21&productid=2709266&sid=29061&type=offer,0,/prix/2709266/ryobi-rgs410.html
19,9846,Ryobi Cisaille / sculpteur RGS410 4V Li­thium-Ion 4 V TEK,77.18,EUR,false,Mytoolstore.fr,/go/4969967193.html?categoryId=11274&offerKey=3ab5d15ac9f46795453d14576ab40cf5&offerListId=2709266-4D455565EF925BE04C0D6BD0D448D761&pos=5&price=77.18&productid=2709266&sid=29224&type=offer,0,/prix/2709266/ryobi-rgs410.html
20,9846,"Cisaille à gazon (lame 80 mm) / sculpteur de végétaux (lame 120 mm) TEK4 (4V 1,2Ah) Li-Ion RGS410 RYOBI 5133000678",78.44,EUR,false,Rakuten.com FR,/go/1526252667.html?categoryId=11274&offerKey=010cc912cb4713830cc3a3998626ab24&offerListId=2709266-4D455565EF925BE04C0D6BD0D448D761&pos=6&price=78.44&productid=2709266&sid=26246&type=offer,0,/prix/2709266/ryobi-rgs410.html
21,9846,"
document.getElementById(""result-6-offerinfo"").title = document.getElementById(""result-6-offerinfo"").innerHTML = idealoApp.getContents('#J@3: #v$c`_ r:D62FI 4@FA6\\82UD9JjK@?^UE9:?DAj2CUD9JjC6UD9Jj8=2UD9JjD6UD9JjE@D');
",79.99,EUR,false,espace-bricolage,/go/3183725801629554026.html?categoryId=11274&offerKey=8996439377746724ad1927bd1cee97a4&offerListId=2709266-4D455565EF925BE04C0D6BD0D448D761&pos=7&price=79.99&productid=2709266&sid=24573&type=offer,0,/prix/2709266/ryobi-rgs410.html
22,9846,"
document.getElementById(""result-7-offerinfo"").title = document.getElementById(""result-7-offerinfo"").innerHTML = idealoApp.getContents('r:D2:==6 U28C2G6j 82K@? #*~qx D4F=AE6FC 56 GU624FE6j8U624FE6jE2FI c\' \\ ` 32EE6C:6 `]dp9 \\ ` 492C86FC');
",79.99,EUR,false,espace-bricolage,/go/3257066772297155810.html?categoryId=11274&offerKey=a9a4bb7f5592e20a72819c2671f45e69&offerListId=2709266-4D455565EF925BE04C0D6BD0D448D761&pos=8&price=79.99&productid=2709266&sid=24572&type=offer,0,/prix/2709266/ryobi-rgs410.html
23,9846,Accessoire dé­brous­sailleuse Ryobi Ryobi rgs410 coupe-bor­dure sans fil,80.28,EUR,false,Darty.com (Marketplace),/go/3268922544008202764.html?categoryId=11274&offerKey=2d15b317109e73555ba0259f388347c7&offerListId=2709266-4D455565EF925BE04C0D6BD0D448D761&pos=9&price=80.28&productid=2709266&sid=316364&type=offer,0,/prix/2709266/ryobi-rgs410.html
24,9846,Cisaille sans fil RGS410,82.47,EUR,false,Ubaldi.com (Marketplace),/go/3221509355899716951.html?categoryId=11274&offerKey=bcb64a9df056891118e0433235ec838a&offerListId=2709266-4D455565EF925BE04C0D6BD0D448D761&pos=10&price=82.47&productid=2709266&sid=316737&type=offer,0,/prix/2709266/ryobi-rgs410.html
25,9846,"Taille-herbe, Sculpte-haies sans fil Ryobi RGS410 Li-Ion 4 V avec batterie",83.99,EUR,false,Conrad.fr,/go/3254686990064420451.html?categoryId=11274&offerKey=a7157c7c886bda1d4c61f2a2be9e7724&offerListId=2709266-4D455565EF925BE04C0D6BD0D448D761&pos=11&price=83.99&productid=2709266&sid=286907&type=offer,0,/prix/2709266/ryobi-rgs410.html
26,9846,Cisaille sculpteur de végétaux 4 Volts - Ryobi,88.54,EUR,false,Fnac.com (Marketplace),/go/3252355707506263554.html?categoryId=11274&offerKey=bf817806511f9ab198cd8a28347cc7f5&offerListId=2709266-4D455565EF925BE04C0D6BD0D448D761&pos=12&price=88.54&productid=2709266&sid=307622&type=offer,0,/prix/2709266/ryobi-rgs410.html
27,9899,"
document.getElementById(""result-0-offerinfo"").title = document.getElementById(""result-0-offerinfo"").innerHTML = idealoApp.getContents('{@E 56 a_ 3C:?D 56 7:= 56 4@FA6 #*~qx a[f\>\> A@FC EU64:C4jE6 62DJ\\7:E {%p_be');
",12.18,EUR,false,espace-bricolage,/go/9810227619.html?categoryId=28678&offerKey=623a115fb1dda686d8319bd52ef526f9&offerListId=6299805-2D6640D411AAC95FA9E5EEBEF4D2260B&pos=1&price=12.18&productid=6299805&sid=24573&type=offer,0,/prix/6299805/ryobi-lot-de-20-brins-de-fil-de-coupe-lta036.html
28,9899,Lot de 20 Brins de Fil de Coupe Pro Cut II Ryobi Lta036,12.9,EUR,false,Rakuten.com FR,/go/1852892298.html?categoryId=28678&offerKey=5dc4388ceedcd48086081327d50ff2a0&offerListId=6299805-2D6640D411AAC95FA9E5EEBEF4D2260B&pos=2&price=12.90&productid=6299805&sid=26246&type=offer,0,/prix/6299805/ryobi-lot-de-20-brins-de-fil-de-coupe-lta036.html
29,9899,"Lot de 20 brins de fil de coupe RYOBI 2,7mm pour tête easy-fit LTA036",12.99,EUR,false,ManoMano.fr,/go/9826785173.html?categoryId=28678&offerKey=427a4d9db21827f44e99cb6143bf48fa&offerListId=6299805-2D6640D411AAC95FA9E5EEBEF4D2260B&pos=3&price=12.99&productid=6299805&sid=291209&type=offer,0,/prix/6299805/ryobi-lot-de-20-brins-de-fil-de-coupe-lta036.html
30,9899,"
document.getElementById(""result-3-offerinfo"").title = document.getElementById(""result-3-offerinfo"").innerHTML = idealoApp.getContents('{@E 56 a_ 3C:?D 56 7:= 56 4@FA6 #*~qx a[f\>\> A@FC EU64:C4jE6 62DJ\\7:E {%p_be');
",14.0,EUR,false,Amazon.fr,/go/7664026061.html?categoryId=28678&offerKey=95a8dc007ffdb7cddf7852aea953bc4b&offerListId=6299805-2D6640D411AAC95FA9E5EEBEF4D2260B&pos=4&price=14.00&productid=6299805&sid=12003&type=offer,0,/prix/6299805/ryobi-lot-de-20-brins-de-fil-de-coupe-lta036.html
31,9899,Ryobi LTA036 Lot de 20 brins de fil de coupe,14.09,EUR,false,Mytoolstore.fr,/go/7316414730.html?categoryId=28678&offerKey=786a6862d62bed8f16547797fb6848d2&offerListId=6299805-2D6640D411AAC95FA9E5EEBEF4D2260B&pos=5&price=14.09&productid=6299805&sid=29224&type=offer,0,/prix/6299805/ryobi-lot-de-20-brins-de-fil-de-coupe-lta036.html
32,9899,"Accessoire coupe bordure Ryobi Lot de 20 brins de fil de coupe ryobi 2,7mm pour tête easy-fit lta036",15.3,EUR,false,Darty.com (Marketplace),/go/3238317150730978123.html?categoryId=28678&offerKey=5eeec833189f4b33465840bc70cea84e&offerListId=6299805-2D6640D411AAC95FA9E5EEBEF4D2260B&pos=6&price=15.30&productid=6299805&sid=316364&type=offer,0,/prix/6299805/ryobi-lot-de-20-brins-de-fil-de-coupe-lta036.html
33,9899,LTA036 Fil à COUPE-Bor­dures Ryobi LTA036,18.0,EUR,false,Rotopino.fr,/go/3261930486087289299.html?categoryId=28678&offerKey=34bf7a69d3c1f19a865e19548410bd77&offerListId=6299805-2D6640D411AAC95FA9E5EEBEF4D2260B&pos=7&price=18.00&productid=6299805&sid=287166&type=offer,0,/prix/6299805/ryobi-lot-de-20-brins-de-fil-de-coupe-lta036.html
34,9971,"
document.getElementById(""result-0-offerinfo"").title = document.getElementById(""result-0-offerinfo"").innerHTML = idealoApp.getContents('#J@3: #`g}`gv\\_ ~?6 !=FD !:DE@=6E 28C276FC D2?D 7:= U28C2G6j E649UD9Jj?@UD9Jj=@UD9Jj8:6 p:C$EC:\<6 q2EE6C:6 ?@? 7@FC?:6');
",175.0,EUR,false,Amazon.fr,/go/7306570601.html?categoryId=10313&offerKey=479cab6adca82e46775bcf67bbad0a08&offerListId=5690203-EDF53CC911811E624DEE84A25BD95638&pos=1&price=175.00&productid=5690203&sid=12003&type=offer,0,/prix/5690203/ryobi-r18n18g-0.html
35,9971,"
document.getElementById(""result-1-offerinfo"").title = document.getElementById(""result-1-offerinfo"").innerHTML = idealoApp.getContents('#J@3: #`g}`gv\\_ ~?6 !=FD !:DE@=6E 28C276FC D2?D 7:= U28C2G6j E649UD9Jj?@UD9Jj=@UD9Jj8:6 p:C$EC:\<6 q2EE6C:6 ?@? 7@FC?:6');
",175.0,EUR,false,Indoostrial,/go/3253003428493789789.html?categoryId=10313&offerKey=b2b7997bf749e566943e0aaa496ac3c3&offerListId=5690203-EDF53CC911811E624DEE84A25BD95638&pos=2&price=175.00&productid=5690203&sid=24573&type=offer,0,/prix/5690203/ryobi-r18n18g-0.html
36,9971,RYOBI Cloueur de finition à air comprimé - 18V - 18 mm,179.99,EUR,false,Cdiscount.com,/go/3200981975162696248.html?categoryId=10313&offerKey=02c568f8f91276947d81a600e7228c91&offerListId=5690203-EDF53CC911811E624DEE84A25BD95638&pos=3&price=179.99&productid=5690203&sid=29061&type=offer,0,/prix/5690203/ryobi-r18n18g-0.html
37,9971,Ryobi R18N18G-0Cloueur à air comprimé à batteries 18V Li-Ion (machine seule) - 15-50mm - 18 Gauge,201.99,EUR,false,Fixami.fr,/go/3235106726741017047.html?categoryId=10313&offerKey=154285b95f3f0eeac3979d49e03765bc&offerListId=5690203-EDF53CC911811E624DEE84A25BD95638&pos=4&price=201.99&productid=5690203&sid=306120&type=offer,0,/prix/5690203/ryobi-r18n18g-0.html
38,9971,Cloueur de finition Ryobi ONE+ R18N18G-0,203.0,EUR,false,Rotopino.fr,/go/9960106393.html?categoryId=10313&offerKey=d3d4c76ed95bddbff3b1e0523fbf8f72&offerListId=5690203-EDF53CC911811E624DEE84A25BD95638&pos=5&price=203.00&productid=5690203&sid=287166&type=offer,0,/prix/5690203/ryobi-r18n18g-0.html
39,9971,Ryobi Cloueur à batterie 18V - R18N18G-0,205.62,EUR,false,Rueducommerce.fr (Marketplace),/go/3214804856036403022.html?categoryId=10313&offerKey=a436f558f86510304a1eb7f7af88f1e2&offerListId=5690203-EDF53CC911811E624DEE84A25BD95638&pos=6&price=205.62&productid=5690203&sid=25482&type=offer,0,/prix/5690203/ryobi-r18n18g-0.html
40,9971,Ryobi Cloueur à batterie 18V - R18N18G-0,208.99,EUR,false,Rueducommerce.fr (Marketplace),/go/3245052501549908075.html?categoryId=10313&offerKey=29e007a005368c40d98ebbe3857273e9&offerListId=5690203-EDF53CC911811E624DEE84A25BD95638&pos=7&price=208.99&productid=5690203&sid=25482&type=offer,0,/prix/5690203/ryobi-r18n18g-0.html
41,9971,cloueur à air comprimé 18 V Ryobi R18N18G-0,209.75,EUR,false,Rakuten.com FR,/go/4246043336.html?categoryId=10313&offerKey=c3305d6c3b192817e966745e74c31666&offerListId=5690203-EDF53CC911811E624DEE84A25BD95638&pos=8&price=209.75&productid=5690203&sid=26246&type=offer,0,/prix/5690203/ryobi-r18n18g-0.html
42,9971,"Ac­ces­soires agrafeuse, cloueuse Ryobi Ryobi - Cloueur à air comprimé à batterie 18V - R18N18G-0",211.92,EUR,false,Darty.com (Marketplace),/go/3267839154844599784.html?categoryId=10313&offerKey=67e0b688a98201cf90de10729298bd7a&offerListId=5690203-EDF53CC911811E624DEE84A25BD95638&pos=9&price=211.92&productid=5690203&sid=316364&type=offer,0,/prix/5690203/ryobi-r18n18g-0.html
43,9971,RYOBI Cloueur de finition a air comprimé - 18V - 18 mm,216.81,EUR,false,ManoMano.fr,/go/7771597337.html?categoryId=10313&offerKey=212be7d6be68731abc6ac9cb82b9d4f3&offerListId=5690203-EDF53CC911811E624DEE84A25BD95638&pos=10&price=216.81&productid=5690203&sid=291209&type=offer,0,/prix/5690203/ryobi-r18n18g-0.html
44,9971,Ryobi Cloueur à batterie 18V - R18N18G-0,218.47,EUR,false,Rueducommerce.fr (Marketplace),/go/3213754727724494356.html?categoryId=10313&offerKey=9121b64696263e9b3206e15f9f9e75ee&offerListId=5690203-EDF53CC911811E624DEE84A25BD95638&pos=11&price=218.47&productid=5690203&sid=25482&type=offer,0,/prix/5690203/ryobi-r18n18g-0.html
45,9971,Ryobi Cloueur à batterie 18V - R18N18G-0,226.0,EUR,false,Rueducommerce.fr (Marketplace),/go/3262257573950128338.html?categoryId=10313&offerKey=060205ac4e47fbb58b5872181d0bb72a&offerListId=5690203-EDF53CC911811E624DEE84A25BD95638&pos=12&price=226.00&productid=5690203&sid=25482&type=offer,0,/prix/5690203/ryobi-r18n18g-0.html
46,9971,"cloueur à air comprimé 18 V - pointe 1,2 mm (long. 16 à 51 mm)",235.13,EUR,false,Ubaldi.com (Marketplace),/go/3221509544318343224.html?categoryId=10313&offerKey=358724aadb25aa5e22358fee8598c180&offerListId=5690203-EDF53CC911811E624DEE84A25BD95638&pos=13&price=235.13&productid=5690203&sid=316737&type=offer,0,/prix/5690203/ryobi-r18n18g-0.html
47,9971,"
document.getElementById(""result-13-offerinfo"").title = document.getElementById(""result-13-offerinfo"").innerHTML = idealoApp.getContents('#J@3: #J3C`g?`g8 #`g?`g8\\_ F? Z p:CDEC:\<6UEC256j r=@F6FC r2=:3C6 `g `gG \&?:EU624FE6j }F6');
",236.21,EUR,false,stevesgaragesupplies,/go/3266711249146087892.html?categoryId=10313&offerKey=717f6141453a9b87429385fc8e4dbb05&offerListId=5690203-EDF53CC911811E624DEE84A25BD95638&pos=14&price=236.21&productid=5690203&sid=24572&type=offer,0,/prix/5690203/ryobi-r18n18g-0.html
48,9971,Ryobi Cloueur à batterie 18V - R18N18G-0,241.57,EUR,false,Rueducommerce.fr (Marketplace),/go/3268780754055725530.html?categoryId=10313&offerKey=8b5d05b446f7f369916e0a72d5feda22&offerListId=5690203-EDF53CC911811E624DEE84A25BD95638&pos=15&price=241.57&productid=5690203&sid=25482&type=offer,0,/prix/5690203/ryobi-r18n18g-0.html
49,9972,"Tête double fil RYOBI Pro Cut II 2,7mm pour débroussailleuses thermiques - 10 brins RAC113",24.99,EUR,false,ManoMano.fr,/go/9860759822.html?price=24.99&sid=291209&type=oc_offer,0,/type/4892210816856.html
50,9972,"Ryobi RAC113 Pro Cut II Lot de 10 têtes de tondeuse à gazon avec ligne 2,7 mm",24.99,EUR,false,espace-bricolage,/go/9899514797.html?price=24.99&sid=24573&type=oc_offer,0,/type/4892210816856.html
51,9972,"Accessoire débroussailleuse Ryobi Tête double fil ryobi pro cut ii 2,7mm pour débroussailleuses thermiques - 10 brins rac113",24.99,EUR,false,Darty.com (Marketplace),/go/3223311314155739949.html?price=24.99&sid=316364&type=oc_offer,0,/type/4892210816856.html
52,9972,"Tête double fil RYOBI Pro Cut II 2,7mm pour débroussailleuses thermiques - 10 brins RAC106",32.9,EUR,false,Rakuten.com FR,/go/9814753389.html?price=32.90&sid=26246&type=oc_offer,0,/type/4892210816856.html
53,9974,Bague de réparation universelle - Girpi,5.64,EUR,false,ManoMano.fr,/go/3168640351736955907.html?price=5.64&sid=291209&type=oc_offer,0,/type/3343341580709.html
54,9974,Bague universelle de réparation WC,6.54,EUR,false,Rakuten.com FR,/go/4055740466.html?price=6.54&sid=26246&type=oc_offer,0,/type/3343341580709.html
55,9974,Bague de réparation universelle - Girpi,6.54,EUR,false,Mon Magasin General,/go/3263784632065197988.html?price=6.54&sid=24573&type=oc_offer,0,/type/3343341580709.html
56,9974,GIRPI - Bague universelle de réparation WC,15.1,EUR,false,Ubaldi.com (Marketplace),/go/3221509408081060382.html?price=15.10&sid=316737&type=oc_offer,0,/type/3343341580709.html
57,10122,"
document.getElementById(""result-0-offerinfo"").title = document.getElementById(""result-0-offerinfo"").innerHTML = idealoApp.getContents('vC66?DE2C c_eh q@3:?62F a 7:=D 6E 3@FE@? #J@3: U@D=2D9j bg 4\> A@FC #qr`_a_');
",12.57,EUR,false,,/go/3257193406111157067.html?categoryId=28678&offerKey=726922231b2ce34fe84a6bc605b2a8c7&offerListId=3981100-8D360700F1D211CAC39A31182CEAF3E3&pos=1&price=12.57&productid=3981100&sid=24573&type=offer,0,/prix/3981100/ryobi-rac121.html
58,10122,Ryobi RAC121 Bobine 2 mm pour RBC1020 - 5132002593,13.16,EUR,false,Mytoolstore.fr,/go/3229324283584971823.html?categoryId=28678&offerKey=56c3711358b32435422239fddbcc705c&offerListId=3981100-8D360700F1D211CAC39A31182CEAF3E3&pos=2&price=13.16&productid=3981100&sid=29224&type=offer,0,/prix/3981100/ryobi-rac121.html
59,10122,RYOBI RYOBI Tête RAC 121 pour dé­brous­sailleuse RBC1020,13.95,EUR,false,Rakuten.com FR,/go/1769637049.html?categoryId=28678&offerKey=264e19db9e62da0322e02601ebdc4e1e&offerListId=3981100-8D360700F1D211CAC39A31182CEAF3E3&pos=3&price=13.95&productid=3981100&sid=26246&type=offer,0,/prix/3981100/ryobi-rac121.html
60,10122,"
document.getElementById(""result-3-offerinfo"").title = document.getElementById(""result-3-offerinfo"").innerHTML = idealoApp.getContents('vC66?DE2C c_eh q@3:?62F a 7:=D 6E 3@FE@? #J@3: U@D=2D9j bg 4\> A@FC #qr`_a_');
",18.0,EUR,false,Amazon.fr,/go/7781231347.html?categoryId=28678&offerKey=1e11637dc0d72282652514b6f493669d&offerListId=3981100-8D360700F1D211CAC39A31182CEAF3E3&pos=4&price=18.00&productid=3981100&sid=12003&type=offer,0,/prix/3981100/ryobi-rac121.html
61,10122,Tête complète RYOBI double fil diamètre 1.5mm pour dé­brous­sailleuses élec­triques RAC121,18.49,EUR,false,ManoMano.fr,/go/7163700523.html?categoryId=28678&offerKey=fc196cfed2426a31c7f323df776cd3d7&offerListId=3981100-8D360700F1D211CAC39A31182CEAF3E3&pos=5&price=18.49&productid=3981100&sid=291209&type=offer,0,/prix/3981100/ryobi-rac121.html
62,10122,Accessoire dé­brous­sailleuse Ryobi Tête complète ryobi double fil diamètre 1.5mm pour dé­brous­sailleuses élec­triques rac121,18.69,EUR,false,Darty.com (Marketplace),/go/3223311314076049413.html?categoryId=28678&offerKey=381885e4434011badab02520dcd0dd62&offerListId=3981100-8D360700F1D211CAC39A31182CEAF3E3&pos=6&price=18.69&productid=3981100&sid=316364&type=offer,0,/prix/3981100/ryobi-rac121.html
63,10122,Ryobi Rac121 (5132002593),20.73,EUR,false,Fnac.com (Marketplace),/go/3252355719376143686.html?categoryId=28678&offerKey=41ba3a8a7da8ce0a38647e013e0f93f0&offerListId=3981100-8D360700F1D211CAC39A31182CEAF3E3&pos=7&price=20.73&productid=3981100&sid=307622&type=offer,0,/prix/3981100/ryobi-rac121.html
64,10167,Tête outil mul­ti­fonc­tions AEG adaptateur OMNI-MTX,59.72,EUR,false,ManoMano.fr,/go/7837705523.html?categoryId=5314&offerKey=68132fda6a5f200b604d41f51f0ed291&offerListId=5943644-2B0F84EF36CFD35E71BF487BD362F028&pos=1&price=59.72&productid=5943644&sid=291209&type=offer,0,/prix/5943644/aeg-omni-mtx.html
65,10167,Tête outil mul­ti­fonc­tions AEG adaptateur OMNI-MTX,59.72,EUR,false,Ubaldi.com (Marketplace),/go/3221509300197267716.html?categoryId=5314&offerKey=537e4f63597b5edd6bd800f7b7544ddd&offerListId=5943644-2B0F84EF36CFD35E71BF487BD362F028&pos=2&price=59.72&productid=5943644&sid=316737&type=offer,0,/prix/5943644/aeg-omni-mtx.html
66,10167,Lame scie circulaire Aeg Tête outil mul­ti­fonc­tions aeg adaptateur omni-mtx,59.72,EUR,false,Darty.com (Marketplace),/go/3223133625834806298.html?categoryId=5314&offerKey=b96b94bec072ea700401f7e92672c9cc&offerListId=5943644-2B0F84EF36CFD35E71BF487BD362F028&pos=3&price=59.72&productid=5943644&sid=316364&type=offer,0,/prix/5943644/aeg-omni-mtx.html
67,10167,Aeg Tête mul­ti­fonc­tion Omni-mtx pour multitool 12/18V ou 300W,59.72,EUR,false,Rueducommerce.fr (Marketplace),/go/3213757403243747906.html?categoryId=5314&offerKey=b8d4d971dcad728e86a4ad00fc6f619b&offerListId=5943644-2B0F84EF36CFD35E71BF487BD362F028&pos=4&price=59.72&productid=5943644&sid=25482&type=offer,0,/prix/5943644/aeg-omni-mtx.html
68,10167,"
document.getElementById(""result-4-offerinfo"").title = document.getElementById(""result-4-offerinfo"").innerHTML = idealoApp.getContents('ptv chbdccef_f %U64:C4jE6 \>F=UD9JjE:UD9Jj7@?4UD9JjE:@? 2G64 DJDEU68C2G6j\>6 56 492?86\>6?E C2A:56');
",59.72,EUR,false,espace-bricolage,/go/3172040509136838245.html?categoryId=5314&offerKey=002ff8fa7befd574758a8d460702950f&offerListId=5943644-2B0F84EF36CFD35E71BF487BD362F028&pos=5&price=59.72&productid=5943644&sid=24573&type=offer,0,/prix/5943644/aeg-omni-mtx.html
69,10167,Tête outil mul­ti­fonc­tions AEG adaptateur OMNI-MTX,59.9,EUR,false,Rakuten.com FR,/go/3169540164548573520.html?categoryId=5314&offerKey=42642b967930be98476f95d419ac5934&offerListId=5943644-2B0F84EF36CFD35E71BF487BD362F028&pos=6&price=59.90&productid=5943644&sid=26246&type=offer,0,/prix/5943644/aeg-omni-mtx.html
70,10167,AEG OMNI MTX Tête marteau pour outil mul­ti­fonc­tion OMNI,82.99,EUR,false,Fixami.fr,/go/3235106651008666111.html?categoryId=5314&offerKey=f6e8483b24c986a8175caab95b30412e&offerListId=5943644-2B0F84EF36CFD35E71BF487BD362F028&pos=7&price=82.99&productid=5943644&sid=306120&type=offer,0,/prix/5943644/aeg-omni-mtx.html
71,10167,AEG Powertools Tête Multitool OMNI MTX - 4935446707,89.69,EUR,false,Mytoolstore.fr,/go/3229324292669835532.html?categoryId=5314&offerKey=076545ae3c9b27b3565b81a67faf604e&offerListId=5943644-2B0F84EF36CFD35E71BF487BD362F028&pos=8&price=89.69&productid=5943644&sid=29224&type=offer,0,/prix/5943644/aeg-omni-mtx.html
72,10167,"
document.getElementById(""result-8-offerinfo"").title = document.getElementById(""result-8-offerinfo"").innerHTML = idealoApp.getContents('ptv !@H6CE@@=D %U64:C4jE6 |F=E:E@@= ~|}x |%) \\ chbdccef_f');
",101.26,EUR,false,mytoolstore_fr,/go/3243457617602808047.html?categoryId=5314&offerKey=5c5f2301ce4f376532534064149f1f1f&offerListId=5943644-2B0F84EF36CFD35E71BF487BD362F028&pos=9&price=101.26&productid=5943644&sid=24572&type=offer,0,/prix/5943644/aeg-omni-mtx.html
73,10184,Angle extérieur pvc - gris - dév.33cm GIRPI,14.96,EUR,false,ManoMano.fr,/go/3269232543634818210.html?price=14.96&sid=291209&type=oc_offer,0,/type/3343340540902.html
74,10184,Angle extérieur pvc - gris - dév.33cm girpi,14.96,EUR,false,Alexis-robert-bricolage.com,/go/3222599238636535933.html?price=14.96&sid=288310&type=oc_offer,0,/type/3343340540902.html
