,index_data,product_name,product_price,currency,voucher,shop_name,url_origin,url_image,id_page
0,10192,"
document.getElementById(""result-0-offerinfo"").title = document.getElementById(""result-0-offerinfo"").innerHTML = idealoApp.getContents('ptv 26UD9Jj8@3UD9Jj9@`g?\<5 \\ #23@E');
",141.19,EUR,false,Indoostrial,/go/3263760408787289162.html?categoryId=3749&offerKey=9fa56a55444f5746ec02020eb3058c4e&offerListId=3022068-5551B195F16262DB3191C46347E43C86&pos=1&price=141.19&productid=3022068&sid=24573&type=offer,0,/prix/3022068/aeg-bho-18-sans-batterie.html
1,10192,Rabot électrique AEG BHO18-0,154.0,EUR,false,Rotopino.fr,/go/3268838735816426673.html?categoryId=3749&offerKey=0c2a79dc213ea4cf759e7490f4982cca&offerListId=3022068-5551B195F16262DB3191C46347E43C86&pos=2&price=154.00&productid=3022068&sid=287166&type=offer,0,/prix/3022068/aeg-bho-18-sans-batterie.html
2,10192,"
document.getElementById(""result-2-offerinfo"").title = document.getElementById(""result-2-offerinfo"").innerHTML = idealoApp.getContents('ptv 26UD9Jj8@3UD9Jj9@`g?\<5 \\ #23@E');
",154.9,EUR,false,Amazon.fr,/go/3147580447154770720.html?categoryId=3749&offerKey=9b97ede60ab8ef66cebc22fd3fef48e6&offerListId=3022068-5551B195F16262DB3191C46347E43C86&pos=3&price=154.90&productid=3022068&sid=12003&type=offer,0,/prix/3022068/aeg-bho-18-sans-batterie.html
3,10192,"AEG BHO 18-0 Rabot à batteries 18V Li-Ion (machine seule) - 1,6 x 82mm",154.99,EUR,false,Fixami.fr,/go/3235107385970263655.html?categoryId=3749&offerKey=f0929f635f6f3ae260f9708ab13cdaa7&offerListId=3022068-5551B195F16262DB3191C46347E43C86&pos=4&price=154.99&productid=3022068&sid=306120&type=offer,0,/prix/3022068/aeg-bho-18-sans-batterie.html
4,10192,Rabot AEG 18V Li-ion sans batterie ni chargeur BHO 18-0,161.41,EUR,false,ManoMano.fr,/go/7395811544.html?categoryId=3749&offerKey=b4751d4fdc2f33c75b15cfe94ce25d48&offerListId=3022068-5551B195F16262DB3191C46347E43C86&pos=5&price=161.41&productid=3022068&sid=291209&type=offer,0,/prix/3022068/aeg-bho-18-sans-batterie.html
5,10192,AEG Powertools Rabot BHO 18/0,163.54,EUR,false,Mytoolstore.fr,/go/3193773599911580570.html?categoryId=3749&offerKey=6fe59c652299e8d28df2c20564e1e200&offerListId=3022068-5551B195F16262DB3191C46347E43C86&pos=6&price=163.54&productid=3022068&sid=29224&type=offer,0,/prix/3022068/aeg-bho-18-sans-batterie.html
6,10192,Rabot AEG 18V Li-ion sans batterie ni chargeur BHO 18-0,168.9,EUR,false,Rakuten.com FR,/go/3154325417706398501.html?categoryId=3749&offerKey=3b8389794bdc85297b16f3c9568c78f1&offerListId=3022068-5551B195F16262DB3191C46347E43C86&pos=7&price=168.90&productid=3022068&sid=26246&type=offer,0,/prix/3022068/aeg-bho-18-sans-batterie.html
7,10192,Rabot AEG 18V Li-ion sans batterie ni chargeur BHO 18-0,169.48,EUR,false,Ubaldi.com (Marketplace),/go/3221509299310168609.html?categoryId=3749&offerKey=76fb162d7bd3e538c9eb171391f424ee&offerListId=3022068-5551B195F16262DB3191C46347E43C86&pos=8&price=169.48&productid=3022068&sid=316737&type=offer,0,/prix/3022068/aeg-bho-18-sans-batterie.html
8,10192,Rabot électrique Aeg Rabot aeg 18v li-ion sans batterie ni chargeur bho 18-0,169.9,EUR,false,Darty.com (Marketplace),/go/3223133624501016048.html?categoryId=3749&offerKey=fc20c9541da5da79d6fed7ed32094839&offerListId=3022068-5551B195F16262DB3191C46347E43C86&pos=9&price=169.90&productid=3022068&sid=316364&type=offer,0,/prix/3022068/aeg-bho-18-sans-batterie.html
9,10192,Aeg Rabot 18V Li-ion sans batterie ni chargeur BHO 18-0,169.9,EUR,false,Rueducommerce.fr (Marketplace),/go/3213753683705596998.html?categoryId=3749&offerKey=78389ef09cb6c1163bc9ab4f7bd0c0de&offerListId=3022068-5551B195F16262DB3191C46347E43C86&pos=10&price=169.90&productid=3022068&sid=25482&type=offer,0,/prix/3022068/aeg-bho-18-sans-batterie.html
10,10192,"
document.getElementById(""result-10-offerinfo"").title = document.getElementById(""result-10-offerinfo"").innerHTML = idealoApp.getContents('ptv !@H6CE@@=D #23@E qw~ `g^_');
",177.53,EUR,false,mytoolstore_fr,/go/3243764205379127775.html?categoryId=3749&offerKey=9ea091eeb542ba76b900e3af70ec6dae&offerListId=3022068-5551B195F16262DB3191C46347E43C86&pos=11&price=177.53&productid=3022068&sid=24572&type=offer,0,/prix/3022068/aeg-bho-18-sans-batterie.html
11,10192,Aeg Rabot 18V Li-ion sans batterie ni chargeur BHO 18-0,181.59,EUR,false,Rueducommerce.fr (Marketplace),/go/3215167580931110179.html?categoryId=3749&offerKey=8d3a1539ba4a803e16bf0cb6daa2eb65&offerListId=3022068-5551B195F16262DB3191C46347E43C86&pos=12&price=181.59&productid=3022068&sid=25482&type=offer,0,/prix/3022068/aeg-bho-18-sans-batterie.html
12,10192,Aeg Rabot 18V Li-ion sans batterie ni chargeur BHO 18-0,204.66,EUR,false,Rueducommerce.fr (Marketplace),/go/3213755238211127473.html?categoryId=3749&offerKey=a21028410862da931f326b2acb46867d&offerListId=3022068-5551B195F16262DB3191C46347E43C86&pos=13&price=204.66&productid=3022068&sid=25482&type=offer,0,/prix/3022068/aeg-bho-18-sans-batterie.html
13,10213,DESTOCKAGE Taille haie électrique 420 Watts 45cm RYOBI RHT4245,33.9,EUR,false,Superperfo.fr,/go/3174402749674562766.html?categoryId=11274&offerKey=998b51d60c4bad0f43f08dee62ef2443&offerListId=3863604-50B43E32550B5A651EEF180440F77210&pos=1&price=33.90&productid=3863604&sid=315080&type=offer,0,/prix/3863604/ryobi-rht4245.html
14,10213,Taille haie électrique 420 Watts 45cm RYOBI RHT4245,44.9,EUR,false,ManoMano.fr,/go/3245451019701717704.html?categoryId=11274&offerKey=9d17e275dd1b158e8419bedb5794fa5b&offerListId=3863604-50B43E32550B5A651EEF180440F77210&pos=2&price=44.90&productid=3863604&sid=291209&type=offer,0,/prix/3863604/ryobi-rht4245.html
15,10213,Ryobi RHT4245 Taille-haie électrique 420 W - 45 cm,68.32,EUR,false,Mytoolstore.fr,/go/3229324287038982308.html?categoryId=11274&offerKey=9ae808feb702326f8044e22a78666f26&offerListId=3863604-50B43E32550B5A651EEF180440F77210&pos=3&price=68.32&productid=3863604&sid=29224&type=offer,0,/prix/3863604/ryobi-rht4245.html
16,10213,"
document.getElementById(""result-3-offerinfo"").title = document.getElementById(""result-3-offerinfo"").innerHTML = idealoApp.getContents('#J@3: #w%cacd %2:==6\\92:6 U624FE6j=64EC:BF6 ca_ ( \\ cd 4\>');
",70.9,EUR,false,mytoolstore_fr,/go/3264851333909316473.html?categoryId=11274&offerKey=07883528fc4bb569529572e49bb3d85a&offerListId=3863604-50B43E32550B5A651EEF180440F77210&pos=4&price=70.90&productid=3863604&sid=24572&type=offer,0,/prix/3863604/ryobi-rht4245.html
17,10213,Taille haies électrique 420W RHT4245 - OOGARDEN,71.34,EUR,false,Rakuten.com FR,/go/3946103506.html?categoryId=11274&offerKey=ae5d75bc1c13d0a12fbf545390240260&offerListId=3863604-50B43E32550B5A651EEF180440F77210&pos=5&price=71.34&productid=3863604&sid=26246&type=offer,0,/prix/3863604/ryobi-rht4245.html
18,10213,"
document.getElementById(""result-5-offerinfo"").title = document.getElementById(""result-5-offerinfo"").innerHTML = idealoApp.getContents('#J@3: #w%cacd \\ 4@CE2D636D ca_ ( 56 =2\>6 56 cd 4\>');
",124.28,EUR,false,FairPrices,/go/3240186548135659454.html?categoryId=11274&offerKey=e65ac909f8501af2fd89ec49e8e307fb&offerListId=3863604-50B43E32550B5A651EEF180440F77210&pos=6&price=124.28&productid=3863604&sid=24573&type=offer,0,/prix/3863604/ryobi-rht4245.html
19,10270,"
document.getElementById(""result-0-offerinfo"").title = document.getElementById(""result-0-offerinfo"").innerHTML = idealoApp.getContents('#J@3: d`bb__a`e` %2:==6\\92:6D `g \'');
",83.93,EUR,false,espace-bricolage,/go/8923059945.html?categoryId=11274&offerKey=b9a0ef52b65e1f4bc80761ecfc3ae2da&offerListId=4316980-BFEFC1366AB21160B5F46DA3FB8FAB9A&pos=1&price=83.93&productid=4316980&sid=24573&type=offer,0,/prix/4316980/ryobi-oht1855r.html
20,10270,"
document.getElementById(""result-1-offerinfo"").title = document.getElementById(""result-1-offerinfo"").innerHTML = idealoApp.getContents('#J@3: d`bb__a`e` %2:==6\\92:6D `g \'');
",94.86,EUR,false,Amazon.fr,/go/7312182492.html?categoryId=11274&offerKey=fab5984f0cf48bc3401055cecd17aee9&offerListId=4316980-BFEFC1366AB21160B5F46DA3FB8FAB9A&pos=2&price=94.86&productid=4316980&sid=12003&type=offer,0,/prix/4316980/ryobi-oht1855r.html
21,10270,Taille-Haies Lithium+ 18 V 55 cm - OHT1855R,99.0,EUR,false,Rakuten.com FR,/go/2736261063.html?categoryId=11274&offerKey=8c93b0afe14c30752c7da7b5d227d373&offerListId=4316980-BFEFC1366AB21160B5F46DA3FB8FAB9A&pos=3&price=99.00&productid=4316980&sid=26246&type=offer,0,/prix/4316980/ryobi-oht1855r.html
22,10270,Taille-haies RYOBI 18V OnePlus Li­thium­Plus sans batterie ni chargeur OHT1855R,99.98,EUR,false,ManoMano.fr,/go/7115176680.html?categoryId=11274&offerKey=33d267449f1e510c40fe5695771c9726&offerListId=4316980-BFEFC1366AB21160B5F46DA3FB8FAB9A&pos=4&price=99.98&productid=4316980&sid=291209&type=offer,0,/prix/4316980/ryobi-oht1855r.html
23,10270,"Ryobi Taille-haies Lithium+ 18 V - 1,5 Ah OHT1855R sans batterie et chargeur",102.4,EUR,false,Mytoolstore.fr,/go/3193475451714541886.html?categoryId=11274&offerKey=9694c1d5dde8114c4c7ca6d977049c1c&offerListId=4316980-BFEFC1366AB21160B5F46DA3FB8FAB9A&pos=5&price=102.40&productid=4316980&sid=29224&type=offer,0,/prix/4316980/ryobi-oht1855r.html
24,10270,Taille-haies sans fil Ryobi OHT1855R 5133002161 sans batterie Li-Ion,105.0,EUR,false,Conrad.fr,/go/3254686675795706848.html?categoryId=11274&offerKey=0ea2bc5f3ed80756ce477468af2495ec&offerListId=4316980-BFEFC1366AB21160B5F46DA3FB8FAB9A&pos=6&price=105.00&productid=4316980&sid=286907&type=offer,0,/prix/4316980/ryobi-oht1855r.html
25,10270,Taille-haies RYOBI 18V OnePlus Li­thium­Plus sans batterie ni chargeur OHT1855R,105.85,EUR,false,Ubaldi.com (Marketplace),/go/3221509303504476112.html?categoryId=11274&offerKey=2d7f0b0b607cdb5ce031b0ec8b7b5ede&offerListId=4316980-BFEFC1366AB21160B5F46DA3FB8FAB9A&pos=7&price=105.85&productid=4316980&sid=316737&type=offer,0,/prix/4316980/ryobi-oht1855r.html
26,10270,Taille-haies Ryobi ONE+ OHT1855R,108.0,EUR,false,Rotopino.fr,/go/6082123723.html?categoryId=11274&offerKey=c5f98c0a5ff42a02456cac864a5d97b7&offerListId=4316980-BFEFC1366AB21160B5F46DA3FB8FAB9A&pos=8&price=108.00&productid=4316980&sid=287166&type=offer,0,/prix/4316980/ryobi-oht1855r.html
27,10270,Outil pour tailler Ryobi Ryobi oht1855r one+ taille haie sans fil,108.78,EUR,false,Darty.com (Marketplace),/go/3216002801274469026.html?categoryId=11274&offerKey=c81588cf026d4dad0f831530d3bf3701&offerListId=4316980-BFEFC1366AB21160B5F46DA3FB8FAB9A&pos=9&price=108.78&productid=4316980&sid=316364&type=offer,0,/prix/4316980/ryobi-oht1855r.html
28,10270,RYOBI Taille-haie 18V - 55 cm sans batterie,109.88,EUR,false,Fnac.com (Marketplace),/go/3252355708263335626.html?categoryId=11274&offerKey=b89b575235a004267e4be1d9a10095dc&offerListId=4316980-BFEFC1366AB21160B5F46DA3FB8FAB9A&pos=10&price=109.88&productid=4316980&sid=307622&type=offer,0,/prix/4316980/ryobi-oht1855r.html
29,10270,"
document.getElementById(""result-10-offerinfo"").title = document.getElementById(""result-10-offerinfo"").innerHTML = idealoApp.getContents('#J@3: %2:==6\\92:6D {:E9:F\>Z `g \' \\ `[d p9 ~w%`gdd# D2?D 32EE6C:6 6E 492C86FC');
",114.95,EUR,false,mytoolstore_fr,/go/3243764260410491152.html?categoryId=11274&offerKey=87a3d4191eaa356ea7c019eec1233c39&offerListId=4316980-BFEFC1366AB21160B5F46DA3FB8FAB9A&pos=11&price=114.95&productid=4316980&sid=24572&type=offer,0,/prix/4316980/ryobi-oht1855r.html
30,10270,Ryobi OHT1855R Taille-haies à batteries 18V ONE+ Li-Ion (machine seule) - 550mm,115.99,EUR,false,Fixami.fr,/go/3235106722091632493.html?categoryId=11274&offerKey=3e12675bbdae88bee085786095f3276a&offerListId=4316980-BFEFC1366AB21160B5F46DA3FB8FAB9A&pos=12&price=115.99&productid=4316980&sid=306120&type=offer,0,/prix/4316980/ryobi-oht1855r.html
31,10270,Pack RYOBI taille-haies 18V OnePlus Li­thium­Plus OHT1855R - 1 batterie 4.0Ah - 1 chargeur 2.0 RC18120-140,214.17,EUR,false,ManoMano.fr,/go/3253426912116083686.html?categoryId=11274&offerKey=438ba18d26528a737110ad936507d2b0&offerListId=4316980-BFEFC1366AB21160B5F46DA3FB8FAB9A&pos=13&price=214.17&productid=4316980&sid=291209&type=offer,0,/prix/4316980/ryobi-oht1855r.html
32,10270,Pack RYOBI taille-haies 18V OnePlus Li­thium­Plus OHT1855R - 1 batterie 5.0Ah - 1 chargeur rapide 2.0Ah RC18120-150,233.96,EUR,false,ManoMano.fr,/go/3253426912292241656.html?categoryId=11274&offerKey=3f23924c351c71d0c882ba855f9e1419&offerListId=4316980-BFEFC1366AB21160B5F46DA3FB8FAB9A&pos=14&price=233.96&productid=4316980&sid=291209&type=offer,0,/prix/4316980/ryobi-oht1855r.html
