,index_data,product_name,product_price,currency,voucher,shop_name,url_origin,url_image,id_page
0,11418,Perceuse à percussion AEG SB2E 750 RX ST,180.0,EUR,false,Rotopino.fr,/go/3268838733998194969.html?categoryId=15397&offerKey=dcf16d2a54052aabb67527c3b80068e7&offerListId=282478-2EC6B8D11E59DABFB8038B291106C8CC&pos=1&price=180.00&productid=282478&sid=287166&type=offer,0,/prix/282478/aeg-sb2e-750-rx-st.html
1,11418,AEG SB2E 750 RX ST Perceuse à percussion dans coffret - 750W - variable,180.99,EUR,false,Fixami.fr,/go/3235106654148102959.html?categoryId=15397&offerKey=b1132875c32265db7b1a2125d7df0b72&offerListId=282478-2EC6B8D11E59DABFB8038B291106C8CC&pos=2&price=180.99&productid=282478&sid=306120&type=offer,0,/prix/282478/aeg-sb2e-750-rx-st.html
2,11418,"
document.getElementById(""result-2-offerinfo"").title = document.getElementById(""result-2-offerinfo"").innerHTML = idealoApp.getContents('ptv c__abhd`haffh !6C46FD6 U28C2G6j !6CUD9Jj4FDUD9JjD:@?D U28C2G6j w2FE r@FA=6[ fd_ ([ |F=UD9JjE:UD9Jj4@UD9Jj=@C6');
",198.35,EUR,false,Amazon.fr,/go/7314331236.html?categoryId=15397&offerKey=01f97264b6b23c6e8a321785413cf950&offerListId=282478-2EC6B8D11E59DABFB8038B291106C8CC&pos=3&price=198.35&productid=282478&sid=12003&type=offer,0,/prix/282478/aeg-sb2e-750-rx-st.html
3,11418,Perceuse Percussion Filaire - Aeg - Sb2e750rxst,225.84,EUR,false,Rakuten.com FR,/go/1065163587.html?categoryId=15397&offerKey=bbf710ade302bf6f6c6684f231dec284&offerListId=282478-2EC6B8D11E59DABFB8038B291106C8CC&pos=4&price=225.84&productid=282478&sid=26246&type=offer,0,/prix/282478/aeg-sb2e-750-rx-st.html
4,11418,AEG Powertools Perceuse à percussion SB 2E 750 RX Super Torque,239.05,EUR,false,ManoMano.fr,/go/3226429596649917286.html?categoryId=15397&offerKey=1087bfaee33d79a333685ceb4d391473&offerListId=282478-2EC6B8D11E59DABFB8038B291106C8CC&pos=5&price=239.05&productid=282478&sid=291209&type=offer,0,/prix/282478/aeg-sb2e-750-rx-st.html
5,11418,AEG Powertools Perceuse à percussion SB 2E 750 RX Super Torque,239.05,EUR,false,Mytoolstore.fr,/go/6087974374.html?categoryId=15397&offerKey=bc78f06e7de83a8301d5983628a65ba8&offerListId=282478-2EC6B8D11E59DABFB8038B291106C8CC&pos=6&price=239.05&productid=282478&sid=29224&type=offer,0,/prix/282478/aeg-sb2e-750-rx-st.html
6,11418,"
document.getElementById(""result-6-offerinfo"").title = document.getElementById(""result-6-offerinfo"").innerHTML = idealoApp.getContents('ptv !@H6CE@@=D !6C46FD6 U28C2G6j A6C4FDD:@? $q at fd_ #) $FA6C %@CBF6');
",253.49,EUR,false,mytoolstore_fr,/go/3243764271789639138.html?categoryId=15397&offerKey=0cf155284e9233ee6ca6c1bfeb188c2b&offerListId=282478-2EC6B8D11E59DABFB8038B291106C8CC&pos=7&price=253.49&productid=282478&sid=24572&type=offer,0,/prix/282478/aeg-sb2e-750-rx-st.html
7,11429,METABO Perceuse visseuse 18V 2x4Ah BS18LT - 602102500,269.9,EUR,false,ManoMano.fr,/go/3189980945671263317.html?categoryId=3687&offerKey=3ebce5c80eb02e9bd13e0b870c7a2f38&offerListId=3740788-D68F1E39F23EC2694D9FD434E8FFD27E&pos=1&price=269.90&productid=3740788&sid=291209&type=offer,0,/prix/3740788/metabo-bs-18-lt-4-0-ah-6-02102-50.html
8,11429,Metabo perceuse visseuse 18v 2x4ah bs18lt - 602102500,269.9,EUR,false,Guedo-outillage.fr,/go/3206712039521134136.html?categoryId=3687&offerKey=5c44ff6120fe8cb3079f429057549304&offerListId=3740788-D68F1E39F23EC2694D9FD434E8FFD27E&pos=2&price=269.90&productid=3740788&sid=69278&type=offer,0,/prix/3740788/metabo-bs-18-lt-4-0-ah-6-02102-50.html
9,11429,Metabo Per­ceuse-vis­seuse 18V BS 18 LT + 2 batteries 4.0Ah - Chargeur - en coffret - 6.02102.50,269.9,EUR,false,Rueducommerce.fr (Marketplace),/go/3243286106325650055.html?categoryId=3687&offerKey=03183634a4cb9703d77f616ddd8a975d&offerListId=3740788-D68F1E39F23EC2694D9FD434E8FFD27E&pos=3&price=269.90&productid=3740788&sid=25482&type=offer,0,/prix/3740788/metabo-bs-18-lt-4-0-ah-6-02102-50.html
10,11429,Metabo Per­ceuse-vis­seuse sans fil 18 volts BS 18 LT,306.18,EUR,false,Rakuten.com FR,/go/2695285012.html?categoryId=3687&offerKey=6d5269d7876e54aa8f6bf2221e2ed52b&offerListId=3740788-D68F1E39F23EC2694D9FD434E8FFD27E&pos=4&price=306.18&productid=3740788&sid=26246&type=offer,0,/prix/3740788/metabo-bs-18-lt-4-0-ah-6-02102-50.html
11,11429,Metabo Per­ceuse-vis­seuse 18V BS 18 LT + 2 batteries 4.0Ah - Chargeur - en coffret - 6.02102.50,333.79,EUR,false,Rueducommerce.fr (Marketplace),/go/3213757464228925524.html?categoryId=3687&offerKey=bec6ffc68785402e9aa22b28cbd0f02e&offerListId=3740788-D68F1E39F23EC2694D9FD434E8FFD27E&pos=5&price=333.79&productid=3740788&sid=25482&type=offer,0,/prix/3740788/metabo-bs-18-lt-4-0-ah-6-02102-50.html
12,11429,"
document.getElementById(""result-5-offerinfo"").title = document.getElementById(""result-5-offerinfo"").innerHTML = idealoApp.getContents('|6E23@ q$`g{% `gG {E !6C46FD6 a ) c]_29 {x\\x~} r@\>A24E');
",337.83,EUR,false,folkestonefixings,/go/3267170602967892497.html?categoryId=3687&offerKey=3a65a68fdc59b3cd2b4c20f6181bfac9&offerListId=3740788-D68F1E39F23EC2694D9FD434E8FFD27E&pos=6&price=337.83&productid=3740788&sid=24572&type=offer,0,/prix/3740788/metabo-bs-18-lt-4-0-ah-6-02102-50.html
13,11429,Metabo Per­ceuse-vis­seuse sans fil 18 volts BS 18 LT,382.0,EUR,false,Mytoolstore.fr,/go/9362524178.html?categoryId=3687&offerKey=c7c7d8787af9d645fb6bf141ac9a452c&offerListId=3740788-D68F1E39F23EC2694D9FD434E8FFD27E&pos=7&price=382.00&productid=3740788&sid=29224&type=offer,0,/prix/3740788/metabo-bs-18-lt-4-0-ah-6-02102-50.html
14,11429,Metabo Per­ceuse-vis­seuse 18V BS 18 LT + 2 batteries 4.0Ah - Chargeur - en coffret - 6.02102.50,387.72,EUR,false,Rueducommerce.fr (Marketplace),/go/3258995796145605382.html?categoryId=3687&offerKey=592ec129ca145016fc471e7e72919138&offerListId=3740788-D68F1E39F23EC2694D9FD434E8FFD27E&pos=8&price=387.72&productid=3740788&sid=25482&type=offer,0,/prix/3740788/metabo-bs-18-lt-4-0-ah-6-02102-50.html
15,11429,Per­ceuse-vis­seuse METABO 18V BS 18 LT + 2 batteries 4.0Ah - Chargeur - en coffret - 6.02102.50,399.9,EUR,false,Maxoutil.com,/go/3157954903725313182.html?categoryId=3687&offerKey=e5286eb4b34ed7c65914b64350004266&offerListId=3740788-D68F1E39F23EC2694D9FD434E8FFD27E&pos=9&price=399.90&productid=3740788&sid=254364&type=offer,0,/prix/3740788/metabo-bs-18-lt-4-0-ah-6-02102-50.html
16,11429,"Per­ceuse-vis­seuse sans fil Metabo BS 18 LT Li-Ion 18 V 4 Ah + 2 batteries, + mallette",425.0,EUR,false,Conrad.fr,/go/3254686846602446264.html?categoryId=3687&offerKey=7ca148a7f0381e8299becce424a8d271&offerListId=3740788-D68F1E39F23EC2694D9FD434E8FFD27E&pos=10&price=425.00&productid=3740788&sid=286907&type=offer,0,/prix/3740788/metabo-bs-18-lt-4-0-ah-6-02102-50.html
17,11429,Metabo Per­ceuse-vis­seuse 18V BS 18 LT + 2 batteries 4.0Ah - Chargeur - en coffret - 6.02102.50,432.49,EUR,false,Rueducommerce.fr (Marketplace),/go/3268115803234370439.html?categoryId=3687&offerKey=ebc9c5a8efd014557ceedbef917b1b90&offerListId=3740788-D68F1E39F23EC2694D9FD434E8FFD27E&pos=11&price=432.49&productid=3740788&sid=25482&type=offer,0,/prix/3740788/metabo-bs-18-lt-4-0-ah-6-02102-50.html
18,11430,DeWalt D25144K Per­fo­ra­teur SDS-plus mandrin de rechange inclus dans mallette - 900W - 3J,197.99,EUR,false,Fixami.fr,/go/3235106643628786743.html?categoryId=15397&offerKey=dec496006824ad0bb3042c4e3c096376&offerListId=4893712-10F818C38C6D3BEF10AC4812588C3106&pos=1&price=197.99&productid=4893712&sid=306120&type=offer,0,/prix/4893712/dewalt-d25144k.html
19,11430,"
document.getElementById(""result-1-offerinfo"").title = document.getElementById(""result-1-offerinfo"").innerHTML = idealoApp.getContents('s6(2=E sad`ccz\\\""$');
",200.99,EUR,false,Amazon.fr,/go/7319520924.html?categoryId=15397&offerKey=8ffc54af521e3882bbb9b84b1d76c609&offerListId=4893712-10F818C38C6D3BEF10AC4812588C3106&pos=2&price=200.99&productid=4893712&sid=12003&type=offer,0,/prix/4893712/dewalt-d25144k.html
20,11430,Per­fo­ra­teur DEWALT SDS Plus 28mm + Poignée + butée de profondeur et mandrin - D25144K,200.99,EUR,false,Maxoutil.com,/go/4482349616.html?categoryId=15397&offerKey=f0fe1dedd0a98d70f3ed73026195c674&offerListId=4893712-10F818C38C6D3BEF10AC4812588C3106&pos=3&price=200.99&productid=4893712&sid=254364&type=offer,0,/prix/4893712/dewalt-d25144k.html
21,11430,Per­fo­ra­teur DEWALT SDS Plus 28mm + Poignée + butée de profondeur et mandrin - D25144K,200.99,EUR,false,ManoMano.fr,/go/9525707914.html?categoryId=15397&offerKey=9278618bd67a74f139bc1dfb2f49afda&offerListId=4893712-10F818C38C6D3BEF10AC4812588C3106&pos=4&price=200.99&productid=4893712&sid=291209&type=offer,0,/prix/4893712/dewalt-d25144k.html
22,11430,Mar­teau-per­fo­ra­teur DeWalt D25144K,201.0,EUR,false,Rotopino.fr,/go/6692188379.html?categoryId=15397&offerKey=41e8f957c965185485bf12139bdcf502&offerListId=4893712-10F818C38C6D3BEF10AC4812588C3106&pos=5&price=201.00&productid=4893712&sid=287166&type=offer,0,/prix/4893712/dewalt-d25144k.html
23,11430,"Per­fo­ra­teur, burineur Dewalt Dewalt - per­fo­ra­teur burineur 900w sds-plus 28mm 3 modes - d25144k",206.31,EUR,false,Darty.com (Marketplace),/go/3219809797943593476.html?categoryId=15397&offerKey=8ab976b3339c22e1df1eec412426e14a&offerListId=4893712-10F818C38C6D3BEF10AC4812588C3106&pos=6&price=206.31&productid=4893712&sid=316364&type=offer,0,/prix/4893712/dewalt-d25144k.html
24,11430,"
document.getElementById(""result-6-offerinfo"").title = document.getElementById(""result-6-offerinfo"").innerHTML = idealoApp.getContents('s6(2=E sad`ccz\\\""$');
",210.76,EUR,false,Verkter,/go/3259569622109652314.html?categoryId=15397&offerKey=62902698f7ddd2b07a3481349cca7bd8&offerListId=4893712-10F818C38C6D3BEF10AC4812588C3106&pos=7&price=210.76&productid=4893712&sid=24573&type=offer,0,/prix/4893712/dewalt-d25144k.html
25,11430,Dewalt D25144K Per­fo­ra­teur Sds-plus 900 W 3 modes + mandrin et coffret,219.01,EUR,false,Rueducommerce.fr (Marketplace),/go/3213756063721467221.html?categoryId=15397&offerKey=0168a913b348d89644fd0f8e2d0a9993&offerListId=4893712-10F818C38C6D3BEF10AC4812588C3106&pos=8&price=219.01&productid=4893712&sid=25482&type=offer,0,/prix/4893712/dewalt-d25144k.html
26,11430,Per­fo­ra­teur burineur Dewalt 3 modes SDS plus 28mm mandrin à changement rapide D25144K,219.6,EUR,false,Master-outillage.com,/go/3155431872572432116.html?categoryId=15397&offerKey=dc53f1e2b17850b34a91aba5ea7c1a3d&offerListId=4893712-10F818C38C6D3BEF10AC4812588C3106&pos=9&price=219.60&productid=4893712&sid=282706&type=offer,0,/prix/4893712/dewalt-d25144k.html
27,11430,Per­fo­ra­teur SDS-Plus 28mm - 3 modes,219.6,EUR,false,Comptoirdespros.com,/go/3256890995746275446.html?categoryId=15397&offerKey=d09c68755e722b799e54bb0f381de3de&offerListId=4893712-10F818C38C6D3BEF10AC4812588C3106&pos=10&price=219.60&productid=4893712&sid=283959&type=offer,0,/prix/4893712/dewalt-d25144k.html
28,11430,Per­fo­ra­teur SDS-plus 28mm - 3 modes - D25144K,220.75,EUR,false,Rakuten.com FR,/go/5963609628.html?categoryId=15397&offerKey=7492bccf3246bfd40f0b7c14dd0baf06&offerListId=4893712-10F818C38C6D3BEF10AC4812588C3106&pos=11&price=220.75&productid=4893712&sid=26246&type=offer,0,/prix/4893712/dewalt-d25144k.html
29,11430,Dewalt D25144K Per­fo­ra­teur Sds-plus 900 W 3 modes + mandrin et coffret,228.41,EUR,false,Rueducommerce.fr (Marketplace),/go/3213754951981349171.html?categoryId=15397&offerKey=81b64c942adff4e18fa4395a32e02e45&offerListId=4893712-10F818C38C6D3BEF10AC4812588C3106&pos=12&price=228.41&productid=4893712&sid=25482&type=offer,0,/prix/4893712/dewalt-d25144k.html
30,11430,Dewalt D25144K Per­fo­ra­teur Sds-plus 900 W 3 modes + mandrin et coffret,234.11,EUR,false,Rueducommerce.fr (Marketplace),/go/3266428670029335184.html?categoryId=15397&offerKey=e96aa83417e6fe05bfd804926ed81fda&offerListId=4893712-10F818C38C6D3BEF10AC4812588C3106&pos=13&price=234.11&productid=4893712&sid=25482&type=offer,0,/prix/4893712/dewalt-d25144k.html
31,11430,Dewalt D25144K Per­fo­ra­teur Sds-plus 900 W 3 modes + mandrin et coffret,235.38,EUR,false,Rueducommerce.fr (Marketplace),/go/3213932438090681382.html?categoryId=15397&offerKey=fe78fd70b0933ebc7a532098f6478782&offerListId=4893712-10F818C38C6D3BEF10AC4812588C3106&pos=14&price=235.38&productid=4893712&sid=25482&type=offer,0,/prix/4893712/dewalt-d25144k.html
32,11430,Dewalt D25144K Per­fo­ra­teur Sds-plus 900 W 3 modes + mandrin et coffret,236.36,EUR,false,Rueducommerce.fr (Marketplace),/go/3259947733821164047.html?categoryId=15397&offerKey=0a1d64bab55a6070a1c2c5dc0e55f476&offerListId=4893712-10F818C38C6D3BEF10AC4812588C3106&pos=15&price=236.36&productid=4893712&sid=25482&type=offer,0,/prix/4893712/dewalt-d25144k.html
33,11458,Scie à onglet radiale D. 216 mm JR 216 1800 W 230 V - 113890 - Fartools - -,165.8,EUR,false,ManoMano.fr,/go/3158167966271420111.html?categoryId=21721&offerKey=a6a88522a694861339e37e68eeb23416&offerListId=4462137-A71D6D05BA2303BFB0B177834EF61EEF&pos=1&price=165.80&productid=4462137&sid=291209&type=offer,0,/prix/4462137/far-tools-jr-216-scie-a-onglet-radiale.html
34,11458,"
document.getElementById(""result-1-offerinfo"").title = document.getElementById(""result-1-offerinfo"").innerHTML = idealoApp.getContents('u2CE@@=D y# a`e $4:6 U28C2G6j @?8=6E C25:2=6 `g__ ( }@:C');
",165.8,EUR,false,Amazon.fr,/go/3240970335570363502.html?categoryId=21721&offerKey=060985326c76c0d1605b6649d77d324b&offerListId=4462137-A71D6D05BA2303BFB0B177834EF61EEF&pos=2&price=165.80&productid=4462137&sid=12003&type=offer,0,/prix/4462137/far-tools-jr-216-scie-a-onglet-radiale.html
35,11458,"Scie à onglets radiale 1800W, lame de 216mm",165.8,EUR,false,Rakuten.com FR,/go/5419187744.html?categoryId=21721&offerKey=0ddb2d1adbc3182dd8e578e5b6dc3153&offerListId=4462137-A71D6D05BA2303BFB0B177834EF61EEF&pos=3&price=165.80&productid=4462137&sid=26246&type=offer,0,/prix/4462137/far-tools-jr-216-scie-a-onglet-radiale.html
36,11473,Einhell Ponceuse éx­cen­trique TE-RS 18 Li - Solo,59.3,EUR,false,Mytoolstore.fr,/go/3229324297377941736.html?categoryId=3706&offerKey=1d474278335105290c73497c8292b3fe&offerListId=5698831-0EA7D2CAB07B5203B708F7907BAD8AAD&pos=1&price=59.30&productid=5698831&sid=29224&type=offer,0,/prix/5698831/einhell-te-rs-18-solo.html
37,11473,"
document.getElementById(""result-1-offerinfo"").title = document.getElementById(""result-1-offerinfo"").innerHTML = idealoApp.getContents('t:?96== !@?46FD6 6IUD9Jj46?UD9JjEC:BF6 %t\\#$ `g {: \\ $@=@ !@H6C )\\r92?86 W\'2C:2E6FC U624FE6j=64UD9JjEC@UD9Jj?:BF6[ $JDEU68C2G6j\>6 2FUD9JjE@\\28C:AUD9JjA2?E[ {:GCU624FE6j 2G64 ` 76F:==6 23C2D:G6X \'t#$x~} $~{~ {x\'#t $p}$ qp%%t#xt }x rwp#vt\&#');
",59.69,EUR,false,Amazon.fr,/go/9947143186.html?categoryId=3706&offerKey=c8a918ea92d57e6f1c18c860cbedae79&offerListId=5698831-0EA7D2CAB07B5203B708F7907BAD8AAD&pos=2&price=59.69&productid=5698831&sid=12003&type=offer,0,/prix/5698831/einhell-te-rs-18-solo.html
38,11473,EINHELL Ponceuse ex­cen­trique TE-RS 18 Li - Solo sans batterie ni chargeur,59.76,EUR,false,Rueducommerce.fr (Marketplace),/go/3228253762220985065.html?categoryId=3706&offerKey=e57ea0d571ea4d3a6aeef80a43f5b52c&offerListId=5698831-0EA7D2CAB07B5203B708F7907BAD8AAD&pos=3&price=59.76&productid=5698831&sid=25482&type=offer,0,/prix/5698831/einhell-te-rs-18-solo.html
39,11473,Einhell Ponceuse éx­cen­trique TE-RS 18 Li - Solo,59.83,EUR,false,Rakuten.com FR,/go/9956290655.html?categoryId=3706&offerKey=17463a1c39063a26bae25cd7c68e0a65&offerListId=5698831-0EA7D2CAB07B5203B708F7907BAD8AAD&pos=4&price=59.83&productid=5698831&sid=26246&type=offer,0,/prix/5698831/einhell-te-rs-18-solo.html
40,11473,Ponceuse ex­cen­trique TE-RS 18 Li - Solo (sans batterie ni chargeur),60.28,EUR,false,ManoMano.fr,/go/3183456627143476370.html?categoryId=3706&offerKey=b030ac0b0a3b2bfb2e340ada75581f29&offerListId=5698831-0EA7D2CAB07B5203B708F7907BAD8AAD&pos=5&price=60.28&productid=5698831&sid=291209&type=offer,0,/prix/5698831/einhell-te-rs-18-solo.html
41,11473,EINHELL Ponceuse ex­cen­trique TE-RS 18 Li - Solo sans batterie ni chargeur,62.85,EUR,false,Rueducommerce.fr (Marketplace),/go/3235856514388330562.html?categoryId=3706&offerKey=262cd4ad8b3e993b22b6fb148704b23a&offerListId=5698831-0EA7D2CAB07B5203B708F7907BAD8AAD&pos=6&price=62.85&productid=5698831&sid=25482&type=offer,0,/prix/5698831/einhell-te-rs-18-solo.html
42,11473,"
document.getElementById(""result-6-offerinfo"").title = document.getElementById(""result-6-offerinfo"").innerHTML = idealoApp.getContents('t:?96== tx}UD9Jj%t#$`g{x} %6\\#D `g {: !@H6C )\\r92?86 #@E2E:7 !@?46FD6 `g\' q2C6 \&?:EU624FE6j');
",62.97,EUR,false,stevesgaragesupplies,/go/3267436600482595241.html?categoryId=3706&offerKey=a2c57d2d5b841412ea6b05282ccbe627&offerListId=5698831-0EA7D2CAB07B5203B708F7907BAD8AAD&pos=7&price=62.97&productid=5698831&sid=24572&type=offer,0,/prix/5698831/einhell-te-rs-18-solo.html
43,11473,Ponceuse ex­cen­trique sans fil Einhell Power X-Change TE-RS 18 Li-Solo 4462010 Ø 125 mm 1 pc(s),63.99,EUR,false,Conrad.fr,/go/3254686673964892812.html?categoryId=3706&offerKey=f164286aec2f5cc5a52060502c089062&offerListId=5698831-0EA7D2CAB07B5203B708F7907BAD8AAD&pos=8&price=63.99&productid=5698831&sid=286907&type=offer,0,/prix/5698831/einhell-te-rs-18-solo.html
44,11473,Ponceuse ex­cen­trique TE-RS 18 Li - Solo - 125 mm EINHELL,65.0,EUR,false,Bricozor.com,/go/3267557150951475974.html?categoryId=3706&offerKey=d415b7517efaf95c6007d3e306df9b13&offerListId=5698831-0EA7D2CAB07B5203B708F7907BAD8AAD&pos=9&price=65.00&productid=5698831&sid=272921&type=offer,0,/prix/5698831/einhell-te-rs-18-solo.html
45,11473,Einhell TE-RS 18 Li Solo,65.29,EUR,false,Fixami.fr,/go/3235766461655943777.html?categoryId=3706&offerKey=e0233fd0cf4b46f10fb87b04590c95ad&offerListId=5698831-0EA7D2CAB07B5203B708F7907BAD8AAD&pos=10&price=65.29&productid=5698831&sid=306120&type=offer,0,/prix/5698831/einhell-te-rs-18-solo.html
46,11473,EINHELL Ponceuse ex­cen­trique TE-RS 18 Li - Solo sans batterie ni chargeur,66.35,EUR,false,Rueducommerce.fr (Marketplace),/go/3221169401170497389.html?categoryId=3706&offerKey=75c2d9357dc4d8bc9e558a6c4db7373b&offerListId=5698831-0EA7D2CAB07B5203B708F7907BAD8AAD&pos=11&price=66.35&productid=5698831&sid=25482&type=offer,0,/prix/5698831/einhell-te-rs-18-solo.html
47,11473,EINHELL Ponceuse ex­cen­trique TE-RS 18 Li - Solo sans batterie ni chargeur,69.94,EUR,false,Rueducommerce.fr (Marketplace),/go/3216290114684590023.html?categoryId=3706&offerKey=c274f9bfb7b5677b5951eefde313f80c&offerListId=5698831-0EA7D2CAB07B5203B708F7907BAD8AAD&pos=12&price=69.94&productid=5698831&sid=25482&type=offer,0,/prix/5698831/einhell-te-rs-18-solo.html
48,11473,EINHELL Ponceuse ex­cen­trique TE-RS 18 Li - Solo sans batterie ni chargeur,73.98,EUR,false,Rueducommerce.fr (Marketplace),/go/3268115802930283310.html?categoryId=3706&offerKey=15e40cbd59435653645f709743195d2e&offerListId=5698831-0EA7D2CAB07B5203B708F7907BAD8AAD&pos=13&price=73.98&productid=5698831&sid=25482&type=offer,0,/prix/5698831/einhell-te-rs-18-solo.html
49,11473,Einhell Ponceuse ex­cen­trique Te-rs 18 Li - Solo sans batterie ni chargeur,74.48,EUR,false,Rueducommerce.fr (Marketplace),/go/3219187275336266165.html?categoryId=3706&offerKey=607897fd1d2cb0e53d2815c76788aafb&offerListId=5698831-0EA7D2CAB07B5203B708F7907BAD8AAD&pos=14&price=74.48&productid=5698831&sid=25482&type=offer,0,/prix/5698831/einhell-te-rs-18-solo.html
50,11477,Taille haie sans fil 18 V Lithium Einhell,77.0,EUR,false,Jardinetsaisons.fr,/go/3254727441605722395.html?categoryId=11274&offerKey=3f1df5cfec08900c5bcc80ab343c677b&offerListId=5416615-37832D18D42B67FED27FFC7F0B1C0C20&pos=1&price=77.00&productid=5416615&sid=308464&type=offer,0,/prix/5416615/einhell-ge-ch-1846-li-kit-avec-batterie-2-0-ah.html
51,11477,"
document.getElementById(""result-1-offerinfo"").title = document.getElementById(""result-1-offerinfo"").innerHTML = idealoApp.getContents('t:?96== %2:==6\\92:6D D2?D 7:= vt\\rw `gce {: z:E W`Ia[_ p9X W`g \'[ a[_ p9[ {@?8F6FC 56 4@FA6 ce 4\> \\ {@?8F6FC 56 =2\>6 da 4\>[ tA2:DD6FC 56 4@FA6 `` \>\>[ {:GCU624FE6j 2G64 32EE6C:6 6E 492C86FC C2A:56X');
",103.27,EUR,false,Yeppon,/go/3261043074213610209.html?categoryId=11274&offerKey=400fb2ee23a8aa6a1c44701093c23c4f&offerListId=5416615-37832D18D42B67FED27FFC7F0B1C0C20&pos=2&price=103.27&productid=5416615&sid=24573&type=offer,0,/prix/5416615/einhell-ge-ch-1846-li-kit-avec-batterie-2-0-ah.html
52,11477,"
document.getElementById(""result-2-offerinfo"").title = document.getElementById(""result-2-offerinfo"").innerHTML = idealoApp.getContents('t:?96== %2:==6\\92:6D D2?D 7:= vt\\rw `gce {: z:E W`Ia[_ p9X W`g \'[ a[_ p9[ {@?8F6FC 56 4@FA6 ce 4\> \\ {@?8F6FC 56 =2\>6 da 4\>[ tA2:DD6FC 56 4@FA6 `` \>\>[ {:GCU624FE6j 2G64 32EE6C:6 6E 492C86FC C2A:56X');
",106.4,EUR,false,Amazon.fr,/go/8598069162.html?categoryId=11274&offerKey=27425afcd4d370392e362711498f0aa5&offerListId=5416615-37832D18D42B67FED27FFC7F0B1C0C20&pos=3&price=106.40&productid=5416615&sid=12003&type=offer,0,/prix/5416615/einhell-ge-ch-1846-li-kit-avec-batterie-2-0-ah.html
53,11477,"Taille-haie sans fil GE-CH 1846 Li Kit (1 x 2,0 Ah)",106.4,EUR,false,ManoMano.fr,/go/8988470835.html?categoryId=11274&offerKey=c580befa9a2fb546fb4e4d5fe066ca25&offerListId=5416615-37832D18D42B67FED27FFC7F0B1C0C20&pos=4&price=106.40&productid=5416615&sid=291209&type=offer,0,/prix/5416615/einhell-ge-ch-1846-li-kit-avec-batterie-2-0-ah.html
54,11477,Taille-haie sans fil - Une batterie 18 volts - kit - GE-CH 1846 Li EINHELL,106.4,EUR,false,Rakuten.com FR,/go/8392853655.html?categoryId=11274&offerKey=ff1bb1347261e0b93e07ad373af9a38a&offerListId=5416615-37832D18D42B67FED27FFC7F0B1C0C20&pos=5&price=106.40&productid=5416615&sid=26246&type=offer,0,/prix/5416615/einhell-ge-ch-1846-li-kit-avec-batterie-2-0-ah.html
55,11477,"
document.getElementById(""result-5-offerinfo"").title = document.getElementById(""result-5-offerinfo"").innerHTML = idealoApp.getContents('t:?96== %2:==6\\w2:6D Ut24FE6j=64EC:BF6 2G64 q2EE6C:6 a]_p9 v6\\r9 `gce {:');
",111.8,EUR,false,bricobravo,/go/3268895514661226388.html?categoryId=11274&offerKey=a2c2aa9a5127605fe85a380c945b1395&offerListId=5416615-37832D18D42B67FED27FFC7F0B1C0C20&pos=6&price=111.80&productid=5416615&sid=24572&type=offer,0,/prix/5416615/einhell-ge-ch-1846-li-kit-avec-batterie-2-0-ah.html
56,11477,"Einhell Taille-haie GE-CH 1846 Li Kit (1 x 2,0 Ah) - 3410683",115.5,EUR,false,Mytoolstore.fr,/go/3229324305194026789.html?categoryId=11274&offerKey=990f6478042e67f243825a9863d669ca&offerListId=5416615-37832D18D42B67FED27FFC7F0B1C0C20&pos=7&price=115.50&productid=5416615&sid=29224&type=offer,0,/prix/5416615/einhell-ge-ch-1846-li-kit-avec-batterie-2-0-ah.html
57,11477,"EINHELL - Taille-haie sans fil GE-CH 1846 Li Kit (1 x 2,0 Ah)",119.26,EUR,false,Ubaldi.com (Marketplace),/go/3221509376672007036.html?categoryId=11274&offerKey=aa46f9c0a43c867ae80d5d60b6a2375c&offerListId=5416615-37832D18D42B67FED27FFC7F0B1C0C20&pos=8&price=119.26&productid=5416615&sid=316737&type=offer,0,/prix/5416615/einhell-ge-ch-1846-li-kit-avec-batterie-2-0-ah.html
58,11477,"Taille-haies Einhell Taille-haies sans fil ""ge-ch 1846 li kit"" 2 ah 18 v",121.01,EUR,false,Darty.com (Marketplace),/go/3208673880247901085.html?categoryId=11274&offerKey=648943e64cafa163a42125a5eb249d97&offerListId=5416615-37832D18D42B67FED27FFC7F0B1C0C20&pos=9&price=121.01&productid=5416615&sid=316364&type=offer,0,/prix/5416615/einhell-ge-ch-1846-li-kit-avec-batterie-2-0-ah.html
59,11477,Einhell 3410683 / GE-CH 1846 Li KI,124.99,EUR,false,Fixami.fr,/go/3235106855046873144.html?categoryId=11274&offerKey=e4121ea70b2631a68a62d43d83b486e2&offerListId=5416615-37832D18D42B67FED27FFC7F0B1C0C20&pos=10&price=124.99&productid=5416615&sid=306120&type=offer,0,/prix/5416615/einhell-ge-ch-1846-li-kit-avec-batterie-2-0-ah.html
60,11477,Taille-haie sans fil - batterie 18 volts - kit - GE-CH 1846 Li EINHELL,125.95,EUR,false,Bricozor.com,/go/3267557131475225562.html?categoryId=11274&offerKey=423059c6c18da406d5a0284ff174d451&offerListId=5416615-37832D18D42B67FED27FFC7F0B1C0C20&pos=11&price=125.95&productid=5416615&sid=272921&type=offer,0,/prix/5416615/einhell-ge-ch-1846-li-kit-avec-batterie-2-0-ah.html
61,11477,Einhell Taille-haies sans fil GE-CH 1846 Li Kit 2 Ah 18 V,128.9,EUR,false,Fnac.com (Marketplace),/go/3252355729490708028.html?categoryId=11274&offerKey=66357c791c9c625a15232ddd8d232713&offerListId=5416615-37832D18D42B67FED27FFC7F0B1C0C20&pos=12&price=128.90&productid=5416615&sid=307622&type=offer,0,/prix/5416615/einhell-ge-ch-1846-li-kit-avec-batterie-2-0-ah.html
62,11477,"Einhell Taille-haies sans fil ""GE-CH 1846 Li Kit"" 2 Ah 18 V 409463",145.0,EUR,false,VidaXL.fr,/go/3204816912091453116.html?categoryId=11274&offerKey=6c0f69439e0e3e07a9915f7d1ea05c68&offerListId=5416615-37832D18D42B67FED27FFC7F0B1C0C20&pos=13&price=145.00&productid=5416615&sid=278537&type=offer,0,/prix/5416615/einhell-ge-ch-1846-li-kit-avec-batterie-2-0-ah.html
63,11497,"
document.getElementById(""result-0-offerinfo"").title = document.getElementById(""result-0-offerinfo"").innerHTML = idealoApp.getContents('$496AA249 dh_cg_eh_b tDD6?46 pAA2C6:= 56 |F=E: 82CE6');
",245.04,EUR,false,Amazon.fr,/go/3267064562286854872.html?categoryId=31643&offerKey=12d3e2723235003cb29336f0a628eddd&offerListId=6166680-FA74EB702FD6A72ACF8265F92A7AC6A3&pos=1&price=245.04&productid=6166680&sid=12003&type=offer,0,/prix/6166680/scheppach-mfh3300-4bp.html
64,11497,"Scheppach - Outil de jardin mul­ti­fonc­tions thermique 4 en 1 32,6cm3 2 temps",264.9,EUR,false,ManoMano.fr,/go/3215589288301304317.html?categoryId=31643&offerKey=60b9ee69fd025b0bf320d0d544d101c4&offerListId=6166680-FA74EB702FD6A72ACF8265F92A7AC6A3&pos=2&price=264.90&productid=6166680&sid=291209&type=offer,0,/prix/6166680/scheppach-mfh3300-4bp.html
65,11497,Scheppach Ou­til-mul­ti­fonc­tions 4 en 1 Mfh3300-4BP,264.9,EUR,false,Rueducommerce.fr (Marketplace),/go/3268603353476631396.html?categoryId=31643&offerKey=48d04a2239a6d8b710292de49036e015&offerListId=6166680-FA74EB702FD6A72ACF8265F92A7AC6A3&pos=3&price=264.90&productid=6166680&sid=25482&type=offer,0,/prix/6166680/scheppach-mfh3300-4bp.html
66,11497,"
document.getElementById(""result-3-offerinfo"").title = document.getElementById(""result-3-offerinfo"").innerHTML = idealoApp.getContents('sUt24FE6jUD9Jjq#~\&$UD9Jj$px{{t\&$t |~%t\&# Up24FE6j s~$ t$$t}rt ba]e rr ct}` `]aar\' $rwt!!prw |uwbb__\\cq!');
",272.9,EUR,false,gls-72,/go/3244883108018782825.html?categoryId=31643&offerKey=b87ed47aad79ce651cae6eed761a019d&offerListId=6166680-FA74EB702FD6A72ACF8265F92A7AC6A3&pos=4&price=272.90&productid=6166680&sid=24572&type=offer,0,/prix/6166680/scheppach-mfh3300-4bp.html
67,11497,"Scheppach - Outil de jardin mul­ti­fonc­tions thermique 4 en 1 32,6cm3 2 temps",283.44,EUR,false,Rakuten.com FR,/go/3245450669045319424.html?categoryId=31643&offerKey=ebd4bf7eb9f02058ea366424d7ad9cbe&offerListId=6166680-FA74EB702FD6A72ACF8265F92A7AC6A3&pos=5&price=283.44&productid=6166680&sid=26246&type=offer,0,/prix/6166680/scheppach-mfh3300-4bp.html
68,11497,Scheppach 5904806903,291.99,EUR,false,Fixami.fr,/go/3255882705876814658.html?categoryId=31643&offerKey=92e9d0a41cbd912ceb7127e91138ceb8&offerListId=6166680-FA74EB702FD6A72ACF8265F92A7AC6A3&pos=6&price=291.99&productid=6166680&sid=306120&type=offer,0,/prix/6166680/scheppach-mfh3300-4bp.html
69,11503,"Metabo Perceuse visseuse à percussion 2x4,0Ah Li-Ion en coffret - Sb18LTX Impuls",296.89,EUR,false,Rueducommerce.fr (Marketplace),/go/3254477807994013180.html?categoryId=3687&offerKey=45ce0402c4a716c0cc63036b319fcad9&offerListId=3133447-95FB422809BA97C3F4784EBA4D4D6EC1&pos=1&price=296.89&productid=3133447&sid=25482&type=offer,0,/prix/3133447/metabo-sb-18-ltx-impulse-2-x-4-0-ah-6-02148-61.html
70,11503,METABO Perceuse visseuse à percussion 110Nm 2x18V 4Ah Li-ion,309.99,EUR,false,Cdiscount.com,/go/9508857754.html?categoryId=3687&offerKey=172695e09e48a9038c21d0dab24bf67d&offerListId=3133447-95FB422809BA97C3F4784EBA4D4D6EC1&pos=2&price=309.99&productid=3133447&sid=29061&type=offer,0,/prix/3133447/metabo-sb-18-ltx-impulse-2-x-4-0-ah-6-02148-61.html
71,11503,Metabo SB 18 LTX Impuls Perceuse visseuse à percussion à batteries 18V Li-Ion set (2x batterie 4.0Ah) dans coffret,333.99,EUR,false,Fixami.fr,/go/3235106650515835348.html?categoryId=3687&offerKey=b6d888e8b1d822a5a5b60873556a67d6&offerListId=3133447-95FB422809BA97C3F4784EBA4D4D6EC1&pos=3&price=333.99&productid=3133447&sid=306120&type=offer,0,/prix/3133447/metabo-sb-18-ltx-impulse-2-x-4-0-ah-6-02148-61.html
72,11503,Per­ceuse-vis­seuse Metabo SB 18 LTX Impuls,335.0,EUR,false,Rotopino.fr,/go/3168464242732962572.html?categoryId=3687&offerKey=99f628d1dd761d705f90466fddc490f3&offerListId=3133447-95FB422809BA97C3F4784EBA4D4D6EC1&pos=4&price=335.00&productid=3133447&sid=287166&type=offer,0,/prix/3133447/metabo-sb-18-ltx-impulse-2-x-4-0-ah-6-02148-61.html
73,11503,"Metabo Perceuse visseuse à percussion 2x4,0Ah Li-Ion en coffret - Sb18LTX Impuls",344.99,EUR,false,Rueducommerce.fr (Marketplace),/go/3239262064184656834.html?categoryId=3687&offerKey=95702f416f68bc479e1423f3c9c3ad00&offerListId=3133447-95FB422809BA97C3F4784EBA4D4D6EC1&pos=5&price=344.99&productid=3133447&sid=25482&type=offer,0,/prix/3133447/metabo-sb-18-ltx-impulse-2-x-4-0-ah-6-02148-61.html
74,11503,METABO Perceuse visseuse a percussion 110Nm 2x18V 4Ah Li-ion,358.24,EUR,false,ManoMano.fr,/go/3248041662145889680.html?categoryId=3687&offerKey=5cb11c55b364ccf5464c43180a35ddcb&offerListId=3133447-95FB422809BA97C3F4784EBA4D4D6EC1&pos=6&price=358.24&productid=3133447&sid=291209&type=offer,0,/prix/3133447/metabo-sb-18-ltx-impulse-2-x-4-0-ah-6-02148-61.html
75,11503,Metabo Perceuse à percussion sans fil 18 volts SB 18 LTX Impuls + 2 batteries + chargeur + ac­ces­soires,360.39,EUR,false,Rakuten.com FR,/go/2554158092.html?categoryId=3687&offerKey=4e317b3c02b7cbf410eb10756440fd25&offerListId=3133447-95FB422809BA97C3F4784EBA4D4D6EC1&pos=7&price=360.39&productid=3133447&sid=26246&type=offer,0,/prix/3133447/metabo-sb-18-ltx-impulse-2-x-4-0-ah-6-02148-61.html
76,11503,"Metabo Perceuse visseuse à percussion 2x4,0Ah Li-Ion en coffret - Sb18LTX Impuls",364.31,EUR,false,Rueducommerce.fr (Marketplace),/go/3257011993602688651.html?categoryId=3687&offerKey=696c43950a415aa30791120b4ecbf480&offerListId=3133447-95FB422809BA97C3F4784EBA4D4D6EC1&pos=8&price=364.31&productid=3133447&sid=25482&type=offer,0,/prix/3133447/metabo-sb-18-ltx-impulse-2-x-4-0-ah-6-02148-61.html
77,11503,"Metabo Perceuse visseuse à percussion 2x4,0Ah Li-Ion en coffret - Sb18LTX Impuls",387.0,EUR,false,Rueducommerce.fr (Marketplace),/go/3245467212808456616.html?categoryId=3687&offerKey=6366a39395229426b4319f31517c73be&offerListId=3133447-95FB422809BA97C3F4784EBA4D4D6EC1&pos=9&price=387.00&productid=3133447&sid=25482&type=offer,0,/prix/3133447/metabo-sb-18-ltx-impulse-2-x-4-0-ah-6-02148-61.html
78,11503,"Metabo Perceuse visseuse à percussion 2x4,0Ah Li-Ion en coffret - Sb18LTX Impuls",396.54,EUR,false,Rueducommerce.fr (Marketplace),/go/3242877152823083537.html?categoryId=3687&offerKey=de51ff8e75371ab579907cb0d5e06b5c&offerListId=3133447-95FB422809BA97C3F4784EBA4D4D6EC1&pos=10&price=396.54&productid=3133447&sid=25482&type=offer,0,/prix/3133447/metabo-sb-18-ltx-impulse-2-x-4-0-ah-6-02148-61.html
79,11503,Metabo Perceuse à percussion sans fil 18 volts SB 18 LTX Impuls + 2 batteries + chargeur + ac­ces­soires,400.09,EUR,false,Mytoolstore.fr,/go/3229324283838726432.html?categoryId=3687&offerKey=745ccc1188bf87352650588acf729644&offerListId=3133447-95FB422809BA97C3F4784EBA4D4D6EC1&pos=11&price=400.09&productid=3133447&sid=29224&type=offer,0,/prix/3133447/metabo-sb-18-ltx-impulse-2-x-4-0-ah-6-02148-61.html
80,11503,"Metabo Perceuse visseuse à percussion 2x4,0Ah Li-Ion en coffret - Sb18LTX Impuls",400.09,EUR,false,Rueducommerce.fr (Marketplace),/go/3268830219040982482.html?categoryId=3687&offerKey=e9f72c2be0428d0194e09d05e75814a4&offerListId=3133447-95FB422809BA97C3F4784EBA4D4D6EC1&pos=12&price=400.09&productid=3133447&sid=25482&type=offer,0,/prix/3133447/metabo-sb-18-ltx-impulse-2-x-4-0-ah-6-02148-61.html
81,11503,"Metabo Perceuse visseuse à percussion 2x4,0Ah Li-Ion en coffret - Sb18LTX Impuls",411.63,EUR,false,Rueducommerce.fr (Marketplace),/go/3240932038615761950.html?categoryId=3687&offerKey=f4979a3666b27f5152fb18a30fca7c0c&offerListId=3133447-95FB422809BA97C3F4784EBA4D4D6EC1&pos=13&price=411.63&productid=3133447&sid=25482&type=offer,0,/prix/3133447/metabo-sb-18-ltx-impulse-2-x-4-0-ah-6-02148-61.html
82,11503,"
document.getElementById(""result-13-offerinfo"").title = document.getElementById(""result-13-offerinfo"").innerHTML = idealoApp.getContents('!t#rt\&$t Up8C2G6j !t#r\&$$x~} $p}$ ux{ `g \'~{%$ $q `g {%) x|!\&{');
",425.29,EUR,false,asdiscountsarl,/go/3261271627876272437.html?categoryId=3687&offerKey=3c69e15bfe63d791a50bb15123763359&offerListId=3133447-95FB422809BA97C3F4784EBA4D4D6EC1&pos=14&price=425.29&productid=3133447&sid=24572&type=offer,0,/prix/3133447/metabo-sb-18-ltx-impulse-2-x-4-0-ah-6-02148-61.html
83,11519,Perceuse Makita Perceuse visseuse à percussion makita hp332dsmj li-ion 10.8v 4.0ah,194.23,EUR,false,Darty.com (Marketplace),/go/3223311311521710202.html?categoryId=3687&offerKey=c4ecaea1030f90e7f16f607b8d0cb2c4&offerListId=5144059-768AF67359B38DFA8A845F7C74D3A1F9&pos=1&price=194.23&productid=5144059&sid=316364&type=offer,0,/prix/5144059/makita-hp332dsmj.html
84,11519,Makita Perceuse visseuse à percussion HP332DSMJ Li-Ion 10.8V 4.0Ah,197.82,EUR,false,Rueducommerce.fr (Marketplace),/go/3254657362046223134.html?categoryId=3687&offerKey=bcb294e3d16400d67ca91e1cbc58c818&offerListId=5144059-768AF67359B38DFA8A845F7C74D3A1F9&pos=2&price=197.82&productid=5144059&sid=25482&type=offer,0,/prix/5144059/makita-hp332dsmj.html
85,11519,Perceuse visseuse à percussion Makita HP332DSMJ Li-Ion 10.8V 4.0Ah,207.43,EUR,false,Rakuten.com FR,/go/6866176372.html?categoryId=3687&offerKey=610245ad28de013ab85afd61b288d8fa&offerListId=5144059-768AF67359B38DFA8A845F7C74D3A1F9&pos=3&price=207.43&productid=5144059&sid=26246&type=offer,0,/prix/5144059/makita-hp332dsmj.html
86,11519,"
document.getElementById(""result-3-offerinfo"").title = document.getElementById(""result-3-offerinfo"").innerHTML = idealoApp.getContents('|2\<:E2 !6C46FD6 q2EE6C:6 `_[gG wAbba5D\>; aI c[_29 !:=6D Zr92CUD9Jj86FCZUE9:?DAj|2\<UD9JjA24');
",211.75,EUR,false,chbaki,/go/3258959559514915300.html?categoryId=3687&offerKey=a3c08779879a23f8620d6de5817191c7&offerListId=5144059-768AF67359B38DFA8A845F7C74D3A1F9&pos=4&price=211.75&productid=5144059&sid=24572&type=offer,0,/prix/5144059/makita-hp332dsmj.html
87,11519,"Makita HP332DSMJ Perceuse visseuse à percussion à batteries 10.8V Li-Ion set (2x batteries 4,0Ah) dans MAKPAC",211.99,EUR,false,Fixami.fr,/go/3235106688805636006.html?categoryId=3687&offerKey=4d23424532201a70a640ac2e9056261c&offerListId=5144059-768AF67359B38DFA8A845F7C74D3A1F9&pos=5&price=211.99&productid=5144059&sid=306120&type=offer,0,/prix/5144059/makita-hp332dsmj.html
88,11519,Makita Perceuse visseuse à percussion HP332DSMJ Li-Ion 10.8V 4.0Ah,221.74,EUR,false,Rueducommerce.fr (Marketplace),/go/3245467487141101676.html?categoryId=3687&offerKey=c3ad3cae08465c051bc0bdbd72abd20c&offerListId=5144059-768AF67359B38DFA8A845F7C74D3A1F9&pos=6&price=221.74&productid=5144059&sid=25482&type=offer,0,/prix/5144059/makita-hp332dsmj.html
89,11519,"
document.getElementById(""result-6-offerinfo"").title = document.getElementById(""result-6-offerinfo"").innerHTML = idealoApp.getContents('|2\<:E2 |2CE62F G:DD6FD6 w!bbas$|y[ 3=6F');
",229.4,EUR,false,sotel-france,/go/3243131124643269440.html?categoryId=3687&offerKey=6f894cc77907dd6d9e3660f20586797c&offerListId=5144059-768AF67359B38DFA8A845F7C74D3A1F9&pos=7&price=229.40&productid=5144059&sid=24573&type=offer,0,/prix/5144059/makita-hp332dsmj.html
90,11519,Makita Perceuse visseuse à percussion HP332DSMJ Li-Ion 10.8V 4.0Ah,229.51,EUR,false,Rueducommerce.fr (Marketplace),/go/3244689333669596113.html?categoryId=3687&offerKey=1a0f5e1f202a5d9fd657eb878240a269&offerListId=5144059-768AF67359B38DFA8A845F7C74D3A1F9&pos=8&price=229.51&productid=5144059&sid=25482&type=offer,0,/prix/5144059/makita-hp332dsmj.html
91,11519,Makita Perceuse visseuse à percussion HP332DSMJ Li-Ion 10.8V 4.0Ah,230.17,EUR,false,Rueducommerce.fr (Marketplace),/go/3244145465754650795.html?categoryId=3687&offerKey=46ec858187bb7a944102eb4adcf71593&offerListId=5144059-768AF67359B38DFA8A845F7C74D3A1F9&pos=9&price=230.17&productid=5144059&sid=25482&type=offer,0,/prix/5144059/makita-hp332dsmj.html
92,11519,"
document.getElementById(""result-9-offerinfo"").title = document.getElementById(""result-9-offerinfo"").innerHTML = idealoApp.getContents('|2\<:E2 |2CE62F G:DD6FD6 w!bbas$|y[ 3=6F');
",238.43,EUR,false,Amazon.fr,/go/3244014597448927402.html?categoryId=3687&offerKey=9d08a0497eb69294ca9b1a168a30e446&offerListId=5144059-768AF67359B38DFA8A845F7C74D3A1F9&pos=10&price=238.43&productid=5144059&sid=12003&type=offer,0,/prix/5144059/makita-hp332dsmj.html
93,11519,Makita Perceuse visseuse à percussion HP332DSMJ Li-Ion 10.8V 4.0Ah,258.01,EUR,false,Rueducommerce.fr (Marketplace),/go/3213755549350890689.html?categoryId=3687&offerKey=85aadaeb66dae29a379bb947c057a883&offerListId=5144059-768AF67359B38DFA8A845F7C74D3A1F9&pos=11&price=258.01&productid=5144059&sid=25482&type=offer,0,/prix/5144059/makita-hp332dsmj.html
94,11519,"Perceuse visseuse à percussion sans fil Makita 10,8 V Li-Ion 4 Ah CXT BL Motor Ø 10 mm HP332DSMJ",265.51,EUR,false,Master-outillage.com,/go/3155423459585045271.html?categoryId=3687&offerKey=8e954260d51f6bb9068c5742a0170fa9&offerListId=5144059-768AF67359B38DFA8A845F7C74D3A1F9&pos=12&price=265.51&productid=5144059&sid=282706&type=offer,0,/prix/5144059/makita-hp332dsmj.html
95,11519,Perceuse visseuse à percussion 12 V CXT Li-Ion 4 Ah Ø 10 mm,265.51,EUR,false,Comptoirdespros.com,/go/3226800681295807220.html?categoryId=3687&offerKey=22174e5cc534e6fbd8d29a30a57fb3bd&offerListId=5144059-768AF67359B38DFA8A845F7C74D3A1F9&pos=13&price=265.51&productid=5144059&sid=283959&type=offer,0,/prix/5144059/makita-hp332dsmj.html
96,11519,"Makita Perceuse visseuse à percussion 10,8 V, Li-Ion, 4 Ah, CXT Ø 10 mm - HP332DSMJ",265.9,EUR,false,ManoMano.fr,/go/3189980926096449793.html?categoryId=3687&offerKey=12e9bd344800ddfcf3e5b242f82f4b0d&offerListId=5144059-768AF67359B38DFA8A845F7C74D3A1F9&pos=14&price=265.90&productid=5144059&sid=291209&type=offer,0,/prix/5144059/makita-hp332dsmj.html
97,11519,"Per­ceuse-vis­seuse à percussion sans fil Makita HP332DSMJ 10.8 V 4 Ah Li-Ion + 2 batteries, + mallette 1 pc(s)",269.0,EUR,false,Conrad.fr,/go/3254686449737400628.html?categoryId=3687&offerKey=1ce7ecc9194fc415d80e48bf2927c9b4&offerListId=5144059-768AF67359B38DFA8A845F7C74D3A1F9&pos=15&price=269.00&productid=5144059&sid=286907&type=offer,0,/prix/5144059/makita-hp332dsmj.html
98,11531,HYUNDAI Souffleur à dos thermique 26CM3 HSDT30,119.9,EUR,false,ManoMano.fr,/go/3266495517468657616.html?categoryId=11273&offerKey=c0b527f52198bfaf6ab88e9671d4eadb&offerListId=4595553-D854B3F1E21F18201888E4D9DE2E1499&pos=1&price=119.90&productid=4595553&sid=291209&type=offer,0,/prix/4595553/hyundai-power-equipment-hsdt30.html
99,11531,"
document.getElementById(""result-1-offerinfo"").title = document.getElementById(""result-1-offerinfo"").innerHTML = idealoApp.getContents('wJF?52: w$s%b_ $@F77=6FC U28C2G6j 5@D ae 4\>UDFAbj');
",128.95,EUR,false,FreeShopping,/go/3267103307069393262.html?categoryId=11273&offerKey=ee1ee0cb59a18bd23ac3190ac2c94ee6&offerListId=4595553-D854B3F1E21F18201888E4D9DE2E1499&pos=2&price=128.95&productid=4595553&sid=24573&type=offer,0,/prix/4595553/hyundai-power-equipment-hsdt30.html
100,11531,HYUNDAI Souffleur à dos thermique 26CM3 HSDT30,141.9,EUR,false,Ubaldi.com (Marketplace),/go/3266255880420591678.html?categoryId=11273&offerKey=4236b583f2ada7966e4dc7d4c858fb20&offerListId=4595553-D854B3F1E21F18201888E4D9DE2E1499&pos=3&price=141.90&productid=4595553&sid=316737&type=offer,0,/prix/4595553/hyundai-power-equipment-hsdt30.html
101,11531,HYUNDAI Souffleur à dos thermique 26CM3 HSDT30,141.9,EUR,false,Rakuten.com FR,/go/3266293761528824762.html?categoryId=11273&offerKey=86f81659241fd46f36ad620385cf99ca&offerListId=4595553-D854B3F1E21F18201888E4D9DE2E1499&pos=4&price=141.90&productid=4595553&sid=26246&type=offer,0,/prix/4595553/hyundai-power-equipment-hsdt30.html
102,11531,"As­pi­ra­teur, souffleur de jardin Hyundai Hyundai - souffleur à dos thermique 26 cm3 - hsdt30",141.9,EUR,false,Darty.com (Marketplace),/go/3266575442389239300.html?categoryId=11273&offerKey=8d8f0d19e3bd660e8ac03b6c8fecbf4b&offerListId=4595553-D854B3F1E21F18201888E4D9DE2E1499&pos=5&price=141.90&productid=4595553&sid=316364&type=offer,0,/prix/4595553/hyundai-power-equipment-hsdt30.html
103,11557,AEG BSB 18C-LI-202 Perceuse visseuse à percussion à batteries 18V Li-Ion (2x batterie 2.0Ah) dans coffret,216.99,EUR,false,Fixami.fr,/go/3235106647529489041.html?categoryId=3687&offerKey=4f9ec1b2df1a82de8c700d52ff05d185&offerListId=4629889-F0F689BDDA3CA2B0280B243D32DEC62C&pos=1&price=216.99&productid=4629889&sid=306120&type=offer,0,/prix/4629889/aeg-bsb-18-c-2-x-2-0-ah.html
104,11557,Per­ceuse-vis­seuse à percussion AEG BSB18CLI-202C,268.0,EUR,false,Rotopino.fr,/go/3245256837345314477.html?categoryId=3687&offerKey=11afdd13e0b698344fb2c013a5776445&offerListId=4629889-F0F689BDDA3CA2B0280B243D32DEC62C&pos=2&price=268.00&productid=4629889&sid=287166&type=offer,0,/prix/4629889/aeg-bsb-18-c-2-x-2-0-ah.html
105,11557,"
document.getElementById(""result-2-offerinfo"").title = document.getElementById(""result-2-offerinfo"").innerHTML = idealoApp.getContents('ptv q$q `g r {x a_ar !6C46FD6 U28C2G6j !6C4FDD:@? Ut24FE6j=64EC:BF6 D2?D 7:= `g G@=ED^a 2\>AD |2?5C:? pFUD9JjE@UD9JjD6CUD9JjC2?E');
",269.0,EUR,false,gamesland,/go/3258551009122714029.html?categoryId=3687&offerKey=d897279c480bd412e931a0894386bae4&offerListId=4629889-F0F689BDDA3CA2B0280B243D32DEC62C&pos=3&price=269.00&productid=4629889&sid=24573&type=offer,0,/prix/4629889/aeg-bsb-18-c-2-x-2-0-ah.html
106,11557,"
document.getElementById(""result-3-offerinfo"").title = document.getElementById(""result-3-offerinfo"").innerHTML = idealoApp.getContents('ptv q$q `g r {x a_ar !6C46FD6 U28C2G6j !6C4FDD:@? Ut24FE6j=64EC:BF6 D2?D 7:= `g G@=ED^a 2\>AD |2?5C:? pFUD9JjE@UD9JjD6CUD9JjC2?E');
",279.9,EUR,false,Amazon.fr,/go/7349318997.html?categoryId=3687&offerKey=f9afc5afcbb014f20d3b2f39d5b19ef4&offerListId=4629889-F0F689BDDA3CA2B0280B243D32DEC62C&pos=4&price=279.90&productid=4629889&sid=12003&type=offer,0,/prix/4629889/aeg-bsb-18-c-2-x-2-0-ah.html
107,11557,"
document.getElementById(""result-4-offerinfo"").title = document.getElementById(""result-4-offerinfo"").innerHTML = idealoApp.getContents('ptv q$q `gra !6C46FD6$ G:DD6FD6$ U28C2G6j A6C4FDD:@? `g \'@=E AC@UD9Jj=:UD9JjE9:F\>\\:@?UEC256j A:=6D');
",303.11,EUR,false,werkzeuge1x1,/go/3243815501205340345.html?categoryId=3687&offerKey=2e81c89950a5e4a3af38e32c21cbc3c8&offerListId=4629889-F0F689BDDA3CA2B0280B243D32DEC62C&pos=5&price=303.11&productid=4629889&sid=24572&type=offer,0,/prix/4629889/aeg-bsb-18-c-2-x-2-0-ah.html
108,11557,AEG Per­ceuse/ Per­cus­sion Compacte BSB18-C-LI-202C,357.97,EUR,false,Rakuten.com FR,/go/6074843527.html?categoryId=3687&offerKey=6fdee8100256ea41d4a51620cf0617d8&offerListId=4629889-F0F689BDDA3CA2B0280B243D32DEC62C&pos=6&price=357.97&productid=4629889&sid=26246&type=offer,0,/prix/4629889/aeg-bsb-18-c-2-x-2-0-ah.html
109,11557,"Aeg Perceuse sans fil à percussion 18V BSB18CLI202C, 2 Ah",361.28,EUR,false,Rueducommerce.fr (Marketplace),/go/3258531870316430021.html?categoryId=3687&offerKey=a8a7b59eb3f454ec8946c9546e24334c&offerListId=4629889-F0F689BDDA3CA2B0280B243D32DEC62C&pos=7&price=361.28&productid=4629889&sid=25482&type=offer,0,/prix/4629889/aeg-bsb-18-c-2-x-2-0-ah.html
110,11557,"Aeg Perceuse sans fil à percussion 18V BSB18CLI202C, 2 Ah",385.36,EUR,false,Rueducommerce.fr (Marketplace),/go/3267693273140953244.html?categoryId=3687&offerKey=3f5a054ef07878e97a511ad6873446a8&offerListId=4629889-F0F689BDDA3CA2B0280B243D32DEC62C&pos=8&price=385.36&productid=4629889&sid=25482&type=offer,0,/prix/4629889/aeg-bsb-18-c-2-x-2-0-ah.html
111,11579,"Per­fo­ra­teur burineur Dewalt SDS Max 45 mm Système anti vibrations AVC + Système UTC + débrayage avec coffret, malette D25603K",637.56,EUR,false,Master-outillage.com,/go/3155431863290434090.html?categoryId=15397&offerKey=1086401d68a0bb4c3e28e99515ace570&offerListId=3609575-7E142869183A895D3A0086E2A69824F8&pos=1&price=637.56&productid=3609575&sid=282706&type=offer,0,/prix/3609575/dewalt-d25603k.html
112,11579,"
document.getElementById(""result-1-offerinfo"").title = document.getElementById(""result-1-offerinfo"").innerHTML = idealoApp.getContents('s6(2=E sade_bz\\\""$');
",699.95,EUR,false,Amazon.fr,/go/3258626198667790313.html?categoryId=15397&offerKey=f666b22380b71badcb6fd1dd93d91508&offerListId=3609575-7E142869183A895D3A0086E2A69824F8&pos=2&price=699.95&productid=3609575&sid=12003&type=offer,0,/prix/3609575/dewalt-d25603k.html
113,11579,DeWALT D25603K Marteau Per­fo­ra­teur Burineur SDS-Max 1250W 8J 7Kg Coffret,699.95,EUR,false,ManoMano.fr,/go/3248041523719178819.html?categoryId=15397&offerKey=989386c507287fe21a0e957afe685d11&offerListId=3609575-7E142869183A895D3A0086E2A69824F8&pos=3&price=699.95&productid=3609575&sid=291209&type=offer,0,/prix/3609575/dewalt-d25603k.html
114,11579,"
document.getElementById(""result-3-offerinfo"").title = document.getElementById(""result-3-offerinfo"").innerHTML = idealoApp.getContents('s6(2=E sade_bz !6CUD9Jj7@UD9JjC2UD9JjE6FC 3FC:?6FC $s$\\|2I cd \>\> \\ $JDEU68C2G6j\>6 \&%r `ad_( 4@77C6E');
",699.95,EUR,false,tuttitools,/go/3244533024672450528.html?categoryId=15397&offerKey=cab1d69c7f58cb7e6568bb7dbf9793bf&offerListId=3609575-7E142869183A895D3A0086E2A69824F8&pos=4&price=699.95&productid=3609575&sid=24572&type=offer,0,/prix/3609575/dewalt-d25603k.html
115,11579,Per­fo­ra­teur-bu­ri­neur SDS-max 45 mm - système utc - D25603K,699.95,EUR,false,Rakuten.com FR,/go/1940301413.html?categoryId=15397&offerKey=fb99f4eb4e9d52e8df2f4a0357aad2d1&offerListId=3609575-7E142869183A895D3A0086E2A69824F8&pos=5&price=699.95&productid=3609575&sid=26246&type=offer,0,/prix/3609575/dewalt-d25603k.html
116,11579,Dewalt D25603K Marteau Per­fo­ra­teur Burineur Sds-max 1250W 8J 7Kg Coffret,699.95,EUR,false,Rueducommerce.fr (Marketplace),/go/3221169407868801049.html?categoryId=15397&offerKey=c1665ddf7970f70cf1af8e60bdd2cc91&offerListId=3609575-7E142869183A895D3A0086E2A69824F8&pos=6&price=699.95&productid=3609575&sid=25482&type=offer,0,/prix/3609575/dewalt-d25603k.html
117,11579,"
document.getElementById(""result-6-offerinfo"").title = document.getElementById(""result-6-offerinfo"").innerHTML = idealoApp.getContents('s6(2=E sade_bz\\\""$');
",719.95,EUR,false,Maschinenhandel-Emmerich,/go/3231539140073882347.html?categoryId=15397&offerKey=a5e83ef3830a697bde4633c5abb05b49&offerListId=3609575-7E142869183A895D3A0086E2A69824F8&pos=7&price=719.95&productid=3609575&sid=24573&type=offer,0,/prix/3609575/dewalt-d25603k.html
118,11579,Per­fo­ra­teur DEWALT SDS-Max 45 mm AVC+UTC - D25603K,839.3,EUR,false,Maxoutil.com,/go/2264919329.html?categoryId=15397&offerKey=c751a3633296fbd70905de82622fe204&offerListId=3609575-7E142869183A895D3A0086E2A69824F8&pos=8&price=839.30&productid=3609575&sid=254364&type=offer,0,/prix/3609575/dewalt-d25603k.html
119,11580,Outil mul­ti-fonc­tions 4 en 1 moteur à dos SCHEPPACH - 1.8CV - 5904805903,224.88,EUR,false,Maxoutil.com,/go/3191106605682791319.html?categoryId=31643&offerKey=6a9c73129105b5414aa5248b925acf39&offerListId=6087488-B3E748E7999E24F9D44DF024EB7983FC&pos=1&price=224.88&productid=6087488&sid=254364&type=offer,0,/prix/6087488/scheppach-mfh5300-4bp.html
120,11580,Ou­til-mul­ti­fonc­tions 4 en 1 SCHEPPACH MFH5300-4BP,224.9,EUR,false,Racetools.fr,/go/3246085376516817891.html?categoryId=31643&offerKey=b2ba8e17260ffd9978f076dbb7966688&offerListId=6087488-B3E748E7999E24F9D44DF024EB7983FC&pos=2&price=224.90&productid=6087488&sid=284284&type=offer,0,/prix/6087488/scheppach-mfh5300-4bp.html
121,11580,"
document.getElementById(""result-2-offerinfo"").title = document.getElementById(""result-2-offerinfo"").innerHTML = idealoApp.getContents('$496AA249 c6?` q6?UD9JjK:?\\|F=UD9JjE:UD9JjE@@= |79db__\\c3A `[gAD %2:==6\\w2:6^ r:D62FI^ u2FI ^');
",234.89,EUR,false,maschinenwelt,/go/3264992596086228575.html?categoryId=31643&offerKey=7ebf013c11b40dd74a655ebec1a4e628&offerListId=6087488-B3E748E7999E24F9D44DF024EB7983FC&pos=3&price=234.89&productid=6087488&sid=24572&type=offer,0,/prix/6087488/scheppach-mfh5300-4bp.html
122,11580,Scheppach MFH5300-4BP Machine à essence 4 en 1 - Porte-sac à dos,269.99,EUR,false,Fixami.fr,/go/3255882706107499729.html?categoryId=31643&offerKey=61dfdb6a3e16d0a853e74439611d42bb&offerListId=6087488-B3E748E7999E24F9D44DF024EB7983FC&pos=4&price=269.99&productid=6087488&sid=306120&type=offer,0,/prix/6087488/scheppach-mfh5300-4bp.html
123,11580,"Scheppach - Ou­til-mul­ti­fonc­tions (moteur Dorsal) 4en1 thermique 2 temps 51,7 cm3 - mfh5300-4bp",279.0,EUR,false,ManoMano.fr,/go/3265794256853271243.html?categoryId=31643&offerKey=26125972f4ae5d50a920738eb9969dab&offerListId=6087488-B3E748E7999E24F9D44DF024EB7983FC&pos=5&price=279.00&productid=6087488&sid=291209&type=offer,0,/prix/6087488/scheppach-mfh5300-4bp.html
124,11580,"Scheppach - Ou­til-mul­ti­fonc­tions (moteur Dorsal) 4en1 thermique 2 temps 51,7 cm3 - mfh5300-4bp",298.53,EUR,false,Rakuten.com FR,/go/3267564561804296771.html?categoryId=31643&offerKey=cdea4ddd0edfcfcddc7b7a94615117ef&offerListId=6087488-B3E748E7999E24F9D44DF024EB7983FC&pos=6&price=298.53&productid=6087488&sid=26246&type=offer,0,/prix/6087488/scheppach-mfh5300-4bp.html
