,index_data,product_name,product_price,currency,voucher,shop_name,url_origin,url_image,id_page
0,15417,DESTOCKAGE Tournevis sans fil RYOBI 4V 1.3Ah - 2 vitesses 5 ac­ces­soires R4SDP-L13T,39.89,EUR,false,Superperfo.fr,/go/3190720863267719169.html?categoryId=3687&offerKey=3bdd1aaa45718e928f73b65d81c21b98&offerListId=6418482-670EF734C72D7B83DDF43495DC5AE2C4&pos=1&price=39.89&productid=6418482&sid=315080&type=offer,0,/prix/6418482/ryobi-r4sdp-l13t.html
1,15417,Visseuse sans fil RYOBI R4SDP-L13T,49.9,EUR,false,Rakuten.com FR,/go/3178933032130190561.html?categoryId=3687&offerKey=76aa908aea8f66009c4c4ef4960b5e8c&offerListId=6418482-670EF734C72D7B83DDF43495DC5AE2C4&pos=2&price=49.90&productid=6418482&sid=26246&type=offer,0,/prix/6418482/ryobi-r4sdp-l13t.html
2,15417,Tournevis sans fil RYOBI 4V 1.3Ah - 2 vitesses 5 ac­ces­soires R4SDP-L13T,49.99,EUR,false,ManoMano.fr,/go/3179100142106053419.html?categoryId=3687&offerKey=44c9241fb4f93ebe5d721d2265976900&offerListId=6418482-670EF734C72D7B83DDF43495DC5AE2C4&pos=3&price=49.99&productid=6418482&sid=291209&type=offer,0,/prix/6418482/ryobi-r4sdp-l13t.html
3,15417,"RYOBI Tournevis + 5 ac­ces­soires - 4V - 1,3Ah",49.99,EUR,false,Cdiscount.com,/go/3201163270266298297.html?categoryId=3687&offerKey=a97af3bae2887ec3685bfc34ffa510c1&offerListId=6418482-670EF734C72D7B83DDF43495DC5AE2C4&pos=4&price=49.99&productid=6418482&sid=29061&type=offer,0,/prix/6418482/ryobi-r4sdp-l13t.html
4,15417,Tournevis Ryobi Tournevis sans fil ryobi 4v 1.3ah - 2 vitesses 5 ac­ces­soires r4sdp-l13t,49.99,EUR,false,Darty.com (Marketplace),/go/3223133625763497260.html?categoryId=3687&offerKey=6232886652946609b01e6114f0e63aa1&offerListId=6418482-670EF734C72D7B83DDF43495DC5AE2C4&pos=5&price=49.99&productid=6418482&sid=316364&type=offer,0,/prix/6418482/ryobi-r4sdp-l13t.html
5,15417,Ryobi Tournevis sans fil 4V 1.3Ah - 2 vitesses 5 ac­ces­soires R4SDP-L13T,49.99,EUR,false,Rueducommerce.fr (Marketplace),/go/3213753596923358867.html?categoryId=3687&offerKey=6daafe73bbff753d07c5d83122fd83f7&offerListId=6418482-670EF734C72D7B83DDF43495DC5AE2C4&pos=6&price=49.99&productid=6418482&sid=25482&type=offer,0,/prix/6418482/ryobi-r4sdp-l13t.html
6,15417,Ryobi 5133003689 / R4SDP-L13T,54.09,EUR,false,Fixami.fr,/go/3244101279263228636.html?categoryId=3687&offerKey=c15f31fc604bc7168bc231d2d905bdac&offerListId=6418482-670EF734C72D7B83DDF43495DC5AE2C4&pos=7&price=54.09&productid=6418482&sid=306120&type=offer,0,/prix/6418482/ryobi-r4sdp-l13t.html
7,15417,Tournevis sans fil RYOBI 4V 1.3Ah - 2 vitesses 5 ac­ces­soires R4SDP-L13T,56.57,EUR,false,Ubaldi.com (Marketplace),/go/3221509300002228778.html?categoryId=3687&offerKey=d31bc2c39071c15505294c46a8b60c8d&offerListId=6418482-670EF734C72D7B83DDF43495DC5AE2C4&pos=8&price=56.57&productid=6418482&sid=316737&type=offer,0,/prix/6418482/ryobi-r4sdp-l13t.html
8,15417,Ryobi Tournevis sans fil 4V 1.3Ah - 2 vitesses 5 ac­ces­soires R4SDP-L13T,56.57,EUR,false,Rueducommerce.fr (Marketplace),/go/3248361883362658922.html?categoryId=3687&offerKey=0fd9958ca7fa5a8c6ace5a40d472c136&offerListId=6418482-670EF734C72D7B83DDF43495DC5AE2C4&pos=9&price=56.57&productid=6418482&sid=25482&type=offer,0,/prix/6418482/ryobi-r4sdp-l13t.html
9,15417,Ryobi Tournevis sans fil 4V 1.3Ah - 2 vitesses 5 ac­ces­soires R4SDP-L13T,71.44,EUR,false,Rueducommerce.fr (Marketplace),/go/3239261261113854589.html?categoryId=3687&offerKey=563a8c1143e28b4f8a62ac9afa442ad3&offerListId=6418482-670EF734C72D7B83DDF43495DC5AE2C4&pos=10&price=71.44&productid=6418482&sid=25482&type=offer,0,/prix/6418482/ryobi-r4sdp-l13t.html
10,15417,"
document.getElementById(""result-10-offerinfo"").title = document.getElementById(""result-10-offerinfo"").innerHTML = idealoApp.getContents('#*~qx %~\&#}t\'x$ Z d prUD9Jjrt$UD9Jj$~x#t$ \\ c\' \\ `[bpw d`bb__begh');
",75.29,EUR,false,asdiscountsarl,/go/3258911659432870099.html?categoryId=3687&offerKey=57a83f92ffc24f2d79d089e20b0955ec&offerListId=6418482-670EF734C72D7B83DDF43495DC5AE2C4&pos=11&price=75.29&productid=6418482&sid=24572&type=offer,0,/prix/6418482/ryobi-r4sdp-l13t.html
11,15417,Ryobi Tournevis sans fil 4V 1.3Ah - 2 vitesses 5 ac­ces­soires R4SDP-L13T,140.07,EUR,false,Rueducommerce.fr (Marketplace),/go/3260498501986944680.html?categoryId=3687&offerKey=2ef58a1c0bb3696a7c96d561f25e6f1f&offerListId=6418482-670EF734C72D7B83DDF43495DC5AE2C4&pos=12&price=140.07&productid=6418482&sid=25482&type=offer,0,/prix/6418482/ryobi-r4sdp-l13t.html
12,15464,"
document.getElementById(""result-0-offerinfo"").title = document.getElementById(""result-0-offerinfo"").innerHTML = idealoApp.getContents('(@CI a_ \' px sC:== !6CUD9Jj46FD6\\G:DUD9JjD6FD6 D2?D 7:=[ ` A:U68C2G6j46[ HI`fg]`');
",169.0,EUR,false,Amazon.fr,/go/3162031545127017028.html?categoryId=3687&offerKey=19d26affeb5d71e13c51089d86cd60c8&offerListId=5524338-94A4BE7EF93E5CBFA88C6D24612FC184&pos=1&price=169.00&productid=5524338&sid=12003&type=offer,0,/prix/5524338/worx-wx178-1-avec-2-batteries.html
13,15464,PERCEUSE SANS FIL 20V Li-ion AIRDRILL WORX,240.79,EUR,false,ManoMano.fr,/go/3238199177020180844.html?categoryId=3687&offerKey=4fd64d2a693a3ba975d98f752c101917&offerListId=5524338-94A4BE7EF93E5CBFA88C6D24612FC184&pos=2&price=240.79&productid=5524338&sid=291209&type=offer,0,/prix/5524338/worx-wx178-1-avec-2-batteries.html
14,15464,"
document.getElementById(""result-2-offerinfo"").title = document.getElementById(""result-2-offerinfo"").innerHTML = idealoApp.getContents('(@CI a_ \' px sC:== !6CUD9Jj46FD6\\G:DUD9JjD6FD6 D2?D 7:=[ ` A:U68C2G6j46[ HI`fg]`');
",243.5,EUR,false,,/go/3267225597356540227.html?categoryId=3687&offerKey=95b0ad8232fca1f1ee44878ff6bac6a8&offerListId=5524338-94A4BE7EF93E5CBFA88C6D24612FC184&pos=3&price=243.50&productid=5524338&sid=24573&type=offer,0,/prix/5524338/worx-wx178-1-avec-2-batteries.html
15,15467,"
document.getElementById(""result-0-offerinfo"").title = document.getElementById(""result-0-offerinfo"").innerHTML = idealoApp.getContents('s6(2=E srugg_|a\\\""( q@FUD9Jj=@?UD9Jj?6FD6 U28C2G6j 49@4D `g \' c[_ p9');
",317.0,EUR,false,Amazon.fr,/go/7665285374.html?categoryId=22699&offerKey=7dee4508335f314a5505132e622d7237&offerListId=5881975-BB4495172A9B3D52040611654D819EB7&pos=1&price=317.00&productid=5881975&sid=12003&type=offer,0,/prix/5881975/dewalt-dcf880m2.html
16,15467,Clé à chocs DeWalt DCF880M2,317.0,EUR,false,Rotopino.fr,/go/9965701205.html?categoryId=22699&offerKey=138aa1c447b8eed82fadcfe72afbf902&offerListId=5881975-BB4495172A9B3D52040611654D819EB7&pos=2&price=317.00&productid=5881975&sid=287166&type=offer,0,/prix/5881975/dewalt-dcf880m2.html
17,15467,"DeWalt DCF880M2 Bou­lon­neuse à chocs à batteries 18V Li-Ion set (2x batterie 4,0Ah) dans TSTAK - 203Nm - 1/2""",317.99,EUR,false,Fixami.fr,/go/3235106643215649520.html?categoryId=22699&offerKey=b40b662599306ad1519fbdccc779f1a9&offerListId=5881975-BB4495172A9B3D52040611654D819EB7&pos=3&price=317.99&productid=5881975&sid=306120&type=offer,0,/prix/5881975/dewalt-dcf880m2.html
18,15467,Bou­lon­neuse à chocs 18V XR 4Ah,347.62,EUR,false,Rakuten.com FR,/go/9094395898.html?categoryId=22699&offerKey=070f56c8045552449cb390a04149678b&offerListId=5881975-BB4495172A9B3D52040611654D819EB7&pos=4&price=347.62&productid=5881975&sid=26246&type=offer,0,/prix/5881975/dewalt-dcf880m2.html
19,15467,Dewalt Bou­lon­neuse à chocs 18 Volts XR 4 Ah - DCF880M2,364.33,EUR,false,Rueducommerce.fr (Marketplace),/go/3213756647805560864.html?categoryId=22699&offerKey=7dfe95f617500ab7c4e2f0824b6ce232&offerListId=5881975-BB4495172A9B3D52040611654D819EB7&pos=5&price=364.33&productid=5881975&sid=25482&type=offer,0,/prix/5881975/dewalt-dcf880m2.html
20,15467,Dewalt Bou­lon­neuse à chocs 18 Volts XR 4 Ah - DCF880M2,364.34,EUR,false,Rueducommerce.fr (Marketplace),/go/3213754831455920094.html?categoryId=22699&offerKey=e67b48245fbbc083b4a3bbf2772f9eb0&offerListId=5881975-BB4495172A9B3D52040611654D819EB7&pos=6&price=364.34&productid=5881975&sid=25482&type=offer,0,/prix/5881975/dewalt-dcf880m2.html
21,15467,Dewalt Bou­lon­neuse à chocs 18 Volts XR 4 Ah - DCF880M2,364.55,EUR,false,Rueducommerce.fr (Marketplace),/go/3213753904841893512.html?categoryId=22699&offerKey=516450990ce98995edcbfe55ceb53c0a&offerListId=5881975-BB4495172A9B3D52040611654D819EB7&pos=7&price=364.55&productid=5881975&sid=25482&type=offer,0,/prix/5881975/dewalt-dcf880m2.html
22,15467,"
document.getElementById(""result-7-offerinfo"").title = document.getElementById(""result-7-offerinfo"").innerHTML = idealoApp.getContents('s6H2=E srugg_|a `gG )# r@\>A24E r=U624FE6j x\>A24E ) a c]_29 {x\\x~}');
",366.23,EUR,false,folkestonefixings,/go/3266851212560958202.html?categoryId=22699&offerKey=64549657ba43a1a6823f5b14e49ad7ca&offerListId=5881975-BB4495172A9B3D52040611654D819EB7&pos=8&price=366.23&productid=5881975&sid=24572&type=offer,0,/prix/5881975/dewalt-dcf880m2.html
23,15467,"Bou­lon­neuse, clé à choc Dewalt Dewalt - bou­lon­neuse à chocs 18v 4ah li-ion 1/2"" 203nm - dcf880m2",374.57,EUR,false,Darty.com (Marketplace),/go/3219855884886742382.html?categoryId=22699&offerKey=fd3ca9d67d45bcefb28738bdbc7671ba&offerListId=5881975-BB4495172A9B3D52040611654D819EB7&pos=9&price=374.57&productid=5881975&sid=316364&type=offer,0,/prix/5881975/dewalt-dcf880m2.html
24,15467,Dewalt Bou­lon­neuse à chocs 18 Volts XR 4 Ah - DCF880M2,375.26,EUR,false,Rueducommerce.fr (Marketplace),/go/3238532339613041042.html?categoryId=22699&offerKey=1cfe0280f335ac62597cc19f5f61a249&offerListId=5881975-BB4495172A9B3D52040611654D819EB7&pos=10&price=375.26&productid=5881975&sid=25482&type=offer,0,/prix/5881975/dewalt-dcf880m2.html
25,15467,DeWalt - Bou­lon­neuse à chocs 18V 4AH Li-ion 1/2 203Nm - DCF880M2,379.0,EUR,false,ManoMano.fr,/go/3167188573245934728.html?categoryId=22699&offerKey=e1751c361ea65057ae01eed02c805454&offerListId=5881975-BB4495172A9B3D52040611654D819EB7&pos=11&price=379.00&productid=5881975&sid=291209&type=offer,0,/prix/5881975/dewalt-dcf880m2.html
26,15467,Dewalt Bou­lon­neuse à chocs 18 Volts XR 4 Ah - DCF880M2,379.0,EUR,false,Rueducommerce.fr (Marketplace),/go/3267198949762533733.html?categoryId=22699&offerKey=9920f0f9f20314291ef432c295eb4aa8&offerListId=5881975-BB4495172A9B3D52040611654D819EB7&pos=12&price=379.00&productid=5881975&sid=25482&type=offer,0,/prix/5881975/dewalt-dcf880m2.html
27,15467,Visseuse a choc DeWalt DCF880M2,380.39,EUR,false,Ubaldi.com (Marketplace),/go/3221509589648287452.html?categoryId=22699&offerKey=806346b6c93bc530c40e314be5a0c217&offerListId=5881975-BB4495172A9B3D52040611654D819EB7&pos=13&price=380.39&productid=5881975&sid=316737&type=offer,0,/prix/5881975/dewalt-dcf880m2.html
28,15467,"
document.getElementById(""result-13-offerinfo"").title = document.getElementById(""result-13-offerinfo"").innerHTML = idealoApp.getContents('56H2=E 547gg_\>a 3@FUD9Jj=@?UD9Jj?6FD6 Up8C2G6j 49@4D 56H2=E `gG =:\\:@? a I c]_29');
",391.21,EUR,false,Todotaladros,/go/3177610524470809132.html?categoryId=22699&offerKey=e39c8d9dab0b917891432115acd5106d&offerListId=5881975-BB4495172A9B3D52040611654D819EB7&pos=14&price=391.21&productid=5881975&sid=24573&type=offer,0,/prix/5881975/dewalt-dcf880m2.html
29,15467,Dewalt Bou­lon­neuse à chocs 18 Volts XR 4 Ah - DCF880M2,397.91,EUR,false,Rueducommerce.fr (Marketplace),/go/3213754499688573654.html?categoryId=22699&offerKey=dd3bf7e6e6ab8e23197ab32253ca28aa&offerListId=5881975-BB4495172A9B3D52040611654D819EB7&pos=15&price=397.91&productid=5881975&sid=25482&type=offer,0,/prix/5881975/dewalt-dcf880m2.html
30,15487,Colle de fixation Mega Power Ni Clou Ni Vis 2x370g PATTEX,12.9,EUR,false,ManoMano.fr,/go/3231676535677127126.html?price=12.90&sid=291209&type=oc_offer,0,/type/3178041302074.html
31,15487,Colle de fixation mega power ni clou ni vis 2x370g pattex,12.9,EUR,false,Alexis-robert-bricolage.com,/go/3230447959290153699.html?price=12.90&sid=288310&type=oc_offer,0,/type/3178041302074.html
32,15488,Mousse expansive méga - 550ml - RUBSON,9.99,EUR,false,Cdiscount.com,/go/3175080037445539853.html?price=9.99&sid=29061&type=oc_offer,0,/type/3178040695894.html
33,15488,Mousse expansive Mega aérosol RUBSON - 550 ml - 1711588,10.46,EUR,false,ManoMano.fr,/go/3188711294945465666.html?price=10.46&sid=291209&type=oc_offer,0,/type/3178040695894.html
34,15488,RUBSON MOUSSE EXPANSIVE MEGA 550ML,10.46,EUR,false,Rakuten.com FR,/go/2017820545.html?price=10.46&sid=26246&type=oc_offer,0,/type/3178040695894.html
35,15488,"Pistolet à colle, colle Rubson Rubson mousse expansive mega 550ml",12.65,EUR,false,Darty.com (Marketplace),/go/3216002771541041816.html?price=12.65&sid=316364&type=oc_offer,0,/type/3178040695894.html
36,15488,Mousse pu expansive 500 ml,13.5,EUR,false,Alexis-robert-bricolage.com,/go/3222599227173512204.html?price=13.50&sid=288310&type=oc_offer,0,/type/3178040695894.html
37,15488,RUBSON Mousse expansive Mega - 550 mL,23.46,EUR,false,Home-boulevard.com,/go/1422889250.html?price=23.46&sid=280884&type=oc_offer,0,/type/3178040695894.html
38,15499,"
document.getElementById(""result-0-offerinfo"").title = document.getElementById(""result-0-offerinfo"").innerHTML = idealoApp.getContents('q@D49 p|(`_ sU624FE6jUD9Jj3C@FDUD9JjD2:==6FD6 `___ ([ G6CE[ _ e__ gpb u__');
",27.85,EUR,false,Amazon.fr,/go/3190971410268819138.html?categoryId=11273&offerKey=f2e8378c5ce72db73eafc30024d046ce&offerListId=4636930-75A512A6472D85430CA5D923E0EB794A&pos=1&price=27.85&productid=4636930&sid=12003&type=offer,0,/prix/4636930/bosch-extension-souffleur-amw-lb.html
39,15499,Extension souffleur Bosch AMW LB 1000 W,31.47,EUR,false,Rakuten.com FR,/go/4078359729.html?categoryId=11273&offerKey=ce869615e13715a4b6fec662c83e12c8&offerListId=4636930-75A512A6472D85430CA5D923E0EB794A&pos=2&price=31.47&productid=4636930&sid=26246&type=offer,0,/prix/4636930/bosch-extension-souffleur-amw-lb.html
40,15499,"As­pi­ra­teur, souffleur de jardin Bosch Bosch amw lb extension souffleur",31.86,EUR,false,Darty.com (Marketplace),/go/3208673903291412612.html?categoryId=11273&offerKey=374f0e00547f987a8c2da012afeb2b02&offerListId=4636930-75A512A6472D85430CA5D923E0EB794A&pos=3&price=31.86&productid=4636930&sid=316364&type=offer,0,/prix/4636930/bosch-extension-souffleur-amw-lb.html
41,15499,BOSCH AMW LB Extension souffleur,36.03,EUR,false,Fnac.com (Marketplace),/go/3252355723694179871.html?categoryId=11273&offerKey=c1f6030ec9f96435ffb90a1ddeb14e7e&offerListId=4636930-75A512A6472D85430CA5D923E0EB794A&pos=4&price=36.03&productid=4636930&sid=307622&type=offer,0,/prix/4636930/bosch-extension-souffleur-amw-lb.html
42,15499,Extension coupe-bor­dure AMW LB - Extension souffleur pour AMW 10,36.11,EUR,false,Ubaldi.com (Marketplace),/go/3221509629936671467.html?categoryId=11273&offerKey=cb3978334891102220f43fb6d9c46d7c&offerListId=4636930-75A512A6472D85430CA5D923E0EB794A&pos=5&price=36.11&productid=4636930&sid=316737&type=offer,0,/prix/4636930/bosch-extension-souffleur-amw-lb.html
43,15499,BOSCH AMW LB Extension souffleur,39.78,EUR,false,Cdiscount.com,/go/3169710279458042651.html?categoryId=11273&offerKey=cc2f7819e64124a4390fd56eb63149a8&offerListId=4636930-75A512A6472D85430CA5D923E0EB794A&pos=6&price=39.78&productid=4636930&sid=29061&type=offer,0,/prix/4636930/bosch-extension-souffleur-amw-lb.html
44,15499,"
document.getElementById(""result-6-offerinfo"").title = document.getElementById(""result-6-offerinfo"").innerHTML = idealoApp.getContents('q@D49 p|(`_ sU624FE6jUD9Jj3C@FDUD9JjD2:==6FD6 `___ ([ G6CE[ _ e__ gpb u__');
",48.74,EUR,false,RUBART,/go/3268516612067560266.html?categoryId=11273&offerKey=b82abe31d62dbd1e901c7cedf5af8891&offerListId=4636930-75A512A6472D85430CA5D923E0EB794A&pos=7&price=48.74&productid=4636930&sid=24573&type=offer,0,/prix/4636930/bosch-extension-souffleur-amw-lb.html
45,15499,BOSCH AMW LB Extension souffleur,49.96,EUR,false,ManoMano.fr,/go/3191789837965338521.html?categoryId=11273&offerKey=4fb6d30442e6cb57c81dc41181a549e8&offerListId=4636930-75A512A6472D85430CA5D923E0EB794A&pos=8&price=49.96&productid=4636930&sid=291209&type=offer,0,/prix/4636930/bosch-extension-souffleur-amw-lb.html
46,15499,Bosch Embout de souffleur de feuilles AMW LB,58.2,EUR,false,Mytoolstore.fr,/go/3229324292705485683.html?categoryId=11273&offerKey=31da8350641d80ed7b7328ebfa2d7690&offerListId=4636930-75A512A6472D85430CA5D923E0EB794A&pos=9&price=58.20&productid=4636930&sid=29224&type=offer,0,/prix/4636930/bosch-extension-souffleur-amw-lb.html
47,15499,Bosch AMW LB Embout de souffleur de feuilles pour AMW 10,64.19,EUR,false,Fixami.fr,/go/3235106755205662645.html?categoryId=11273&offerKey=e40b5cedab14f4cf591ac6c89140b699&offerListId=4636930-75A512A6472D85430CA5D923E0EB794A&pos=10&price=64.19&productid=4636930&sid=306120&type=offer,0,/prix/4636930/bosch-extension-souffleur-amw-lb.html
48,15499,"
document.getElementById(""result-10-offerinfo"").title = document.getElementById(""result-10-offerinfo"").innerHTML = idealoApp.getContents('q@D49 \\ $FAA=U624FE6j\>6?E $@F77=6FC 56 \""D p\>H =3 \\ _e__g2b7__');
",75.33,EUR,false,patneriberia4u,/go/3266175257586699112.html?categoryId=11273&offerKey=25df05785c8f3d869bd62675af7a2628&offerListId=4636930-75A512A6472D85430CA5D923E0EB794A&pos=11&price=75.33&productid=4636930&sid=24572&type=offer,0,/prix/4636930/bosch-extension-souffleur-amw-lb.html
49,15508,Mastic standard Soloplast Kplast 188g avec durcisseur,8.2,EUR,false,Rakuten.com FR,/go/3195446823074403200.html?price=8.20&sid=26246&type=oc_offer,0,/type/3168761546322.html
50,15508,Mastic standard Soloplast Kplast 188g avec durcisseur,9.06,EUR,false,ManoMano.fr,/go/3197960760542105764.html?price=9.06&sid=291209&type=oc_offer,0,/type/3168761546322.html
51,15508,Mastic standard Soloplast Kplast 188g avec durcisseur,9.06,EUR,false,espace-bricolage,/go/3197082011093173303.html?price=9.06&sid=24573&type=oc_offer,0,/type/3168761546322.html
52,15508,"Pistolet à colle, colle Soloplast Mastic standard soloplast kplast 188g avec durcisseur",9.06,EUR,false,Darty.com (Marketplace),/go/3223133628106018669.html?price=9.06&sid=316364&type=oc_offer,0,/type/3168761546322.html
53,15514,"
document.getElementById(""result-0-offerinfo"").title = document.getElementById(""result-0-offerinfo"").innerHTML = idealoApp.getContents('s6H2=E s ad_da z !6CUD9Jj7@UD9JjC2UD9JjE6FC');
",249.0,EUR,false,siltec-technik,/go/3268434911196877248.html?categoryId=15397&offerKey=9350170c55d87b2ff0694339e69e86c4&offerListId=4479117-1E9DDC9793B22A9035F59D3E45CD1A50&pos=1&price=249.00&productid=4479117&sid=24572&type=offer,0,/prix/4479117/dewalt-d25052k-qs.html
54,15540,"Metabo Machines filaires en set LSV 5-225 + ASR 35 M ACP Set + 25 feuilles abrasives au­to-agrip­pantes 225 mm P 120, Mallette souple - 690939000",1345.02,EUR,false,Rakuten.com FR,/go/3234059452564900829.html?categoryId=3706&offerKey=9717a4611f9b6ad668a3ecc015ca78fb&offerListId=6495977-82B3ADFE2D1BAFC56BAB3C4BB6FD4FF9&pos=1&price=1345.02&productid=6495977&sid=26246&type=offer,0,/prix/6495977/metabo-lsv-5-225-asr-35-m-acp-set-690939000.html
55,15562,Nettoyant en spray RUBSON - 500 ml - 946409,5.88,EUR,false,ManoMano.fr,/go/3215589277303836502.html?price=5.88&sid=291209&type=oc_offer,0,/type/3178040645745.html
56,15562,Nettoyant mousse pu cl12 rubson,5.9,EUR,false,Alexis-robert-bricolage.com,/go/3222599221685268079.html?price=5.90&sid=288310&type=oc_offer,0,/type/3178040645745.html
57,15562,"RUBSON Nettoyant mousse expansive CL 12 Aérosol, Nettoyant pour pistolets aérosols et surfaces, détache et dégraisse, 500ml",8.64,EUR,false,Brico-travo,/go/3237854291567838234.html?price=8.64&sid=24573&type=oc_offer,0,/type/3178040645745.html
58,15562,"RUBSON Nettoyant mousse expansive CL 12 Aérosol, Nettoyant pour pistolets aérosols et surfaces, détache et dégraisse, 500ml",8.9,EUR,false,Amazon.fr,/go/3238685540679158407.html?price=8.90&sid=12003&type=oc_offer,0,/type/3178040645745.html
59,15563,Tron­çon­neuse électrique Dolmar ES2141KTLC 2000 Watts guide de 40 cm,200.22,EUR,false,Master-outillage.com,/go/3237273208639979618.html?categoryId=19144&offerKey=e28a8beaf94d0280f799072ad7f7048c&offerListId=4601345-23E8216414771E95BE6298510A905F23&pos=1&price=200.22&productid=4601345&sid=282706&type=offer,0,/prix/4601345/dolmar-es-2141-tlc.html
60,15563,Tron­çon­neuse électrique DOLMAR ES2141TLC 2000 W W 230 V V Longueur de lame 400 mm,200.44,EUR,false,Rakuten.com FR,/go/3230377774487176091.html?categoryId=19144&offerKey=d35407de348e593382dc15a5097a7b50&offerListId=4601345-23E8216414771E95BE6298510A905F23&pos=2&price=200.44&productid=4601345&sid=26246&type=offer,0,/prix/4601345/dolmar-es-2141-tlc.html
61,15563,Tron­çon­neuse 2000 W 40 cm,210.0,EUR,false,Comptoirdespros.com,/go/3226800680962361771.html?categoryId=19144&offerKey=2055a068980278320783eb2b9635e789&offerListId=4601345-23E8216414771E95BE6298510A905F23&pos=3&price=210.00&productid=4601345&sid=283959&type=offer,0,/prix/4601345/dolmar-es-2141-tlc.html
62,15563,"Dolmar Tron­çon­neuse électrique 40cm, 2000 W - ES2141TLC",217.9,EUR,false,ManoMano.fr,/go/3248040889469109803.html?categoryId=19144&offerKey=4697ef7f6dba513ca62fbc25014fb9bc&offerListId=4601345-23E8216414771E95BE6298510A905F23&pos=4&price=217.90&productid=4601345&sid=291209&type=offer,0,/prix/4601345/dolmar-es-2141-tlc.html
63,15563,"Dolmar Tron­çon­neuse électrique 40cm, 2000 W - ES2141TLC",217.9,EUR,false,Mytoolstore.fr,/go/3254392401145366759.html?categoryId=19144&offerKey=ac17cda06a5b1998ea9f6f23e2e2f9ee&offerListId=4601345-23E8216414771E95BE6298510A905F23&pos=5&price=217.90&productid=4601345&sid=29224&type=offer,0,/prix/4601345/dolmar-es-2141-tlc.html
64,15563,Tron­çon­neuse 2000W 40 Cm (Kit D'ac­ces­soires) Es2141Ktlc Dolmar |,219.33,EUR,false,Clickoutil.com,/go/3221886883594245430.html?categoryId=19144&offerKey=ab304f4f239eccadcaae37384c112ab7&offerListId=4601345-23E8216414771E95BE6298510A905F23&pos=6&price=219.33&productid=4601345&sid=289388&type=offer,0,/prix/4601345/dolmar-es-2141-tlc.html
65,15563,"
document.getElementById(""result-6-offerinfo"").title = document.getElementById(""result-6-offerinfo"").innerHTML = idealoApp.getContents('s@=\>2C %C@?UD9JjU4465:=j@?UD9Jj?6FD6 U624FE6j=64UD9JjEC:BF6[ 6Da`c`E=4');
",229.0,EUR,false,Amazon.fr,/go/3267407211267099293.html?categoryId=19144&offerKey=129b216b61ba4925df72fcd8c0e34c83&offerListId=4601345-23E8216414771E95BE6298510A905F23&pos=7&price=229.00&productid=4601345&sid=12003&type=offer,0,/prix/4601345/dolmar-es-2141-tlc.html
66,15563,Tron­çon­neuse électrique DOLMAR ES2141TLC 2000 W W 230 V V Longueur de lame 400 mm,229.0,EUR,false,Conrad.fr,/go/3254686508220678295.html?categoryId=19144&offerKey=12ad9c7536a4c28fb90407524ca190b7&offerListId=4601345-23E8216414771E95BE6298510A905F23&pos=8&price=229.00&productid=4601345&sid=286907&type=offer,0,/prix/4601345/dolmar-es-2141-tlc.html
67,15563,Tron­çon­neuse MAKITA / DOLMAR 2000 W 40 cm + kit d'ac­ces­soires -ES2141KTLC,229.5,EUR,false,Bati-avenue.com,/go/3174964773215279615.html?categoryId=19144&offerKey=72d77ca2b5fc6507ccdd1f6627e681bf&offerListId=4601345-23E8216414771E95BE6298510A905F23&pos=9&price=229.50&productid=4601345&sid=283034&type=offer,0,/prix/4601345/dolmar-es-2141-tlc.html
68,15563,"
document.getElementById(""result-9-offerinfo"").title = document.getElementById(""result-9-offerinfo"").innerHTML = idealoApp.getContents('s@=\>2C %C@?UD9JjU4465:=j@?UD9Jj?6FD6 U624FE6j=64UD9JjEC:BF6[ 6Da`c`E=4');
",238.28,EUR,false,sotel-france,/go/3247321552527557312.html?categoryId=19144&offerKey=8124c5b58ff379e5306b2ca106d0e765&offerListId=4601345-23E8216414771E95BE6298510A905F23&pos=10&price=238.28&productid=4601345&sid=24573&type=offer,0,/prix/4601345/dolmar-es-2141-tlc.html
69,15563,Tron­çon­neuse DOLMAR 2000W 40cm + kit d'ac­ces­soires - ES2141KTLC,239.3,EUR,false,Maxoutil.com,/go/3157741463062716161.html?categoryId=19144&offerKey=7d553a29b8f1506b4244ab313911ca2d&offerListId=4601345-23E8216414771E95BE6298510A905F23&pos=11&price=239.30&productid=4601345&sid=254364&type=offer,0,/prix/4601345/dolmar-es-2141-tlc.html
70,15563,Tron­çon­neuse Makita / Dolmar 2000 W 40 Cm + Kit D'Ac­ces­soires -Es2141Ktlc,265.6,EUR,false,Fnac.com (Marketplace),/go/3252355710494703705.html?categoryId=19144&offerKey=2c1ec463492baefd6e861b67ec8b9157&offerListId=4601345-23E8216414771E95BE6298510A905F23&pos=12&price=265.60&productid=4601345&sid=307622&type=offer,0,/prix/4601345/dolmar-es-2141-tlc.html
