,index_data,product_name,product_price,currency,voucher,shop_name,url_origin,url_image,id_page
0,4600,"Sikadher, Additif d'adhérence et d'imperméabilité pour mortiers et bétons, 2L, Blanc",21.07,EUR,false,Amazon.fr,/go/3176753242361050121.html?price=21.07&sid=12003&type=oc_offer,0,/type/3240240005329.html
1,4600,SIKA- Additif pour l'adhérence et étanchéité des mortiers - 2L,21.07,EUR,false,Rakuten.com FR,/go/3164281603564253550.html?price=21.07&sid=26246&type=oc_offer,0,/type/3240240005329.html
2,4600,"Pistolet à colle, colle Sika Sika- additif pour l'adhérence et étanchéité des mortiers - 2l",21.07,EUR,false,Darty.com (Marketplace),/go/3208673876089249612.html?price=21.07&sid=316364&type=oc_offer,0,/type/3240240005329.html
3,4600,Sika Additif pour l'adhérence et étanchéité des mortiers - 2L,22.07,EUR,false,Rueducommerce.fr (Marketplace),/go/3268056088521475724.html?price=22.07&sid=25482&type=oc_offer,0,/type/3240240005329.html
4,4600,Sika Additif pour l'adhérence et étanchéité des mortiers - 2L,23.91,EUR,false,Rueducommerce.fr (Marketplace),/go/3254167008721241635.html?price=23.91&sid=25482&type=oc_offer,0,/type/3240240005329.html
5,4600,"Sikadher, Additif d'adhérence et d'imperméabilité pour mortiers et bétons, 2L, Blanc",24.25,EUR,false,espace-bricolage,/go/3265820726589916230.html?price=24.25&sid=24573&type=oc_offer,0,/type/3240240005329.html
6,4600,Additif d'adhérence et d'imperméabilité pour mortiers - SIKA Sikadher - Blanc - 2L,28.91,EUR,false,ManoMano.fr,/go/3267643136452593449.html?price=28.91&sid=291209&type=oc_offer,0,/type/3240240005329.html
7,4600,Sika Additif pour l'adhérence et étanchéité des mortiers - 2L,30.72,EUR,false,Rueducommerce.fr (Marketplace),/go/3251937024042599666.html?price=30.72&sid=25482&type=oc_offer,0,/type/3240240005329.html
8,4601,DESTOCKAGE Sac de rangement RYOBI pour 3 ou 4 outils UTB4HG,23.9,EUR,false,Superperfo.fr,/go/3243123357981343840.html?categoryId=13232&offerKey=e765f04f103e2b823c632bf1d5bf52d6&offerListId=1678959-C57E2953BB0E0D8EE47380D54F1C6C03&pos=1&price=23.90&productid=1678959&sid=315080&type=offer,0,/prix/1678959/ryobi-utb-4.html
9,4601,Sac à outils Ryobi UTB4HG,24.0,EUR,false,Rotopino.fr,/go/9215906848.html?categoryId=13232&offerKey=a6fa363d5bb612a5ea1798c081341fa9&offerListId=1678959-C57E2953BB0E0D8EE47380D54F1C6C03&pos=2&price=24.00&productid=1678959&sid=287166&type=offer,0,/prix/1678959/ryobi-utb-4.html
10,4601,Ryobi UTB4 Sac de rangement pour 3 ou 4 outils one+,25.79,EUR,false,Fixami.fr,/go/3235106718696343309.html?categoryId=13232&offerKey=219113661921ff8cbd95db1daed48959&offerListId=1678959-C57E2953BB0E0D8EE47380D54F1C6C03&pos=3&price=25.79&productid=1678959&sid=306120&type=offer,0,/prix/1678959/ryobi-utb-4.html
11,4601,RYOBI Sac renforcé One+ pour 3 ou 4 outils,25.99,EUR,false,Cdiscount.com,/go/3166982863459465093.html?categoryId=13232&offerKey=5792b0c9ed4c69ed432302270393ac63&offerListId=1678959-C57E2953BB0E0D8EE47380D54F1C6C03&pos=4&price=25.99&productid=1678959&sid=29061&type=offer,0,/prix/1678959/ryobi-utb-4.html
12,4601,Sac de rangement RYOBI pour 3 ou 4 outils UTB4HG,28.9,EUR,false,ManoMano.fr,/go/3191435039346790104.html?categoryId=13232&offerKey=2839599fed1ea85652722fbf4477cf42&offerListId=1678959-C57E2953BB0E0D8EE47380D54F1C6C03&pos=5&price=28.90&productid=1678959&sid=291209&type=offer,0,/prix/1678959/ryobi-utb-4.html
13,4601,sac de rangement taille l ryobi utb4,29.8,EUR,false,Rakuten.com FR,/go/1682983331.html?categoryId=13232&offerKey=9cdd51d4711026761ec5e95f8823b5ca&offerListId=1678959-C57E2953BB0E0D8EE47380D54F1C6C03&pos=6&price=29.80&productid=1678959&sid=26246&type=offer,0,/prix/1678959/ryobi-utb-4.html
14,4601,"
document.getElementById(""result-6-offerinfo"").title = document.getElementById(""result-6-offerinfo"").innerHTML = idealoApp.getContents('#J@3: cghaa`_`_hdfe $24 56 #2?86\>6?E $@FA=6[ |F=UD9JjE:UD9Jj4@UD9Jj=@C6');
",29.82,EUR,false,espace-bricolage,/go/8462425875.html?categoryId=13232&offerKey=b4e679578d2ec9cefd191b7ff335918b&offerListId=1678959-C57E2953BB0E0D8EE47380D54F1C6C03&pos=7&price=29.82&productid=1678959&sid=24573&type=offer,0,/prix/1678959/ryobi-utb-4.html
15,4601,Ryobi Sac de rangement pour 3 ou 4 outils OnePlus UTB4HG,35.91,EUR,false,Rueducommerce.fr (Marketplace),/go/3213756771904524196.html?categoryId=13232&offerKey=09f9802116c0631a2e4fcdd43bbe7b28&offerListId=1678959-C57E2953BB0E0D8EE47380D54F1C6C03&pos=8&price=35.91&productid=1678959&sid=25482&type=offer,0,/prix/1678959/ryobi-utb-4.html
16,4601,Ryobi Sac de rangement pour 3 ou 4 outils OnePlus UTB4HG,35.99,EUR,false,Rueducommerce.fr (Marketplace),/go/3213753640558801943.html?categoryId=13232&offerKey=378ddd43fb2dcf8a34cc0566f55e0193&offerListId=1678959-C57E2953BB0E0D8EE47380D54F1C6C03&pos=9&price=35.99&productid=1678959&sid=25482&type=offer,0,/prix/1678959/ryobi-utb-4.html
17,4601,Coffret mul­ti-ou­tils Ryobi Ryobi utb4 one+ sac nylon moyen pour outil,36.21,EUR,false,Darty.com (Marketplace),/go/3216002800798414630.html?categoryId=13232&offerKey=37683349209b7f35112f220d7fbc64c8&offerListId=1678959-C57E2953BB0E0D8EE47380D54F1C6C03&pos=10&price=36.21&productid=1678959&sid=316364&type=offer,0,/prix/1678959/ryobi-utb-4.html
18,4601,Ryobi Sac á outils UTB-4,37.3,EUR,false,Mytoolstore.fr,/go/3229324281871599294.html?categoryId=13232&offerKey=19d03775e761a79e73fd8d065c54bd23&offerListId=1678959-C57E2953BB0E0D8EE47380D54F1C6C03&pos=11&price=37.30&productid=1678959&sid=29224&type=offer,0,/prix/1678959/ryobi-utb-4.html
19,4601,Sac de Rangement Taille L Ryobi Utb8,37.57,EUR,false,Rakuten.com FR,/go/3994344191.html?categoryId=13232&offerKey=b49792848868779674f21605123d3ce4&offerListId=1678959-C57E2953BB0E0D8EE47380D54F1C6C03&pos=12&price=37.57&productid=1678959&sid=26246&type=offer,0,/prix/1678959/ryobi-utb-4.html
20,4601,Ryobi Sac de rangement pour 3 ou 4 outils ONE+ UTB-4 - 5132002553,39.45,EUR,false,ManoMano.fr,/go/3260327150942684073.html?categoryId=13232&offerKey=e189638690889c69bb0726837efe2d45&offerListId=1678959-C57E2953BB0E0D8EE47380D54F1C6C03&pos=13&price=39.45&productid=1678959&sid=291209&type=offer,0,/prix/1678959/ryobi-utb-4.html
21,4601,Ryobi Sac de rangement pour 3 ou 4 outils ONE+ UTB-4 - 5132002553,39.45,EUR,false,Mytoolstore.fr,/go/3259955139414329770.html?categoryId=13232&offerKey=f631c8960d3a0fea7f3dae15b073c1e7&offerListId=1678959-C57E2953BB0E0D8EE47380D54F1C6C03&pos=14&price=39.45&productid=1678959&sid=29224&type=offer,0,/prix/1678959/ryobi-utb-4.html
22,4601,Sacoche à outils non équipée Ryobi 5133002553 uni­ver­selle (L x l x h) 460 x 305 x 305 mm 1 pc(s),41.99,EUR,false,Conrad.fr,/go/3254686843695792419.html?categoryId=13232&offerKey=d127ecae748297db74d3b763f2809fbf&offerListId=1678959-C57E2953BB0E0D8EE47380D54F1C6C03&pos=15&price=41.99&productid=1678959&sid=286907&type=offer,0,/prix/1678959/ryobi-utb-4.html
23,4605,"Sikagard Nettoyant Concentré, Dégraissant pour supports très encrassés (toiture, façade, sol), 5L, Bleu",26.99,EUR,false,Amazon.fr,/go/3167283899441100737.html?price=26.99&sid=12003&type=oc_offer,0,/type/7612895048185.html
24,4605,"SIKA Nettoyant concentré pour toiture, façade et sol - 5 L / 70 m²",30.1,EUR,false,Rakuten.com FR,/go/3197925379295684242.html?price=30.10&sid=26246&type=oc_offer,0,/type/7612895048185.html
25,4605,"Isolation phonique PC Sika Sika nettoyant concentré pour toiture, façade et sol - 5 l / 70 m²",30.8,EUR,false,Darty.com (Marketplace),/go/3216002794530025825.html?price=30.80&sid=316364&type=oc_offer,0,/type/7612895048185.html
26,4605,SIKA Nettoyant-dégraissant Sikagard Nettoyant Concentré - 5L,31.1,EUR,false,Rueducommerce.fr (Marketplace),/go/3268961420452037943.html?price=31.10&sid=25482&type=oc_offer,0,/type/7612895048185.html
27,4605,SIKA Nettoyant-dégraissant Sikagard Nettoyant Concentré - 5L,34.53,EUR,false,Rueducommerce.fr (Marketplace),/go/3268055588948411841.html?price=34.53&sid=25482&type=oc_offer,0,/type/7612895048185.html
28,4605,SIKA Nettoyant-dégraissant Sikagard Nettoyant Concentré - 5L,38.21,EUR,false,Rueducommerce.fr (Marketplace),/go/3268055588770153904.html?price=38.21&sid=25482&type=oc_offer,0,/type/7612895048185.html
29,4605,"Sikagard Nettoyant Concentré, Dégraissant pour supports très encrassés (toiture, façade, sol), 5L, Bleu",39.34,EUR,false,espace-bricolage,/go/3211115844276853963.html?price=39.34&sid=24573&type=oc_offer,0,/type/7612895048185.html
30,4605,Nettoyant-dégraissant SIKA Sikagard Nettoyant Concentré - 5L,43.94,EUR,false,ManoMano.fr,/go/3186536605045230735.html?price=43.94&sid=291209&type=oc_offer,0,/type/7612895048185.html
31,4606,"Masque 1100 SB, 5erPack",2.41,EUR,false,ManoMano.fr,/go/3163179707569022904.html?price=2.41&sid=291209&type=oc_offer,0,/type/4013207211113.html
32,4606,"Masque 1100 SB, 5erPack",2.41,EUR,false,Rakuten.com FR,/go/3264727057912825839.html?price=2.41&sid=26246&type=oc_offer,0,/type/4013207211113.html
33,4607,Pistolet Squelette métallique pour mastic en cartouche de 300 ml SIKA,8.5,EUR,false,ManoMano.fr,/go/3181278173910274799.html?price=8.50&sid=291209&type=oc_offer,0,/type/3240240006425.html
34,4607,Pistolet squelette métallique pour mastic en cartouche de 300 ml sika,8.5,EUR,false,Alexis-robert-bricolage.com,/go/3222599243069922788.html?price=8.50&sid=288310&type=oc_offer,0,/type/3240240006425.html
35,4607,Sika - pistolet métallique pour mastic en cartouche de 300 ml,9.95,EUR,false,Rakuten.com FR,/go/3219511548655441161.html?price=9.95&sid=26246&type=oc_offer,0,/type/3240240006425.html
36,4607,Pistolet squelette pour cartouches de 300 ml,12.3,EUR,false,espace-bricolage,/go/3224513807395063296.html?price=12.30&sid=24573&type=oc_offer,0,/type/3240240006425.html
37,4612,Kayser - Filtre gaz 230 A1 F. Masque plein f. gaz et vapeurs btl. 2St./vE,23.05,EUR,false,Amazon.fr,/go/9018792896.html?price=23.05&sid=12003&type=oc_offer,0,/type/4013207422328.html
38,4612,Kayser - Filtre gaz 230 A1 F. Masque plein f. gaz et vapeurs btl.,27.12,EUR,false,ManoMano.fr,/go/3162273799223648636.html?price=27.12&sid=291209&type=oc_offer,0,/type/4013207422328.html
39,4612,Marque Generique Kayser - Filtre gaz 230 A1 F. Masque plein f. gaz et vapeurs btl,39.58,EUR,false,Rueducommerce.fr (Marketplace),/go/3268780754252858007.html?price=39.58&sid=25482&type=oc_offer,0,/type/4013207422328.html
40,4620,vorfilt erset 230 à filtre série 230,18.34,EUR,false,Dönges,/go/3247921811802817879.html?price=18.34&sid=24573&type=oc_offer,0,/type/4013207222331.html
41,4620,Filtres 230 pour Filterserie 230,25.69,EUR,false,ManoMano.fr,/go/3163357039749511256.html?price=25.69&sid=291209&type=oc_offer,0,/type/4013207222331.html
42,4620,Filtres 230 pour Filterserie 230,25.69,EUR,false,Rakuten.com FR,/go/3264727058103665756.html?price=25.69&sid=26246&type=oc_offer,0,/type/4013207222331.html
43,4645,Sac dechet autostable vert 150l ref.140015,11.1,EUR,false,ManoMano.fr,/go/3248041682578440812.html?price=11.10&sid=291209&type=oc_offer,0,/type/3260821400152.html
44,4645,Intermas - Sac déchets vert 150 L STANDBAG,12.77,EUR,false,Brico-travo,/go/3204084482149722321.html?price=12.77&sid=24573&type=oc_offer,0,/type/3260821400152.html
45,4645,Sac Jardin 150L,16.7,EUR,false,Fnac.com (Marketplace),/go/3252355713135020438.html?price=16.70&sid=307622&type=oc_offer,0,/type/3260821400152.html
46,4645,INTERMAS - Sac déchets vert 150 L STANDBAG,19.02,EUR,false,Ubaldi.com (Marketplace),/go/3222746434669383901.html?price=19.02&sid=316737&type=oc_offer,0,/type/3260821400152.html
47,4645,NORTENE Sac déchets verts autostable Standbag a poignées d0.5mxh0.,26.27,EUR,false,Home-boulevard.com,/go/3258117748246446959.html?price=26.27&sid=280884&type=oc_offer,0,/type/3260821400152.html
48,4694,Jeu de 6 lames spéciales pour scie sauteuse RYOBI OnePlus RAK6JSBW,9.9,EUR,false,Rakuten.com FR,/go/9807352250.html?price=9.90&sid=26246&type=oc_offer,0,/type/4892210143235.html
49,4694,Jeu de 6 lames spéciales pour scie sauteuse RYOBI OnePlus RAK6JSBW,10.0,EUR,false,espace-bricolage,/go/3153510460085509412.html?price=10.00&sid=24573&type=oc_offer,0,/type/4892210143235.html
50,4694,Lame scie circulaire Ryobi Jeu de 6 lames spéciales pour scie sauteuse ryobi oneplus rak6jsbw,10.0,EUR,false,Darty.com (Marketplace),/go/3223311314805855047.html?price=10.00&sid=316364&type=oc_offer,0,/type/4892210143235.html
51,4694,Jeu de 6 lames spéciales pour scie sauteuse RYOBI OnePlus RAK6JSBW,12.52,EUR,false,ManoMano.fr,/go/9803276652.html?price=12.52&sid=291209&type=oc_offer,0,/type/4892210143235.html
52,4694,Ryobi Blister 6 lames spéciales scie sauteuse sans fil ONE+ RAK6JSBW - 5132002810,14.03,EUR,false,Mytoolstore.fr,/go/3259955142916572276.html?price=14.03&sid=29224&type=oc_offer,0,/type/4892210143235.html
53,4694,Lames de bois et stratifiés 6 pcs. Ryobi RAK6JSBW,16.0,EUR,false,Rotopino.fr,/go/3263870882952513418.html?price=16.00&sid=287166&type=oc_offer,0,/type/4892210143235.html
54,4694,Jeu de 6 lames spéciales pour scie sauteuse RYOBI OnePlus RAK6JSBW,16.57,EUR,false,Ubaldi.com (Marketplace),/go/3221509303991019111.html?price=16.57&sid=316737&type=oc_offer,0,/type/4892210143235.html
55,4694,Ryobi Jeu de 6 lames spéciales pour scie sauteuse OnePlus RAK6JSBW,30.38,EUR,false,Rueducommerce.fr (Marketplace),/go/3268961706872668529.html?price=30.38&sid=25482&type=oc_offer,0,/type/4892210143235.html
56,4740,GARDENA Sécateur alu à lame franche Comfort B/ L,24.79,EUR,false,Alternate.fr,/go/3204136053143243312.html?categoryId=11412&offerKey=52af6c3508ec392bbaefff591bc29610&offerListId=1510635-5F552F8FF993B2BA3FD71284151FD503&pos=1&price=24.79&productid=1510635&sid=291809&type=offer,0,/prix/1510635/gardena-comfort-8906-20.html
57,4740,"
document.getElementById(""result-1-offerinfo"").title = document.getElementById(""result-1-offerinfo"").innerHTML = idealoApp.getContents('$U624FE6j42E6FC 2=F U28C2G6j =2\>6 7C2?496 r@\>7@CE q^ { 56 vp#st}p i DU624FE6j42E6FC U28C2G6j =2\>6 7C2?496 A@FC 3C2?496D 6E 3C:?5:==6D ;FDBFVU28C2G6j ad \>\> 56 5:2\>U68C2G6jEC6[ A@:8?U624FE6j6D C@3FDE6D 6? 2=F\>:?:F\>[ =2\>6 :?UD9JjE6CUD9Jj492?UD9Jj8623=6 Wgh_e\\a_X');
",25.2,EUR,false,Amazon.fr,/go/3228907380318144470.html?categoryId=11412&offerKey=4160d5bfaede3a497a7f33eb211c8b16&offerListId=1510635-5F552F8FF993B2BA3FD71284151FD503&pos=2&price=25.20&productid=1510635&sid=12003&type=offer,0,/prix/1510635/gardena-comfort-8906-20.html
58,4740,Sécateur Bypass GARDENA B/L 08906-20,25.2,EUR,false,ManoMano.fr,/go/3184000403949761916.html?categoryId=11412&offerKey=11e3467303f15838dc3b885d39d59fae&offerListId=1510635-5F552F8FF993B2BA3FD71284151FD503&pos=3&price=25.20&productid=1510635&sid=291209&type=offer,0,/prix/1510635/gardena-comfort-8906-20.html
59,4740,Gardena Sécateur alu à lame franche Comfort B/ L - 8906-20,25.2,EUR,false,Rakuten.com FR,/go/8207758676.html?categoryId=11412&offerKey=ba03ff90c84dd0bcf003150ca2c0d2d0&offerListId=1510635-5F552F8FF993B2BA3FD71284151FD503&pos=4&price=25.20&productid=1510635&sid=26246&type=offer,0,/prix/1510635/gardena-comfort-8906-20.html
60,4740,Sécateur Bypass GARDENA B/L 08906-20,25.2,EUR,false,Conrad.fr,/go/3254686397514121542.html?categoryId=11412&offerKey=337aea4ea89f1d6572ac25fa4720bdaf&offerListId=1510635-5F552F8FF993B2BA3FD71284151FD503&pos=5&price=25.20&productid=1510635&sid=286907&type=offer,0,/prix/1510635/gardena-comfort-8906-20.html
61,4740,Gardena 08906-20 Sécateur de luxe confort,29.69,EUR,false,Fixami.fr,/go/3235106888542587081.html?categoryId=11412&offerKey=5b97ff18f211917dbb155790aa4da4aa&offerListId=1510635-5F552F8FF993B2BA3FD71284151FD503&pos=6&price=29.69&productid=1510635&sid=306120&type=offer,0,/prix/1510635/gardena-comfort-8906-20.html
62,4740,Sécateur de luxe Gardena Comfort,29.74,EUR,false,Fnac.com (Marketplace),/go/3252355729861904079.html?categoryId=11412&offerKey=6c39013eed32a2934fe41c51ce493eae&offerListId=1510635-5F552F8FF993B2BA3FD71284151FD503&pos=7&price=29.74&productid=1510635&sid=307622&type=offer,0,/prix/1510635/gardena-comfort-8906-20.html
63,4740,Gardena Sécateur alu à lame franche Comfort B/ L - 8906-20,30.64,EUR,false,Mytoolstore.fr,/go/3229324298973872936.html?categoryId=11412&offerKey=1d582f72d59ea190f69fba0eccb548b4&offerListId=1510635-5F552F8FF993B2BA3FD71284151FD503&pos=8&price=30.64&productid=1510635&sid=29224&type=offer,0,/prix/1510635/gardena-comfort-8906-20.html
64,4740,GARDENA - Sécateur alu à lames franches Comfort,30.94,EUR,false,Ubaldi.com (Marketplace),/go/3221509376070124337.html?categoryId=11412&offerKey=8bf00417f1e5713541e50261d73b6e6d&offerListId=1510635-5F552F8FF993B2BA3FD71284151FD503&pos=9&price=30.94&productid=1510635&sid=316737&type=offer,0,/prix/1510635/gardena-comfort-8906-20.html
65,4740,Sécateur alu à lame franche comfort b/ l 25mm 8906-20,32.9,EUR,false,Alexis-robert-bricolage.com,/go/3222599242530957816.html?categoryId=11412&offerKey=263077cbe4fe0e0ff43da35efcb8451f&offerListId=1510635-5F552F8FF993B2BA3FD71284151FD503&pos=10&price=32.90&productid=1510635&sid=288310&type=offer,0,/prix/1510635/gardena-comfort-8906-20.html
66,4740,Sécateur Comfort ajustable à lame rem­pla­çable - Poignée er­go­no­mique A167282,41.7,EUR,false,Manutan.fr,/go/3154572196437830350.html?categoryId=11412&offerKey=dfee37b01fecdad9b40f2674acd078c7&offerListId=1510635-5F552F8FF993B2BA3FD71284151FD503&pos=11&price=41.70&productid=1510635&sid=61993&type=offer,0,/prix/1510635/gardena-comfort-8906-20.html
67,4740,"
document.getElementById(""result-11-offerinfo"").title = document.getElementById(""result-11-offerinfo"").innerHTML = idealoApp.getContents('v2C56?2 gfha r@?7@CE \'2C:@ qJA2DD $U624FE6j42E6FC U28C2G6j =2 |2:? 2G64 b^`_[a 4\> rFE');
",667.92,EUR,false,Solera Telecom AG,/go/3214868295710673666.html?categoryId=11412&offerKey=9271f432ba817aaf1c6a435fb2f38f94&offerListId=1510635-5F552F8FF993B2BA3FD71284151FD503&pos=12&price=667.92&productid=1510635&sid=24573&type=offer,0,/prix/1510635/gardena-comfort-8906-20.html
68,4747,"
document.getElementById(""result-0-offerinfo"").title = document.getElementById(""result-0-offerinfo"").innerHTML = idealoApp.getContents('#J@3: twva___ sU624FE6j42A6FC E96C\>:BF6 56 EJA6 d`bb__``bf');
",35.04,EUR,false,espace-bricolage,/go/3253771877226646293.html?categoryId=14152&offerKey=9cf58c6621bba54089f1dec5d8812546&offerListId=3190655-060D300E5CC74DBFBBBADEF9018E22C2&pos=1&price=35.04&productid=3190655&sid=24573&type=offer,0,/prix/3190655/ryobi-ehg2000.html
69,4747,Décapeur thermique Ryobi EHG2000,37.0,EUR,false,Rotopino.fr,/go/6548578145.html?categoryId=14152&offerKey=f5613cd9d589b54ed4b71b7b0dfd9570&offerListId=3190655-060D300E5CC74DBFBBBADEF9018E22C2&pos=2&price=37.00&productid=3190655&sid=287166&type=offer,0,/prix/3190655/ryobi-ehg2000.html
70,4747,"
document.getElementById(""result-2-offerinfo"").title = document.getElementById(""result-2-offerinfo"").innerHTML = idealoApp.getContents('#J@3: twva___ sU624FE6j42A6FC E96C\>:BF6 56 EJA6 d`bb__``bf');
",38.7,EUR,false,Amazon.fr,/go/7661417940.html?categoryId=14152&offerKey=c00e0525d0167b64b01d0bff94d3b9c0&offerListId=3190655-060D300E5CC74DBFBBBADEF9018E22C2&pos=3&price=38.70&productid=3190655&sid=12003&type=offer,0,/prix/3190655/ryobi-ehg2000.html
71,4747,Décapeur thermique RYOBI 2000W EHG2000,38.7,EUR,false,ManoMano.fr,/go/6564075172.html?categoryId=14152&offerKey=30ef780b5b8ffcc76e44efc9c079f3e6&offerListId=3190655-060D300E5CC74DBFBBBADEF9018E22C2&pos=4&price=38.70&productid=3190655&sid=291209&type=offer,0,/prix/3190655/ryobi-ehg2000.html
72,4747,Décapeur Thermique 2000 Watts Ryobi Ehg2000,39.9,EUR,false,Rakuten.com FR,/go/1059852025.html?categoryId=14152&offerKey=54c551a65726a8eded740c02476ddec7&offerListId=3190655-060D300E5CC74DBFBBBADEF9018E22C2&pos=5&price=39.90&productid=3190655&sid=26246&type=offer,0,/prix/3190655/ryobi-ehg2000.html
73,4747,Ryobi Décapeur thermique EHG2000 - 2000 Watts 2 tem­pé­ra­tures - 5133001137,39.98,EUR,false,Rueducommerce.fr (Marketplace),/go/3213756889779155233.html?categoryId=14152&offerKey=303ddf198e0168d049da4e1b464cdb29&offerListId=3190655-060D300E5CC74DBFBBBADEF9018E22C2&pos=6&price=39.98&productid=3190655&sid=25482&type=offer,0,/prix/3190655/ryobi-ehg2000.html
74,4747,Décapeur thermique RYOBI 2000W EHG2000,46.57,EUR,false,Ubaldi.com (Marketplace),/go/3221509304255250530.html?categoryId=14152&offerKey=9ec3f6d15a12320c02320c552e22e1d9&offerListId=3190655-060D300E5CC74DBFBBBADEF9018E22C2&pos=7&price=46.57&productid=3190655&sid=316737&type=offer,0,/prix/3190655/ryobi-ehg2000.html
75,4747,Décapeur thermique Ryobi Ryobi - décapeur thermique 2000w - ehg2000,46.57,EUR,false,Darty.com (Marketplace),/go/3267839154934777432.html?categoryId=14152&offerKey=7fd2ab1ab078b0746b1946ecf678fece&offerListId=3190655-060D300E5CC74DBFBBBADEF9018E22C2&pos=8&price=46.57&productid=3190655&sid=316364&type=offer,0,/prix/3190655/ryobi-ehg2000.html
76,4747,Ryobi Décapeur thermique EHG2000 - 2000 Watts 2 tem­pé­ra­tures - 5133001137,46.57,EUR,false,Rueducommerce.fr (Marketplace),/go/3226436242618975485.html?categoryId=14152&offerKey=6ae62c15a0fc8a31867e9d91cdd8ae24&offerListId=3190655-060D300E5CC74DBFBBBADEF9018E22C2&pos=9&price=46.57&productid=3190655&sid=25482&type=offer,0,/prix/3190655/ryobi-ehg2000.html
77,4747,Ryobi EHG2000 Décapeur thermique - 2000W,48.79,EUR,false,Fixami.fr,/go/3235106723716923792.html?categoryId=14152&offerKey=8baaa2842d03d788a4fa751760efa706&offerListId=3190655-060D300E5CC74DBFBBBADEF9018E22C2&pos=10&price=48.79&productid=3190655&sid=306120&type=offer,0,/prix/3190655/ryobi-ehg2000.html
78,4747,Ryobi Décapeur thermique EHG2000 - 2000 Watts 2 tem­pé­ra­tures - 5133001137,49.28,EUR,false,Rueducommerce.fr (Marketplace),/go/3213754741467121753.html?categoryId=14152&offerKey=ad39ca5ba5bfbc80fecae32c8901e087&offerListId=3190655-060D300E5CC74DBFBBBADEF9018E22C2&pos=11&price=49.28&productid=3190655&sid=25482&type=offer,0,/prix/3190655/ryobi-ehg2000.html
79,4747,"Ryobi Décapeur thermique 2000 W, EHG2000",50.58,EUR,false,Mytoolstore.fr,/go/3202895406346278771.html?categoryId=14152&offerKey=20cb244340126a7549cb42d1f7a23cb6&offerListId=3190655-060D300E5CC74DBFBBBADEF9018E22C2&pos=12&price=50.58&productid=3190655&sid=29224&type=offer,0,/prix/3190655/ryobi-ehg2000.html
80,4747,Ryobi Décapeur thermique EHG2000 - 2000 Watts 2 tem­pé­ra­tures - 5133001137,54.34,EUR,false,Rueducommerce.fr (Marketplace),/go/3226043992464425494.html?categoryId=14152&offerKey=8eb707a206e615139ce42186788b496a&offerListId=3190655-060D300E5CC74DBFBBBADEF9018E22C2&pos=13&price=54.34&productid=3190655&sid=25482&type=offer,0,/prix/3190655/ryobi-ehg2000.html
81,4774,Structure de Serre en Acier et PVC,32.0,EUR,false,,/go/6582167153.html?price=32.00&sid=24573&type=oc_offer,0,/type/3260821600309.html
82,4774,Serre de balcon BALCONY 3,32.57,EUR,false,ManoMano.fr,/go/3204107272175233960.html?price=32.57&sid=291209&type=oc_offer,0,/type/3260821600309.html
83,4774,Serre à Structure En Acier Et Housse En Pvc (3 Bandejas 49 X 69 X 130 Cm),38.4,EUR,false,Rakuten.com FR,/go/3263492688814541582.html?price=38.40&sid=26246&type=oc_offer,0,/type/3260821600309.html
84,4774,INTERMAS - Serre de balcon BALCONY 3,39.2,EUR,false,Ubaldi.com (Marketplace),/go/3222746466187482133.html?price=39.20&sid=316737&type=oc_offer,0,/type/3260821600309.html
85,4774,Serre de jardin Intermas INTERMAS - Serre de balcon BALCONY 3,40.01,EUR,false,Darty.com (Marketplace),/go/3238317119640700631.html?price=40.01&sid=316364&type=oc_offer,0,/type/3260821600309.html
86,4774,Serre De Balcon Balcony 3 Vert,42.34,EUR,false,Rakuten.com FR,/go/3246542241784662992.html?price=42.34&sid=26246&type=oc_offer,0,/type/3260821600309.html
87,4774,INTERMAS - Serre de balcon BALCONY 3,44.73,EUR,false,Fnac.com (Marketplace),/go/3252355713277625716.html?price=44.73&sid=307622&type=oc_offer,0,/type/3260821600309.html
88,4777,"
document.getElementById(""result-0-offerinfo"").title = document.getElementById(""result-0-offerinfo"").innerHTML = idealoApp.getContents('#J@3: twva_a_{rs sU624FE6j42A6FC E96C\>:BF6');
",59.56,EUR,false,espace-bricolage,/go/3221523895345489100.html?categoryId=14152&offerKey=3a1d2356509061878eb955f9d0c5a5a4&offerListId=3190656-4B371BD527156AA01E3416E12A7C5D4A&pos=1&price=59.56&productid=3190656&sid=24573&type=offer,0,/prix/3190656/ryobi-ehg2020lcd.html
89,4777,Décapeur thermique avec affichage LCD Ryobi EHG2020LCD,62.0,EUR,false,Rotopino.fr,/go/6087271092.html?categoryId=14152&offerKey=ccfd571ade9b3573d3e51217c606ab31&offerListId=3190656-4B371BD527156AA01E3416E12A7C5D4A&pos=2&price=62.00&productid=3190656&sid=287166&type=offer,0,/prix/3190656/ryobi-ehg2020lcd.html
90,4777,Ryobi EHG2020LCD Décapeur thermique - 2000W,63.89,EUR,false,Fixami.fr,/go/3235106716238482254.html?categoryId=14152&offerKey=3ecdbf988382d23275b8c84d42347583&offerListId=3190656-4B371BD527156AA01E3416E12A7C5D4A&pos=3&price=63.89&productid=3190656&sid=306120&type=offer,0,/prix/3190656/ryobi-ehg2020lcd.html
91,4777,"
document.getElementById(""result-3-offerinfo"").title = document.getElementById(""result-3-offerinfo"").innerHTML = idealoApp.getContents('#J@3: twva_a_{rs sU624FE6j42A6FC E96C\>:BF6');
",64.38,EUR,false,Amazon.fr,/go/7299929684.html?categoryId=14152&offerKey=f79f0ebe077d3c4b361a75abd6eb3025&offerListId=3190656-4B371BD527156AA01E3416E12A7C5D4A&pos=4&price=64.38&productid=3190656&sid=12003&type=offer,0,/prix/3190656/ryobi-ehg2020lcd.html
92,4777,Décapeur thermique RYOBI 2000W affichage LCD EHG2020LCD,64.38,EUR,false,ManoMano.fr,/go/3187444023109368710.html?categoryId=14152&offerKey=08ab2b460f077760a096421b1089d11c&offerListId=3190656-4B371BD527156AA01E3416E12A7C5D4A&pos=5&price=64.38&productid=3190656&sid=291209&type=offer,0,/prix/3190656/ryobi-ehg2020lcd.html
93,4777,"Décapeur thermique RYOBI EHG2020LCD, 2000W",67.99,EUR,false,Rakuten.com FR,/go/1091980218.html?categoryId=14152&offerKey=acb34a9eed093f40ebc463b57ebdc7e7&offerListId=3190656-4B371BD527156AA01E3416E12A7C5D4A&pos=6&price=67.99&productid=3190656&sid=26246&type=offer,0,/prix/3190656/ryobi-ehg2020lcd.html
94,4777,Pistolet à air chaud EHG2020LCD Ryobi 5133001730,67.99,EUR,false,Conrad.fr,/go/3254686987312955596.html?categoryId=14152&offerKey=d3c2af9752adf800b0d5fb4fd22148a4&offerListId=3190656-4B371BD527156AA01E3416E12A7C5D4A&pos=7&price=67.99&productid=3190656&sid=286907&type=offer,0,/prix/3190656/ryobi-ehg2020lcd.html
95,4777,Décapeur thermique RYOBI 2000W affichage LCD EHG2020LCD,69.57,EUR,false,Ubaldi.com (Marketplace),/go/3221509304106357628.html?categoryId=14152&offerKey=b5a6c96ee6a44b88f46908547637763b&offerListId=3190656-4B371BD527156AA01E3416E12A7C5D4A&pos=8&price=69.57&productid=3190656&sid=316737&type=offer,0,/prix/3190656/ryobi-ehg2020lcd.html
96,4777,"
document.getElementById(""result-8-offerinfo"").title = document.getElementById(""result-8-offerinfo"").innerHTML = idealoApp.getContents('sU624FE6j42A6FC E96C\>:BF6 #*~qx a___( 277:49286 {rs twva_a_{rs');
",69.99,EUR,false,espace-bricolage,/go/3243624209143825971.html?categoryId=14152&offerKey=a409d02a8d39bbf8ee60580f5aac1761&offerListId=3190656-4B371BD527156AA01E3416E12A7C5D4A&pos=9&price=69.99&productid=3190656&sid=24572&type=offer,0,/prix/3190656/ryobi-ehg2020lcd.html
97,4777,Ryobi Décapeur thermique 2000W EHG2020LCD 5133001730,69.99,EUR,false,Rueducommerce.fr (Marketplace),/go/3213754689512285702.html?categoryId=14152&offerKey=b446e47c7a0489bbbee5fb0cd76f5ed8&offerListId=3190656-4B371BD527156AA01E3416E12A7C5D4A&pos=10&price=69.99&productid=3190656&sid=25482&type=offer,0,/prix/3190656/ryobi-ehg2020lcd.html
98,4777,Décapeur thermique Ryobi Ryobi - décapeur thermique 2000 w affichage lcd - ehg2020lcd,72.9,EUR,false,Darty.com (Marketplace),/go/3208673917650611199.html?categoryId=14152&offerKey=0c6d9e767d839569a74b6130874e87d4&offerListId=3190656-4B371BD527156AA01E3416E12A7C5D4A&pos=11&price=72.90&productid=3190656&sid=316364&type=offer,0,/prix/3190656/ryobi-ehg2020lcd.html
99,4777,Ryobi Décapeur thermique 2000W EHG2020LCD 5133001730,74.78,EUR,false,Rueducommerce.fr (Marketplace),/go/3240932058173800892.html?categoryId=14152&offerKey=f0810833e4ebc20a8e367b19fe973052&offerListId=3190656-4B371BD527156AA01E3416E12A7C5D4A&pos=12&price=74.78&productid=3190656&sid=25482&type=offer,0,/prix/3190656/ryobi-ehg2020lcd.html
100,4777,Ryobi Décapeur thermique 2000W EHG2020LCD 5133001730,75.48,EUR,false,Rueducommerce.fr (Marketplace),/go/3268115802431163127.html?categoryId=14152&offerKey=87f7036128916ba7a2078704904c1480&offerListId=3190656-4B371BD527156AA01E3416E12A7C5D4A&pos=13&price=75.48&productid=3190656&sid=25482&type=offer,0,/prix/3190656/ryobi-ehg2020lcd.html
101,4777,Ryobi Décapeur thermique EHG2020LCD,77.18,EUR,false,Mytoolstore.fr,/go/7388734504.html?categoryId=14152&offerKey=580a878b2d7e0d75d699fc13a8aef362&offerListId=3190656-4B371BD527156AA01E3416E12A7C5D4A&pos=14&price=77.18&productid=3190656&sid=29224&type=offer,0,/prix/3190656/ryobi-ehg2020lcd.html
102,4777,Ryobi Décapeur thermique 2000W EHG2020LCD 5133001730,79.05,EUR,false,Rueducommerce.fr (Marketplace),/go/3213754911145600903.html?categoryId=14152&offerKey=9ec4c6ba43184af5d9ff372f3bbd4bb5&offerListId=3190656-4B371BD527156AA01E3416E12A7C5D4A&pos=15&price=79.05&productid=3190656&sid=25482&type=offer,0,/prix/3190656/ryobi-ehg2020lcd.html
103,4788,"
document.getElementById(""result-0-offerinfo"").title = document.getElementById(""result-0-offerinfo"").innerHTML = idealoApp.getContents('$6E @FE:= \>F=UD9JjE:UD9Jj7@?4UD9JjE:@?D ``d A4D #J@3: tw%`d_\' d`bb___fdc');
",50.26,EUR,false,espace-bricolage,/go/3179151962832642048.html?categoryId=3706&offerKey=2ed160d04aaf9e54630b850c01937d54&offerListId=3010429-4A0DCCF5AA7E2BDD0788528D7717D17E&pos=1&price=50.26&productid=3010429&sid=24573&type=offer,0,/prix/3010429/ryobi-eht150v.html
104,4788,"
document.getElementById(""result-1-offerinfo"").title = document.getElementById(""result-1-offerinfo"").innerHTML = idealoApp.getContents('$6E @FE:= \>F=UD9JjE:UD9Jj7@?4UD9JjE:@?D ``d A4D #J@3: tw%`d_\' d`bb___fdc');
",55.66,EUR,false,Amazon.fr,/go/3218964757298029913.html?categoryId=3706&offerKey=7901c0bc4ae70e6587743ea7905a3e91&offerListId=3010429-4A0DCCF5AA7E2BDD0788528D7717D17E&pos=2&price=55.66&productid=3010429&sid=12003&type=offer,0,/prix/3010429/ryobi-eht150v.html
105,4788,Coffret outils mul­ti­fonc­tions RYOBI 150W - 115 ac­ces­soires - arbre flexible - support té­les­co­pique EHT150V,55.66,EUR,false,ManoMano.fr,/go/7775254983.html?categoryId=3706&offerKey=4f9b22a1119e5c1641a194ec30a7e21e&offerListId=3010429-4A0DCCF5AA7E2BDD0788528D7717D17E&pos=3&price=55.66&productid=3010429&sid=291209&type=offer,0,/prix/3010429/ryobi-eht150v.html
106,4788,Outil mul­ti­fonc­tion 150W EHT150V,58.9,EUR,false,Rakuten.com FR,/go/1944564951.html?categoryId=3706&offerKey=32a354d7f2d22526e1a69fbe57311d70&offerListId=3010429-4A0DCCF5AA7E2BDD0788528D7717D17E&pos=4&price=58.90&productid=3010429&sid=26246&type=offer,0,/prix/3010429/ryobi-eht150v.html
107,4788,Outil mul­ti­fonc­tion avec ac­ces­soires Ryobi EHT150V,63.0,EUR,false,Rotopino.fr,/go/9210783759.html?categoryId=3706&offerKey=52aa00a9745852230d8f32222aba6038&offerListId=3010429-4A0DCCF5AA7E2BDD0788528D7717D17E&pos=5&price=63.00&productid=3010429&sid=287166&type=offer,0,/prix/3010429/ryobi-eht150v.html
108,4788,Ryobi Coffret outils mul­ti­fonc­tions 150W - 115 ac­ces­soires - arbre flexible - support té­les­co­pique EHT150V,64.11,EUR,false,Rueducommerce.fr (Marketplace),/go/3268420952785949775.html?categoryId=3706&offerKey=f464e6fd40161c575316db603bfb528b&offerListId=3010429-4A0DCCF5AA7E2BDD0788528D7717D17E&pos=6&price=64.11&productid=3010429&sid=25482&type=offer,0,/prix/3010429/ryobi-eht150v.html
109,4788,Ryobi Coffret outils mul­ti­fonc­tions 150W - 115 ac­ces­soires - arbre flexible - support té­les­co­pique EHT150V,67.1,EUR,false,Rueducommerce.fr (Marketplace),/go/3235856482593407998.html?categoryId=3706&offerKey=06b0fe7b8697c3f088ca29cde30faf10&offerListId=3010429-4A0DCCF5AA7E2BDD0788528D7717D17E&pos=7&price=67.10&productid=3010429&sid=25482&type=offer,0,/prix/3010429/ryobi-eht150v.html
110,4788,Ryobi EHT150V Outil mul­ti­fonc­tion + Set d'ac­ces­soires 115 pièces dans coffret - 150W,67.49,EUR,false,Fixami.fr,/go/3235106719409375004.html?categoryId=3706&offerKey=957545cd6ee6b358595f601da965b526&offerListId=3010429-4A0DCCF5AA7E2BDD0788528D7717D17E&pos=8&price=67.49&productid=3010429&sid=306120&type=offer,0,/prix/3010429/ryobi-eht150v.html
111,4788,Ryobi EHT150V 150 W Outil mul­ti­fonc­tion - avec 115 ac­ces­soires,69.9,EUR,false,Mytoolstore.fr,/go/3229324282532201360.html?categoryId=3706&offerKey=7bdb5d2ac0a85f963d1b179d74f609e9&offerListId=3010429-4A0DCCF5AA7E2BDD0788528D7717D17E&pos=9&price=69.90&productid=3010429&sid=29224&type=offer,0,/prix/3010429/ryobi-eht150v.html
112,4788,"
document.getElementById(""result-9-offerinfo"").title = document.getElementById(""result-9-offerinfo"").innerHTML = idealoApp.getContents('#J@3: tw%`d_\' `d_ ( ~FE:= \>F=UD9JjE:UD9Jj7@?4UD9JjE:@? \\ 2G64 ``d 24UD9Jj46DUD9JjD@:C6D');
",71.9,EUR,false,mytoolstore_fr,/go/3243764182994125689.html?categoryId=3706&offerKey=17d88a96d357f0d186ba8fb79fc93528&offerListId=3010429-4A0DCCF5AA7E2BDD0788528D7717D17E&pos=10&price=71.90&productid=3010429&sid=24572&type=offer,0,/prix/3010429/ryobi-eht150v.html
113,4788,"Outil mul­ti­fonc­tion + ac­ces­soires, + mallette Ryobi EHT150V 5133000754 230 V 150 W",73.99,EUR,false,Conrad.fr,/go/3254686982256723335.html?categoryId=3706&offerKey=e45bfdfdeaa26dbaeb8cb0c6f3015a37&offerListId=3010429-4A0DCCF5AA7E2BDD0788528D7717D17E&pos=11&price=73.99&productid=3010429&sid=286907&type=offer,0,/prix/3010429/ryobi-eht150v.html
114,4788,Ryobi Coffret outils mul­ti­fonc­tions 150W - 115 ac­ces­soires - arbre flexible - support té­les­co­pique EHT150V,74.0,EUR,false,Rueducommerce.fr (Marketplace),/go/3267198949965956793.html?categoryId=3706&offerKey=22cf164a509be30e40edca8a3e0aec27&offerListId=3010429-4A0DCCF5AA7E2BDD0788528D7717D17E&pos=12&price=74.00&productid=3010429&sid=25482&type=offer,0,/prix/3010429/ryobi-eht150v.html
115,4788,Ryobi Coffret outils mul­ti­fonc­tions 150W - 115 ac­ces­soires - arbre flexible - support té­les­co­pique EHT150V,74.81,EUR,false,Rueducommerce.fr (Marketplace),/go/3213755113474634607.html?categoryId=3706&offerKey=101884905eff86a022d12f71cb202811&offerListId=3010429-4A0DCCF5AA7E2BDD0788528D7717D17E&pos=13&price=74.81&productid=3010429&sid=25482&type=offer,0,/prix/3010429/ryobi-eht150v.html
116,4788,Coffret outils mul­ti­fonc­tions RYOBI 150W - 115 ac­ces­soires - arbre flexible - support té­les­co­pique EHT150V,76.07,EUR,false,Ubaldi.com (Marketplace),/go/3221509303473015410.html?categoryId=3706&offerKey=a1e4f35dfd238fba9be076ab95277f3e&offerListId=3010429-4A0DCCF5AA7E2BDD0788528D7717D17E&pos=14&price=76.07&productid=3010429&sid=316737&type=offer,0,/prix/3010429/ryobi-eht150v.html
117,4788,Ryobi Coffret outils mul­ti­fonc­tions 150W - 115 ac­ces­soires - arbre flexible - support té­les­co­pique EHT150V,76.57,EUR,false,Rueducommerce.fr (Marketplace),/go/3213755008398929137.html?categoryId=3706&offerKey=2d3933aa9731065617eb6a82bf8c2e9a&offerListId=3010429-4A0DCCF5AA7E2BDD0788528D7717D17E&pos=15&price=76.57&productid=3010429&sid=25482&type=offer,0,/prix/3010429/ryobi-eht150v.html
118,4828,"
document.getElementById(""result-0-offerinfo"").title = document.getElementById(""result-0-offerinfo"").innerHTML = idealoApp.getContents('#J@3: ~?6 Z `g \' ~AE`gcd !@=6 %2:==6\\w2:6D D2?D u:=[ {2\>6 56 cd 4\> Wr@CAD F?:UD9JjBF6UD9Jj\>6?EX[ ~!%`gcd[ `g\'');
",109.28,EUR,false,espace-bricolage,/go/9415636089.html?categoryId=11274&offerKey=b4c2619148b8a80065f9727fe7ac0799&offerListId=5098146-9CA9AADD92DD65229856E44E985BCB52&pos=1&price=109.28&productid=5098146&sid=24573&type=offer,0,/prix/5098146/ryobi-opt1845.html
119,4828,"DESTOCKAGE Taille-haie sur perche 45cm , sur batterie 18V RYOBI Opt1845",109.99,EUR,false,Superperfo.fr,/go/3207776291075928157.html?categoryId=11274&offerKey=a3fac694c4072c1c2b0f3461a0ff616f&offerListId=5098146-9CA9AADD92DD65229856E44E985BCB52&pos=2&price=109.99&productid=5098146&sid=315080&type=offer,0,/prix/5098146/ryobi-opt1845.html
120,4828,"
document.getElementById(""result-2-offerinfo"").title = document.getElementById(""result-2-offerinfo"").innerHTML = idealoApp.getContents('#J@3: ~?6 Z `g \' ~AE`gcd !@=6 %2:==6\\w2:6D D2?D u:=[ {2\>6 56 cd 4\> Wr@CAD F?:UD9JjBF6UD9Jj\>6?EX[ ~!%`gcd[ `g\'');
",119.0,EUR,false,Amazon.fr,/go/3210607926053974550.html?categoryId=11274&offerKey=58f16e3dcef54212b6aae4bc1ddaf273&offerListId=5098146-9CA9AADD92DD65229856E44E985BCB52&pos=3&price=119.00&productid=5098146&sid=12003&type=offer,0,/prix/5098146/ryobi-opt1845.html
121,4828,RYOBI Taille-haie sur perche - 18V - Lame 45 cm,119.0,EUR,false,Cdiscount.com,/go/3204069630620473349.html?categoryId=11274&offerKey=dab1404efd7972b048687565f2bae2cd&offerListId=5098146-9CA9AADD92DD65229856E44E985BCB52&pos=4&price=119.00&productid=5098146&sid=29061&type=offer,0,/prix/5098146/ryobi-opt1845.html
122,4828,Taille-haies RYOBI 18V OnePlus sans batterie ni chargeur OPT1845,121.68,EUR,false,ManoMano.fr,/go/8209002482.html?categoryId=11274&offerKey=d7b9afe2ddb267f9b0aa19f71ec687bb&offerListId=5098146-9CA9AADD92DD65229856E44E985BCB52&pos=5&price=121.68&productid=5098146&sid=291209&type=offer,0,/prix/5098146/ryobi-opt1845.html
123,4828,Ryobi Taille-haies sur perche 18 V ONE+ OPT1845 sans batterie ni chargeur,129.4,EUR,false,Mytoolstore.fr,/go/3229324294462898612.html?categoryId=11274&offerKey=4b2cfdeabe7c3814b4f00535f559221b&offerListId=5098146-9CA9AADD92DD65229856E44E985BCB52&pos=6&price=129.40&productid=5098146&sid=29224&type=offer,0,/prix/5098146/ryobi-opt1845.html
124,4828,Taille-haies RYOBI 18V OnePlus sans batterie ni chargeur OPT1845,129.56,EUR,false,Ubaldi.com (Marketplace),/go/3221509311674978408.html?categoryId=11274&offerKey=14cd93aead0d01aaf87c8c3ee3fc4e6c&offerListId=5098146-9CA9AADD92DD65229856E44E985BCB52&pos=7&price=129.56&productid=5098146&sid=316737&type=offer,0,/prix/5098146/ryobi-opt1845.html
125,4828,"
document.getElementById(""result-7-offerinfo"").title = document.getElementById(""result-7-offerinfo"").innerHTML = idealoApp.getContents('%2:==6\\92:6D #*~qx `g\' ~?6!=FD D2?D 32EE6C:6 ?: 492C86FC ~!%`gcd');
",129.98,EUR,false,espace-bricolage,/go/3253072765749562029.html?categoryId=11274&offerKey=75738ccb1290bbc5008e6101228f4985&offerListId=5098146-9CA9AADD92DD65229856E44E985BCB52&pos=8&price=129.98&productid=5098146&sid=24572&type=offer,0,/prix/5098146/ryobi-opt1845.html
126,4828,Ryobi Taille-haies sur perche 18 V ONE+ OPT1845 sans batterie ni chargeur,131.5,EUR,false,Rakuten.com FR,/go/8209060292.html?categoryId=11274&offerKey=c56006ea383f3e37b08578745029bedd&offerListId=5098146-9CA9AADD92DD65229856E44E985BCB52&pos=9&price=131.50&productid=5098146&sid=26246&type=offer,0,/prix/5098146/ryobi-opt1845.html
127,4828,Taille-haies Ryobi ONE+ OPT1845,136.0,EUR,false,Rotopino.fr,/go/9963102944.html?categoryId=11274&offerKey=3eef83012496bd840a910c52ccee1194&offerListId=5098146-9CA9AADD92DD65229856E44E985BCB52&pos=10&price=136.00&productid=5098146&sid=287166&type=offer,0,/prix/5098146/ryobi-opt1845.html
128,4828,"As­pi­ra­teur, souffleur de jardin Ryobi Taille-haies ryobi 18v oneplus sans batterie ni chargeur opt1845",137.08,EUR,false,Darty.com (Marketplace),/go/3238317143265116880.html?categoryId=11274&offerKey=57a1260cc6c25e64cdd742a217b89ee8&offerListId=5098146-9CA9AADD92DD65229856E44E985BCB52&pos=11&price=137.08&productid=5098146&sid=316364&type=offer,0,/prix/5098146/ryobi-opt1845.html
129,4828,Taille-haies sur perche 18V (sans batterie) - Ryobi,142.87,EUR,false,Fnac.com (Marketplace),/go/3252355707380434396.html?categoryId=11274&offerKey=f01e3a02ddde4ca4444753da4f047c66&offerListId=5098146-9CA9AADD92DD65229856E44E985BCB52&pos=12&price=142.87&productid=5098146&sid=307622&type=offer,0,/prix/5098146/ryobi-opt1845.html
130,4847,"
document.getElementById(""result-0-offerinfo"").title = document.getElementById(""result-0-offerinfo"").innerHTML = idealoApp.getContents('#J@3: #|%`a_``{ ~FE:= \>F=UD9JjE:UD9Jj7@?4UD9JjE:@? D2?D 7:= 244F {:\\x@? d`bb__``dc');
",132.01,EUR,false,,/go/3248544145251238652.html?categoryId=27733&offerKey=b6c265ba62e6fac02b6880be4e3e6575&offerListId=3297249-8F132BF61AE9A254C10D70D672060171&pos=1&price=132.01&productid=3297249&sid=24573&type=offer,0,/prix/3297249/ryobi-rmt12011l.html
131,4847,"
document.getElementById(""result-1-offerinfo"").title = document.getElementById(""result-1-offerinfo"").innerHTML = idealoApp.getContents('#J@3: #|%`a_``{ ~FE:= \>F=UD9JjE:UD9Jj7@?4UD9JjE:@? D2?D 7:= 244F {:\\x@? d`bb__``dc');
",153.62,EUR,false,Amazon.fr,/go/7305081415.html?categoryId=27733&offerKey=1a4d942822d27a61e366e79f8a6a96ac&offerListId=3297249-8F132BF61AE9A254C10D70D672060171&pos=2&price=153.62&productid=3297249&sid=12003&type=offer,0,/prix/3297249/ryobi-rmt12011l.html
132,4851,Turbine d'arrosage de jardin du pied,26.05,EUR,false,Rakuten.com FR,/go/1191455628.html?categoryId=22077&offerKey=6275bdc2a46146d5ef050f6bb1492d1e&offerListId=1490784-7A2E32F906FE5901FD45468103763B87&pos=1&price=26.05&productid=1490784&sid=26246&type=offer,0,/prix/1490784/gardena-turbine-d-arrosage-comfort-8143-20.html
133,4851,"GARDENA 8143-20 arroseur Système d'as­per­sion d'eau rotatif Gris, Orange",27.99,EUR,false,Alternate.fr,/go/3234607740038941326.html?categoryId=22077&offerKey=f4834586516259ee578c5cb87601766d&offerListId=1490784-7A2E32F906FE5901FD45468103763B87&pos=2&price=27.99&productid=1490784&sid=291809&type=offer,0,/prix/1490784/gardena-turbine-d-arrosage-comfort-8143-20.html
134,4851,GARDENA Comfort Arroseur à turbine 8143-20 75 - 450 m²,29.23,EUR,false,ManoMano.fr,/go/3257425274219793159.html?categoryId=22077&offerKey=bf2494a6db21a2538d4ef7faaf1c447a&offerListId=1490784-7A2E32F906FE5901FD45468103763B87&pos=3&price=29.23&productid=1490784&sid=291209&type=offer,0,/prix/1490784/gardena-turbine-d-arrosage-comfort-8143-20.html
135,4851,Gardena - Turbine d'arrosage de jardin du pied,29.23,EUR,false,Fnac.com (Marketplace),/go/3252355709951542415.html?categoryId=22077&offerKey=afc7a0b80254bb946117a249397d819c&offerListId=1490784-7A2E32F906FE5901FD45468103763B87&pos=4&price=29.23&productid=1490784&sid=307622&type=offer,0,/prix/1490784/gardena-turbine-d-arrosage-comfort-8143-20.html
136,4851,GARDENA Comfort Arroseur à turbine 8143-20 75 - 450 m²,29.23,EUR,false,Conrad.fr,/go/3266774516690323963.html?categoryId=22077&offerKey=924290d00921c03ec24f36712de0e72e&offerListId=1490784-7A2E32F906FE5901FD45468103763B87&pos=5&price=29.23&productid=1490784&sid=286907&type=offer,0,/prix/1490784/gardena-turbine-d-arrosage-comfort-8143-20.html
137,4851,"
document.getElementById(""result-5-offerinfo"").title = document.getElementById(""result-5-offerinfo"").innerHTML = idealoApp.getContents('v2C56?2 %FC3:?6 5V2CC@D286 DFC EC2U:4:C4j?62F r@\>7@CE 56 2CC@D6FCD 56 A6=@FD6 A@FC 8C2?56D DFC7246D ;FDBFVU28C2G6j cd_ \>UDFAaj[ CU624FE6j8=286 6? 4@?E:?F 56 =2 A@CEU624FE6j6[ 7:=EC6 2?UD9JjE:\\D2UD9Jj=6UD9JjEU624FE6jD :?EU624FE6j8CU624FE6j Wg`cb\\a_X');
",33.32,EUR,false,get goods,/go/3239755928796397842.html?categoryId=22077&offerKey=b46bd4e34c0e851be481268a5556b7ab&offerListId=1490784-7A2E32F906FE5901FD45468103763B87&pos=6&price=33.32&productid=1490784&sid=24573&type=offer,0,/prix/1490784/gardena-turbine-d-arrosage-comfort-8143-20.html
138,4851,Gardena Turbine sur traîneau,34.8,EUR,false,Mytoolstore.fr,/go/3229324281080973774.html?categoryId=22077&offerKey=1853702b3f8a691e85f8b97c3292052f&offerListId=1490784-7A2E32F906FE5901FD45468103763B87&pos=7&price=34.80&productid=1490784&sid=29224&type=offer,0,/prix/1490784/gardena-turbine-d-arrosage-comfort-8143-20.html
139,4851,Arroseur à turbine Gardena,40.0,EUR,false,Rotopino.fr,/go/5240186002.html?categoryId=22077&offerKey=4f56aaac739f2e3814e2b8075f2a0241&offerListId=1490784-7A2E32F906FE5901FD45468103763B87&pos=8&price=40.00&productid=1490784&sid=287166&type=offer,0,/prix/1490784/gardena-turbine-d-arrosage-comfort-8143-20.html
140,4851,GARDENA Arroseur Comfort 450 m² 8143-20 409688,45.85,EUR,false,VidaXL.fr,/go/3262096666211123677.html?categoryId=22077&offerKey=88cb75e1bf97b09a1f815c37613fa6a8&offerListId=1490784-7A2E32F906FE5901FD45468103763B87&pos=9&price=45.85&productid=1490784&sid=278537&type=offer,0,/prix/1490784/gardena-turbine-d-arrosage-comfort-8143-20.html
141,4852,"
document.getElementById(""result-0-offerinfo"").title = document.getElementById(""result-0-offerinfo"").innerHTML = idealoApp.getContents('!:DE@=6E 5V2CC@D286 6E ?6EE@J286 r@\>7@CE 56 vp#st}p i A:DE@=6E A@FC =6 ?6EE@J286 6E =2 AF=UD9JjGU624FE6jUD9JjC:UD9JjD2UD9JjE:@?[ CU624FE6jD:DE2?E 2F 86= W`gb_b\\a_X');
",10.99,EUR,false,Amazon.fr,/go/3261339947352721357.html?categoryId=22076&offerKey=b02467e0006058f4f3de14b11f968daf&offerListId=5364386-CF205413B120063B71FAE6B36CDA870F&pos=1&price=10.99&productid=5364386&sid=12003&type=offer,0,/prix/5364386/gardena-18303-20.html
142,4852,Pistolet de nettoyage Gardena Comfort,10.99,EUR,false,Fnac.com,/go/3210451678117499310.html?categoryId=22076&offerKey=1624aa8655d434a6f57ba280fbacc596&offerListId=5364386-CF205413B120063B71FAE6B36CDA870F&pos=2&price=10.99&productid=5364386&sid=25536&type=offer,0,/prix/5364386/gardena-18303-20.html
143,4852,"GARDENA 18303-20 pistolet eau / buses Embout pistolet d'arrosage de jardin Noir, Gris, Orange, Pistolet de pul­vé­ri­sa­tion",12.29,EUR,false,Alternate.fr,/go/8411464020.html?categoryId=22076&offerKey=45e917acad5dc0ae4178d540fe053f69&offerListId=5364386-CF205413B120063B71FAE6B36CDA870F&pos=3&price=12.29&productid=5364386&sid=291809&type=offer,0,/prix/5364386/gardena-18303-20.html
144,4852,Gardena Rei­ni­gung­ss­pritze Comfort,13.71,EUR,false,Rakuten.com FR,/go/8558319767.html?categoryId=22076&offerKey=8f78bd003668684de7dce31765a6d4f7&offerListId=5364386-CF205413B120063B71FAE6B36CDA870F&pos=4&price=13.71&productid=5364386&sid=26246&type=offer,0,/prix/5364386/gardena-18303-20.html
145,4852,"
document.getElementById(""result-4-offerinfo"").title = document.getElementById(""result-4-offerinfo"").innerHTML = idealoApp.getContents('!:DE@=6E 5V2CC@D286 6E ?6EE@J286 r@\>7@CE 56 vp#st}p i A:DE@=6E A@FC =6 ?6EE@J286 6E =2 AF=UD9JjGU624FE6jUD9JjC:UD9JjD2UD9JjE:@?[ CU624FE6jD:DE2?E 2F 86= W`gb_b\\a_X');
",14.06,EUR,false,get goods,/go/3250061880330291556.html?categoryId=22076&offerKey=be8d0a4e4ea361a20f86fad6d8835823&offerListId=5364386-CF205413B120063B71FAE6B36CDA870F&pos=5&price=14.06&productid=5364386&sid=24573&type=offer,0,/prix/5364386/gardena-18303-20.html
146,4852,Pistolet de nettoyage Gardena Comfort,14.11,EUR,false,Fnac.com (Marketplace),/go/3252355705939690611.html?categoryId=22076&offerKey=eaba8e33dfea3aa73c2c1a19de80ca70&offerListId=5364386-CF205413B120063B71FAE6B36CDA870F&pos=6&price=14.11&productid=5364386&sid=307622&type=offer,0,/prix/5364386/gardena-18303-20.html
147,4852,Pistolet de nettoyage GARDENA 18303-20,14.11,EUR,false,Conrad.fr,/go/3254686454988670570.html?categoryId=22076&offerKey=61bb6cdbfc589dfe8cae1037f2bdcc91&offerListId=5364386-CF205413B120063B71FAE6B36CDA870F&pos=7&price=14.11&productid=5364386&sid=286907&type=offer,0,/prix/5364386/gardena-18303-20.html
148,4852,Pistolet de nettoyage comfort blister,15.52,EUR,false,ManoMano.fr,/go/3186717733186189725.html?categoryId=22076&offerKey=46efecaed2b05688c049d1daf906e0d0&offerListId=5364386-CF205413B120063B71FAE6B36CDA870F&pos=8&price=15.52&productid=5364386&sid=291209&type=offer,0,/prix/5364386/gardena-18303-20.html
149,4852,Pistolet de nettoyage multijet comfort 18303-20 gardena,16.9,EUR,false,Alexis-robert-bricolage.com,/go/3222599238940634281.html?categoryId=22076&offerKey=af03e81418de119fbe5e4ba8c96bd363&offerListId=5364386-CF205413B120063B71FAE6B36CDA870F&pos=9&price=16.90&productid=5364386&sid=288310&type=offer,0,/prix/5364386/gardena-18303-20.html
150,4852,Gardena Pistolet de nettoyage Comfort - 18303-20,17.88,EUR,false,Mytoolstore.fr,/go/3229324298818684795.html?categoryId=22076&offerKey=03f92547fda23bfbd60ec8356888e1ab&offerListId=5364386-CF205413B120063B71FAE6B36CDA870F&pos=10&price=17.88&productid=5364386&sid=29224&type=offer,0,/prix/5364386/gardena-18303-20.html
151,4852,Pistolet multi-jets Gardena 18303-20,19.89,EUR,false,Toolstation.fr,/go/3214984547911340112.html?categoryId=22076&offerKey=2db719fabaa82ef987813ec047fc3ea9&offerListId=5364386-CF205413B120063B71FAE6B36CDA870F&pos=11&price=19.89&productid=5364386&sid=311283&type=offer,0,/prix/5364386/gardena-18303-20.html
152,4852,GARDENA - Pistolet de Nettoyage Comfort,25.42,EUR,false,Ubaldi.com (Marketplace),/go/3221509424069741220.html?categoryId=22076&offerKey=22a250104718e5ba8b1c8fdd88d2c92b&offerListId=5364386-CF205413B120063B71FAE6B36CDA870F&pos=12&price=25.42&productid=5364386&sid=316737&type=offer,0,/prix/5364386/gardena-18303-20.html
153,4862,"Sika Multiseal, Bande d'étanchéité autocollante résistante à la déchirure, 300mm x 10m, Gris",51.92,EUR,false,espace-bricolage,/go/3219983737282370709.html?price=51.92&sid=24573&type=oc_offer,0,/type/7612894021950.html
154,4862,Bande d'étanchéité bitumineuse SIKA SikaMultiSeal - Gris - 300mm x 10m,57.06,EUR,false,ManoMano.fr,/go/3181459383108243531.html?price=57.06&sid=291209&type=oc_offer,0,/type/7612894021950.html
155,4862,SIKA - Bande d'étanchéité autocollante a froid - Gris - 10 m x 300 mm,57.9,EUR,false,Rakuten.com FR,/go/3168608834346295496.html?price=57.90&sid=26246&type=oc_offer,0,/type/7612894021950.html
156,4862,"Pistolet à colle, colle Sika Sika - bande d'étanchéité autocollante a froid - gris - 10 m x 300 mm",62.07,EUR,false,Darty.com (Marketplace),/go/3208673893260724364.html?price=62.07&sid=316364&type=oc_offer,0,/type/7612894021950.html
157,4862,"Sika Multiseal, Bande d'étanchéité autocollante résistante à la déchirure, 300mm x 10m, Gris",63.37,EUR,false,Amazon.fr,/go/7328452445.html?price=63.37&sid=12003&type=oc_offer,0,/type/7612894021950.html
158,4862,Bande d'étanchéité bitumineuse SIKA SikaMultiSeal - Gris - 300mm x 10m,65.33,EUR,false,espace-bricolage,/go/3263976585738322162.html?price=65.33&sid=24572&type=oc_offer,0,/type/7612894021950.html
159,4862,Sika Bande d'étanchéité autocollante a froid - Gris - 10 m x 300 mm,72.91,EUR,false,Rueducommerce.fr (Marketplace),/go/3254166943371886775.html?price=72.91&sid=25482&type=oc_offer,0,/type/7612894021950.html
160,4862,Sika Bande d'étanchéité autocollante a froid - Gris - 10 m x 300 mm,74.63,EUR,false,Rueducommerce.fr (Marketplace),/go/3251936971802543903.html?price=74.63&sid=25482&type=oc_offer,0,/type/7612894021950.html
161,4862,Bande d'étanchéité bitumineuse SIKA SikaMultiSeal - Gris - 300mm x 10m,76.01,EUR,false,Ubaldi.com (Marketplace),/go/3222693904325284968.html?price=76.01&sid=316737&type=oc_offer,0,/type/7612894021950.html
162,4862,Sika Bande d'étanchéité autocollante a froid - Gris - 10 m x 300 mm,85.2,EUR,false,Rueducommerce.fr (Marketplace),/go/3253209043285573904.html?price=85.20&sid=25482&type=oc_offer,0,/type/7612894021950.html
163,4862,Sika Bande d'étanchéité autocollante a froid - Gris - 10 m x 300 mm,85.63,EUR,false,Rueducommerce.fr (Marketplace),/go/3251937023432327407.html?price=85.63&sid=25482&type=oc_offer,0,/type/7612894021950.html
164,4898,BLACK & DECKER Scie sauteuse 400 W avec coffret et 5 lames,39.99,EUR,false,Cdiscount.com,/go/3166986205122270529.html?price=39.99&sid=29061&type=oc_offer,0,/type/5035048642818.html
165,4898,BLACK & DECKER Scie sauteuse 400 W avec coffret et 5 lames,49.67,EUR,false,ManoMano.fr,/go/3153177996911716288.html?price=49.67&sid=291209&type=oc_offer,0,/type/5035048642818.html
166,4898,BLACK & DECKER Scie sauteuse 400 W avec coffret et 5 lames,51.38,EUR,false,Rakuten.com FR,/go/9914110859.html?price=51.38&sid=26246&type=oc_offer,0,/type/5035048642818.html
167,4898,Black & Decker Scie sauteuse 400 W avec coffret et 5 lames,51.92,EUR,false,Rueducommerce.fr (Marketplace),/go/3265386730775118350.html?price=51.92&sid=25482&type=oc_offer,0,/type/5035048642818.html
168,4898,Black & Decker Scie sauteuse 400 W avec coffret et 5 lames,58.66,EUR,false,Rueducommerce.fr (Marketplace),/go/3213756279916868034.html?price=58.66&sid=25482&type=oc_offer,0,/type/5035048642818.html
169,4898,Black & Decker Scie sauteuse 400 W avec coffret et 5 lames,60.75,EUR,false,Rueducommerce.fr (Marketplace),/go/3222982085459318251.html?price=60.75&sid=25482&type=oc_offer,0,/type/5035048642818.html
170,4898,BLACK & DECKER SCIE SAUTEUSE 400 W AVEC COFFRET ET 5 LA,61.82,EUR,false,asdiscountsarl,/go/3265261327433597843.html?price=61.82&sid=24572&type=oc_offer,0,/type/5035048642818.html
171,4900,"
document.getElementById(""result-0-offerinfo"").title = document.getElementById(""result-0-offerinfo"").innerHTML = idealoApp.getContents('#J@3: ~?6 !=FD !F=UD9JjGU624FE6jUD9JjC:UD9JjD2UD9JjE6FC `g \'');
",99.05,EUR,false,get goods,/go/3242768709539857423.html?categoryId=12973&offerKey=c642a4359225a7a1bde6317dfcc03c0d&offerListId=3815709-7AEE90A359F0E62C0F94E4ED4D166BFF&pos=1&price=99.05&productid=3815709&sid=24573&type=offer,0,/prix/3815709/ryobi-p620-sans-batterie.html
172,4900,Ryobi One Plus Pul­vé­ri­sa­teur 18 V,103.73,EUR,false,Rakuten.com FR,/go/4316794477.html?categoryId=12973&offerKey=c3b7cf743d38b9b6a3e2866cb92d62a6&offerListId=3815709-7AEE90A359F0E62C0F94E4ED4D166BFF&pos=2&price=103.73&productid=3815709&sid=26246&type=offer,0,/prix/3815709/ryobi-p620-sans-batterie.html
173,4900,"
document.getElementById(""result-2-offerinfo"").title = document.getElementById(""result-2-offerinfo"").innerHTML = idealoApp.getContents('#J@3: ~?6 !=FD !F=UD9JjGU624FE6jUD9JjC:UD9JjD2UD9JjE6FC `g \'');
",105.0,EUR,false,Amazon.fr,/go/7311956478.html?categoryId=12973&offerKey=490710291cacabe790cb007c7ebcc62c&offerListId=3815709-7AEE90A359F0E62C0F94E4ED4D166BFF&pos=3&price=105.00&productid=3815709&sid=12003&type=offer,0,/prix/3815709/ryobi-p620-sans-batterie.html
174,4900,Pistolet pul­vé­ri­sa­teur sans fil Ryobi P620 >ONE+ sans batterie,105.0,EUR,false,Conrad.fr,/go/3254686214877349249.html?categoryId=12973&offerKey=b6574b049afd8cee5928c78b055f147b&offerListId=3815709-7AEE90A359F0E62C0F94E4ED4D166BFF&pos=4&price=105.00&productid=3815709&sid=286907&type=offer,0,/prix/3815709/ryobi-p620-sans-batterie.html
175,4900,Ryobi P620 Pistolet pul­vé­ri­sa­teur à batteries 18V Li-Ion (machine seule),105.99,EUR,false,Fixami.fr,/go/3235106717094120293.html?categoryId=12973&offerKey=cb38a52c25389f7621603291bcde9387&offerListId=3815709-7AEE90A359F0E62C0F94E4ED4D166BFF&pos=5&price=105.99&productid=3815709&sid=306120&type=offer,0,/prix/3815709/ryobi-p620-sans-batterie.html
176,4900,Pistolet à peinture Ryobi ONE+ P620,107.0,EUR,false,Rotopino.fr,/go/3186919943687900489.html?categoryId=12973&offerKey=26c3de8772b30d1e3ef5d5c809f4d2a1&offerListId=3815709-7AEE90A359F0E62C0F94E4ED4D166BFF&pos=6&price=107.00&productid=3815709&sid=287166&type=offer,0,/prix/3815709/ryobi-p620-sans-batterie.html
177,4900,"
document.getElementById(""result-6-offerinfo"").title = document.getElementById(""result-6-offerinfo"").innerHTML = idealoApp.getContents('#J@3: !:DE@=6E !F=UD9JjGU624FE6jUD9JjC:UD9JjD2UD9JjE6FC !ea_ D2?D 7:= D2?D 32EE6C:6 ?: 492C86FC');
",109.9,EUR,false,mytoolstore_fr,/go/3243764268578900337.html?categoryId=12973&offerKey=d1eb8eae38da78d5a014d3ae8595932b&offerListId=3815709-7AEE90A359F0E62C0F94E4ED4D166BFF&pos=7&price=109.90&productid=3815709&sid=24572&type=offer,0,/prix/3815709/ryobi-p620-sans-batterie.html
178,4900,Ryobi Pistolet Pul­vé­ri­sa­teur P620 sans fil sans batterie ni chargeur,110.3,EUR,false,Mytoolstore.fr,/go/3226990555445593315.html?categoryId=12973&offerKey=b12211af776b65a0aa7162b49a313253&offerListId=3815709-7AEE90A359F0E62C0F94E4ED4D166BFF&pos=8&price=110.30&productid=3815709&sid=29224&type=offer,0,/prix/3815709/ryobi-p620-sans-batterie.html
179,4900,Ryobi Promo - Pistolet de peinture à batterie 18V 1 Litre sans batterie P620,111.87,EUR,false,Rueducommerce.fr (Marketplace),/go/3213754496976959615.html?categoryId=12973&offerKey=e8b01b36af8da856c8fcff6690e5a451&offerListId=3815709-7AEE90A359F0E62C0F94E4ED4D166BFF&pos=9&price=111.87&productid=3815709&sid=25482&type=offer,0,/prix/3815709/ryobi-p620-sans-batterie.html
180,4900,Ryobi Promo - Pistolet de peinture à batterie 18V 1 Litre sans batterie P620,115.95,EUR,false,Rueducommerce.fr (Marketplace),/go/3267693271884759986.html?categoryId=12973&offerKey=c21523f05c75438b7f74d417ed3948c4&offerListId=3815709-7AEE90A359F0E62C0F94E4ED4D166BFF&pos=10&price=115.95&productid=3815709&sid=25482&type=offer,0,/prix/3815709/ryobi-p620-sans-batterie.html
181,4900,Ryobi Promo - Pistolet de peinture à batterie 18V 1 Litre sans batterie P620,115.96,EUR,false,Rueducommerce.fr (Marketplace),/go/3235856559592441711.html?categoryId=12973&offerKey=508b4ce2322b11fd0f2d4dcc6954daec&offerListId=3815709-7AEE90A359F0E62C0F94E4ED4D166BFF&pos=11&price=115.96&productid=3815709&sid=25482&type=offer,0,/prix/3815709/ryobi-p620-sans-batterie.html
182,4900,Pistolet à peinture Ryobi Ryobi - pistolet de peinture à batterie 18v 1 litre (sans batterie) - p620,118.69,EUR,false,Darty.com (Marketplace),/go/3267839154907513010.html?categoryId=12973&offerKey=4023b02bb067bc2d94998eff0ba965c6&offerListId=3815709-7AEE90A359F0E62C0F94E4ED4D166BFF&pos=12&price=118.69&productid=3815709&sid=316364&type=offer,0,/prix/3815709/ryobi-p620-sans-batterie.html
183,4900,Promo Ryobi - Pistolet de peinture à batterie 18V 1 Litre (sans batterie) - P620,121.39,EUR,false,ManoMano.fr,/go/3224151071129601834.html?categoryId=12973&offerKey=923078198ff9b052fbbca4e79f1fc12e&offerListId=3815709-7AEE90A359F0E62C0F94E4ED4D166BFF&pos=13&price=121.39&productid=3815709&sid=291209&type=offer,0,/prix/3815709/ryobi-p620-sans-batterie.html
184,4900,Ryobi Promo - Pistolet de peinture à batterie 18V 1 Litre sans batterie P620,121.39,EUR,false,Rueducommerce.fr (Marketplace),/go/3267198950423134836.html?categoryId=12973&offerKey=ad8bfa9ce90c90c247b65edee143765c&offerListId=3815709-7AEE90A359F0E62C0F94E4ED4D166BFF&pos=14&price=121.39&productid=3815709&sid=25482&type=offer,0,/prix/3815709/ryobi-p620-sans-batterie.html
185,4900,Ryobi Promo - Pistolet de peinture à batterie 18V 1 Litre sans batterie P620,124.05,EUR,false,Rueducommerce.fr (Marketplace),/go/3258641516628806632.html?categoryId=12973&offerKey=966d7d9895a0a622f842de692dd52c62&offerListId=3815709-7AEE90A359F0E62C0F94E4ED4D166BFF&pos=15&price=124.05&productid=3815709&sid=25482&type=offer,0,/prix/3815709/ryobi-p620-sans-batterie.html
186,4908,"
document.getElementById(""result-0-offerinfo"").title = document.getElementById(""result-0-offerinfo"").innerHTML = idealoApp.getContents('r:D2:==6 U28C2G6j 92:6D f__ % r@\>7@CE 56 vp#st}p i DU624FE6j42E6FC EU624FE6jUD9Jj=6DUD9Jj4@UD9JjA:BF6 ACU624FE6j4:D A@FC 92:6D 6E 2C3FDE6D U624FE6j=6GU624FE6jD[ f_\\h_ 4\>[ 3C2D 56 =6G:6C 6IUD9JjE6?UD9JjD:3=6D Wbhc\\a_X');
",36.89,EUR,false,Amazon.fr,/go/7319181775.html?categoryId=11274&offerKey=68c46f440b2bdd9f3661e24c745352a2&offerListId=1117580-B3BCD91BD74CFB9003CF20552A9DC323&pos=1&price=36.89&productid=1117580&sid=12003&type=offer,0,/prix/1117580/gardena-comfort-700-t-0394-20.html
187,4908,Cisaille à haies confort té­lé­sco­pique,40.85,EUR,false,Rakuten.com FR,/go/1141699633.html?categoryId=11274&offerKey=66854f45db6536225d080acb4635dad4&offerListId=1117580-B3BCD91BD74CFB9003CF20552A9DC323&pos=2&price=40.85&productid=1117580&sid=26246&type=offer,0,/prix/1117580/gardena-comfort-700-t-0394-20.html
188,4908,"GARDENA Cisaille à haies té­les­co­pique 700 T Comfort, Taille-haies",41.49,EUR,false,Alternate.fr,/go/3214964197708281511.html?categoryId=11274&offerKey=2f2a2b3fc4a5266040537857f99fdb04&offerListId=1117580-B3BCD91BD74CFB9003CF20552A9DC323&pos=3&price=41.49&productid=1117580&sid=291809&type=offer,0,/prix/1117580/gardena-comfort-700-t-0394-20.html
189,4908,Taille-haie Gardena 700 T Comfort - 250mm,41.69,EUR,false,Fixami.fr,/go/3235106879277370119.html?categoryId=11274&offerKey=4da0a8581f2c69ce0c51a2a4a4952c05&offerListId=1117580-B3BCD91BD74CFB9003CF20552A9DC323&pos=4&price=41.69&productid=1117580&sid=306120&type=offer,0,/prix/1117580/gardena-comfort-700-t-0394-20.html
190,4908,Taille-haies té­les­co­pique à main GARDENA 700 T 394-20,43.35,EUR,false,Conrad.fr,/go/3254686148338910550.html?categoryId=11274&offerKey=315ae34196a20442060a36c8db74d52a&offerListId=1117580-B3BCD91BD74CFB9003CF20552A9DC323&pos=5&price=43.35&productid=1117580&sid=286907&type=offer,0,/prix/1117580/gardena-comfort-700-t-0394-20.html
191,4908,"
document.getElementById(""result-5-offerinfo"").title = document.getElementById(""result-5-offerinfo"").innerHTML = idealoApp.getContents('r:D2:==6 U28C2G6j 92:6D f__ % r@\>7@CE 56 vp#st}p i DU624FE6j42E6FC EU624FE6jUD9Jj=6DUD9Jj4@UD9JjA:BF6 ACU624FE6j4:D A@FC 92:6D 6E 2C3FDE6D U624FE6j=6GU624FE6jD[ f_\\h_ 4\>[ 3C2D 56 =6G:6C 6IUD9JjE6?UD9JjD:3=6D Wbhc\\a_X');
",44.54,EUR,false,Solera Telecom AG,/go/3260023459670919256.html?categoryId=11274&offerKey=cf15720d623ac382bab86ae1a6da349b&offerListId=1117580-B3BCD91BD74CFB9003CF20552A9DC323&pos=6&price=44.54&productid=1117580&sid=24573&type=offer,0,/prix/1117580/gardena-comfort-700-t-0394-20.html
192,4908,Cisaille à haie 700 T Comfort té­les­co­pique,45.19,EUR,false,Ubaldi.com (Marketplace),/go/3221509483484160280.html?categoryId=11274&offerKey=4300c7a20c27e919f9afcfb0c4677d74&offerListId=1117580-B3BCD91BD74CFB9003CF20552A9DC323&pos=7&price=45.19&productid=1117580&sid=316737&type=offer,0,/prix/1117580/gardena-comfort-700-t-0394-20.html
193,4908,GARDENA- Cisailles à haies 700 T Comfort- 394-20,45.6,EUR,false,Bati-avenue.com,/go/3239134674921982029.html?categoryId=11274&offerKey=fd37f730b371222559154815394c9aa0&offerListId=1117580-B3BCD91BD74CFB9003CF20552A9DC323&pos=8&price=45.60&productid=1117580&sid=283034&type=offer,0,/prix/1117580/gardena-comfort-700-t-0394-20.html
194,4908,Cisaille à haies té­les­co­pique 700 T Comfort GARDENA 394-20,45.64,EUR,false,Debonix.fr,/go/3259986495678710860.html?categoryId=11274&offerKey=c0ddaeaa2b94a660df86981af0194ff0&offerListId=1117580-B3BCD91BD74CFB9003CF20552A9DC323&pos=9&price=45.64&productid=1117580&sid=277777&type=offer,0,/prix/1117580/gardena-comfort-700-t-0394-20.html
195,4908,Cisaille à haies té­les­co­pique 700 T Comfort GARDENA 394-20,45.64,EUR,false,ManoMano.fr,/go/3260516209216456794.html?categoryId=11274&offerKey=89c086526ed661a66329f1e6f0a0fe7c&offerListId=1117580-B3BCD91BD74CFB9003CF20552A9DC323&pos=10&price=45.64&productid=1117580&sid=291209&type=offer,0,/prix/1117580/gardena-comfort-700-t-0394-20.html
196,4908,Cisaille à haies té­les­co­pique 700 T Comfort,46.41,EUR,false,Fnac.com (Marketplace),/go/3252355710901553540.html?categoryId=11274&offerKey=85eb7c84dad120e49a998363f42c63e4&offerListId=1117580-B3BCD91BD74CFB9003CF20552A9DC323&pos=11&price=46.41&productid=1117580&sid=307622&type=offer,0,/prix/1117580/gardena-comfort-700-t-0394-20.html
197,4908,Gardena Cisaille à haies té­les­co­pique 700 T Comfort,46.83,EUR,false,Mytoolstore.fr,/go/1412553368.html?categoryId=11274&offerKey=9e79e4307d3f8ee682bfee2699a4ae4a&offerListId=1117580-B3BCD91BD74CFB9003CF20552A9DC323&pos=12&price=46.83&productid=1117580&sid=29224&type=offer,0,/prix/1117580/gardena-comfort-700-t-0394-20.html
198,4908,Cisaille à haie 700 t comfort 394-20 gardena,49.9,EUR,false,Alexis-robert-bricolage.com,/go/3222599233337038342.html?categoryId=11274&offerKey=87da8cc6ec8690931ccf3b411f3b536f&offerListId=1117580-B3BCD91BD74CFB9003CF20552A9DC323&pos=13&price=49.90&productid=1117580&sid=288310&type=offer,0,/prix/1117580/gardena-comfort-700-t-0394-20.html
199,4908,Gardena Comfort Hedge Hedge Trimmer 700 T dentelé GL 70-90cm ML 25cm Nouveau,51.5,EUR,false,Heiz24.de (FR),/go/3265807371137451138.html?categoryId=11274&offerKey=751cd9ca66738b780d675406516d91b7&offerListId=1117580-B3BCD91BD74CFB9003CF20552A9DC323&pos=14&price=51.50&productid=1117580&sid=287343&type=offer,0,/prix/1117580/gardena-comfort-700-t-0394-20.html
200,4908,Taille-haie té­lé­sco­pique Gardena Comfort 700 T,59.0,EUR,false,Rotopino.fr,/go/5243153671.html?categoryId=11274&offerKey=b5b66541bac1d4a7489fd5f6ab8c4495&offerListId=1117580-B3BCD91BD74CFB9003CF20552A9DC323&pos=15&price=59.00&productid=1117580&sid=287166&type=offer,0,/prix/1117580/gardena-comfort-700-t-0394-20.html
201,4929,Bordure décorative en métal CLASSIC METAL BORDER,18.86,EUR,false,ManoMano.fr,/go/3159746083295332443.html?price=18.86&sid=291209&type=oc_offer,0,/type/3260821700610.html
202,4929,Berge et bordure Intermas INTERMAS - Bordure décorative en métal CLASSIC METAL BORDER,20.67,EUR,false,Darty.com (Marketplace),/go/3238317108043450164.html?price=20.67&sid=316364&type=oc_offer,0,/type/3260821700610.html
203,4929,Intermas Bordure décorative en métal CLASSIC METAL BORDER,21.16,EUR,false,Centrale Brico,/go/3230900393403746387.html?price=21.16&sid=24573&type=oc_offer,0,/type/3260821700610.html
204,4929,Bordure de jardin métallique 1 mètre,23.9,EUR,false,Jardinetsaisons.fr,/go/3186959902350249989.html?price=23.90&sid=308464&type=oc_offer,0,/type/3260821700610.html
205,4929,Bordure Décorative En Métal Classic Metal Border Marron,27.35,EUR,false,Rakuten.com FR,/go/3159732233533663477.html?price=27.35&sid=26246&type=oc_offer,0,/type/3260821700610.html
206,4929,INTERMAS - Bordure décorative en métal CLASSIC METAL BORDER,28.9,EUR,false,Fnac.com (Marketplace),/go/3252355710872193397.html?price=28.90&sid=307622&type=oc_offer,0,/type/3260821700610.html
207,4935,Perceuse visseuse Ryobi RCD18-LL20S à batterie 18V 2Ah Li-Ion 50Nm,169.7,EUR,false,Rakuten.com FR,/go/9594438604.html?categoryId=3687&offerKey=6d2914760474d239cc2f835713a5e390&offerListId=5755091-59D6689D829E14514A116FC2FDC482CB&pos=1&price=169.70&productid=5755091&sid=26246&type=offer,0,/prix/5755091/ryobi-rcd18-ll20s.html
208,4935,Per­ceuse-vis­seuse Ryobi ONE+ RCD18-LL20S,180.0,EUR,false,Rotopino.fr,/go/3240923227897203326.html?categoryId=3687&offerKey=c3d83f35321c9ebf6f0659d785f813f8&offerListId=5755091-59D6689D829E14514A116FC2FDC482CB&pos=2&price=180.00&productid=5755091&sid=287166&type=offer,0,/prix/5755091/ryobi-rcd18-ll20s.html
209,4956,Pistolet à cartouche RYOBI 18 V OnePlus sans batterie ni chargeur CCG1801MHG,84.47,EUR,false,Ubaldi.com (Marketplace),/go/3267482752603128266.html?price=84.47&sid=316737&type=oc_offer,0,/type/3700812020926.html
210,4956,Pistolet à cartouche RYOBI 18 V OnePlus sans batterie ni chargeur CCG1801MHG,84.89,EUR,false,ManoMano.fr,/go/3267643288250746415.html?price=84.89&sid=291209&type=oc_offer,0,/type/3700812020926.html
211,4956,"Pistolet à colle, colle Ryobi Tools Pistolet à cartouche ryobi 18 v oneplus sans batterie ni chargeur ccg1801mhg",84.89,EUR,false,Darty.com (Marketplace),/go/3267839369414708050.html?price=84.89&sid=316364&type=oc_offer,0,/type/3700812020926.html
212,4956,Ryobi Pistolet à cartouche 18 V OnePlus sans batterie ni chargeur CCG1801MHG,84.89,EUR,false,Rueducommerce.fr (Marketplace),/go/3267693273218547887.html?price=84.89&sid=25482&type=oc_offer,0,/type/3700812020926.html
213,4956,Pistolet à cartouche RYOBI 18 V OnePlus sans batterie ni chargeur CCG1801MHG,84.89,EUR,false,espace-bricolage,/go/3267452120841847123.html?price=84.89&sid=24573&type=oc_offer,0,/type/3700812020926.html
